199 200
01011111010111001001000110111000011101111010110101001111111011011011111010010011111111011111001101110001010111101001110001001111011001000111011100111100001111111001001100101001111111111101110111101000
00000000000000000000100000000000000000000000000000000000000010000000000000000000100000000000000000001000000000000000000000000000000000000000100000000000000000001000000000000000000000000000000000000000
10000000000000000000100000000000000000001000000000000000000000000000000000000000100000000000000000001000000000000000000000000000000000000000100000000000000000000000000000000000000010000000000000000000
00000000000000000000000000000000000000001000000000000000000000000000000000000000000000000000000000000000000000000000000010000000000000000000000000000000000000001000000000000000000000000000000000000000
10000000000000000000000000000000000000001000000000000000000000000000000000000000000000000000000000000000000000000000000000000000000000000000100000000000000000001000000000000000000010000000000000000000
10000000000000000000100000000000000000001000000000000000000000000000000000000000100000000000000000000000000000000000000000000000000000000000100000000000000000001000000000000000000000000000000000000000
10000000000000000000000000000000000000000000000000000000000000000000000000000000000000000000000000001000000000000000000010000000000000000000100000000000000000001000000000000000000010000000000000000000
10000000000000000000100000000000000000000000000000000000000010000000000000000000100000000000000000000000000000000000000000000000000000000000000000000000000000001000000000000000000000000000000000000000
10000000000000000000000000000000000000001000000000000000000010000000000000000000100000000000000000001000000000000000000000000000000000000000100000000000000000001000000000000000000000000000000000000000
10000000000000000000100000000000000000001000000000000000000010000000000000000000100000000000000000000000000000000000000010000000000000000000000000000000000000001000000000000000000000000000000000000000
00000000000000000000100000000000000000000000000000000000000010000000000000000000100000000000000000001000000000000000000000000000000000000000100000000000000000000000000000000000000000000000000000000000
10000000000000000000100000000000000000000000000000000000000010000000000000000000100000000000000000001000000000000000000010000000000000000000000000000000000000001000000000000000000010000000000000000000
00000000000000000000000000000000000000001000000000000000000010000000000000000000000000000000000000000000000000000000000000000000000000000000000000000000000000000000000000000000000010000000000000000000
00000000000000000000000000000000000000000000000000000000000010000000000000000000000000000000000000001000000000000000000000000000000000000000000000000000000000001000000000000000000000000000000000000000
00000000000000000000100000000000000000001000000000000000000000000000000000000000100000000000000000001000000000000000000010000000000000000000100000000000000000001000000000000000000010000000000000000000
10000000000000000000000000000000000000001000000000000000000010000000000000000000100000000000000000001000000000000000000000000000000000000000000000000000000000000000000000000000000010000000000000000000
00000000000000000000100000000000000000001000000000000000000000000000000000000000000000000000000000001000000000000000000010000000000000000000100000000000000000001000000000000000000000000000000000000000
10000000000000000000100000000000000000001000000000000000000010000000000000000000100000000000000000000000000000000000000010000000000000000000100000000000000000000000000000000000000000000000000000000000
00000000000000000000100000000000000000001000000000000000000010000000000000000000100000000000000000000000000000000000000010000000000000000000100000000000000000001000000000000000000000000000000000000000
01100011001000111010110010101001010111010100110101000101111110110010110110111110110100111110111110001001111110111110010000110110001011010100001001111110011111100111111110011010011001100011111111111100
10000000000000000000100000000000000000000000000000000000000010000000000000000000100000000000000000000000000000000000000010000000000000000000100000000000000000000000000000000000000000000000000000000000
10000000000000000000000000000000000000001000000000000000000010000000000000000000000000000000000000000000000000000000000010000000000000000000100000000000000000001000000000000000000010000000000000000000
10000000000000000000000000000000000000000000000000000000000010000000000000000000000000000000000000000000000000000000000000000000000000000000000000000000000000000000000000000000000010000000000000000000
10000000000000000000000000000000000000000000000000000000000010000000000000000000100000000000000000001000000000000000000000000000000000000000000000000000000000000000000000000000000000000000000000000000
00000000000000000000000000000000000000000000000000000000000010000000000000000000100000000000000000000000000000000000000000000000000000000000100000000000000000001000000000000000000000000000000000000000
10000000000000000000100000000000000000001000000000000000000000000000000000000000000000000000000000001000000000000000000000000000000000000000000000000000000000000000000000000000000000000000000000000000
10000000000000000000000000000000000000000000000000000000000010000000000000000000000000000000000000001000000000000000000010000000000000000000000000000000000000001000000000000000000000000000000000000000
00000000000000000000000000000000000000000000000000000000000010000000000000000000000000000000000000001000000000000000000010000000000000000000100000000000000000001000000000000000000000000000000000000000
10000000000000000000100000000000000000001000000000000000000000000000000000000000000000000000000000001000000000000000000010000000000000000000100000000000000000000000000000000000000000000000000000000000
00000000000000000000000000000000000000000000000000000000000000000000000000000000000000000000000000001000000000000000000010000000000000000000100000000000000000000000000000000000000000000000000000000000
00000000000000000000100000000000000000000000000000000000000010000000000000000000000000000000000000000000000000000000000000000000000000000000000000000000000000000000000000000000000000000000000000000000
10000000000000000000000000000000000000000000000000000000000010000000000000000000100000000000000000001000000000000000000000000000000000000000100000000000000000000000000000000000000000000000000000000000
10000000000000000000100000000000000000000000000000000000000010000000000000000000000000000000000000000000000000000000000010000000000000000000000000000000000000000000000000000000000010000000000000000000
10000000000000000000100000000000000000001000000000000000000000000000000000000000100000000000000000001000000000000000000000000000000000000000000000000000000000000000000000000000000010000000000000000000
00000000000000000000000000000000000000000000000000000000000010000000000000000000100000000000000000001000000000000000000010000000000000000000000000000000000000001000000000000000000000000000000000000000
10000000000000000000100000000000000000000000000000000000000010000000000000000000100000000000000000001000000000000000000010000000000000000000100000000000000000001000000000000000000010000000000000000000
00000000000000000000100000000000000000001000000000000000000000000000000000000000000000000000000000000000000000000000000010000000000000000000100000000000000000001000000000000000000010000000000000000000
00000000000000000000000000000000000000001000000000000000000010000000000000000000100000000000000000000000000000000000000010000000000000000000100000000000000000000000000000000000000010000000000000000000
11101001010011100111100100010101011111111001010110101101111111011110010001010001111001111110111101011010111010111001010011111000100100101010010100101100001111111100111101110011101100101001110111001111
10000000000000000000000000000000000000000000000000000000000010000000000000000000100000000000000000001000000000000000000010000000000000000000100000000000000000001000000000000000000000000000000000000000
00000000000000000000100000000000000000001000000000000000000010000000000000000000100000000000000000000000000000000000000010000000000000000000100000000000000000001000000000000000000000000000000000000000
00000000000000000000000000000000000000001000000000000000000010000000000000000000100000000000000000000000000000000000000010000000000000000000100000000000000000001000000000000000000010000000000000000000
10000000000000000000100000000000000000000000000000000000000010000000000000000000000000000000000000001000000000000000000000000000000000000000000000000000000000000000000000000000000000000000000000000000
00000000000000000000100000000000000000001000000000000000000000000000000000000000100000000000000000001000000000000000000010000000000000000000000000000000000000000000000000000000000000000000000000000000
00000000000000000000000000000000000000001000000000000000000010000000000000000000100000000000000000000000000000000000000010000000000000000000100000000000000000000000000000000000000010000000000000000000
10000000000000000000100000000000000000000000000000000000000000000000000000000000100000000000000000001000000000000000000010000000000000000000000000000000000000000000000000000000000010000000000000000000
10000000000000000000100000000000000000001000000000000000000000000000000000000000000000000000000000000000000000000000000010000000000000000000100000000000000000001000000000000000000000000000000000000000
10000000000000000000000000000000000000000000000000000000000010000000000000000000000000000000000000001000000000000000000010000000000000000000100000000000000000001000000000000000000010000000000000000000
10000000000000000000100000000000000000001000000000000000000010000000000000000000000000000000000000001000000000000000000010000000000000000000000000000000000000000000000000000000000000000000000000000000
10000000000000000000000000000000000000000000000000000000000010000000000000000000000000000000000000001000000000000000000010000000000000000000000000000000000000000000000000000000000010000000000000000000
10000000000000000000000000000000000000000000000000000000000000000000000000000000100000000000000000001000000000000000000010000000000000000000000000000000000000000000000000000000000010000000000000000000
00000000000000000000100000000000000000000000000000000000000000000000000000000000100000000000000000001000000000000000000010000000000000000000000000000000000000001000000000000000000000000000000000000000
00000000000000000000100000000000000000001000000000000000000010000000000000000000100000000000000000000000000000000000000010000000000000000000100000000000000000001000000000000000000000000000000000000000
00000000000000000000000000000000000000001000000000000000000010000000000000000000000000000000000000001000000000000000000000000000000000000000000000000000000000001000000000000000000010000000000000000000
10000000000000000000100000000000000000001000000000000000000010000000000000000000000000000000000000001000000000000000000010000000000000000000000000000000000000001000000000000000000000000000000000000000
10000000000000000000000000000000000000001000000000000000000000000000000000000000100000000000000000001000000000000000000000000000000000000000100000000000000000001000000000000000000010000000000000000000
00000000000000000000100000000000000000001000000000000000000010000000000000000000100000000000000000001000000000000000000000000000000000000000100000000000000000001000000000000000000010000000000000000000
00011111101111101001111111011111111111111011101010111010101111011010000110001011101100111110011010011110111010010000001011111000101100111100011000010010101011111110110001000111111111010001110111010111
00000000000000000000100000000000000000000000000000000000000010000000000000000000000000000000000000000000000000000000000010000000000000000000100000000000000000000000000000000000000010000000000000000000
10000000000000000000100000000000000000000000000000000000000010000000000000000000000000000000000000001000000000000000000010000000000000000000100000000000000000000000000000000000000010000000000000000000
10000000000000000000000000000000000000000000000000000000000000000000000000000000100000000000000000001000000000000000000010000000000000000000000000000000000000000000000000000000000000000000000000000000
10000000000000000000100000000000000000001000000000000000000010000000000000000000100000000000000000000000000000000000000010000000000000000000100000000000000000001000000000000000000010000000000000000000
00000000000000000000100000000000000000000000000000000000000010000000000000000000100000000000000000000000000000000000000010000000000000000000100000000000000000001000000000000000000000000000000000000000
10000000000000000000000000000000000000001000000000000000000000000000000000000000000000000000000000001000000000000000000010000000000000000000000000000000000000000000000000000000000000000000000000000000
10000000000000000000000000000000000000000000000000000000000010000000000000000000100000000000000000000000000000000000000000000000000000000000100000000000000000001000000000000000000010000000000000000000
10000000000000000000100000000000000000000000000000000000000000000000000000000000100000000000000000001000000000000000000010000000000000000000000000000000000000000000000000000000000000000000000000000000
10000000000000000000100000000000000000001000000000000000000010000000000000000000100000000000000000000000000000000000000010000000000000000000100000000000000000000000000000000000000000000000000000000000
00000000000000000000000000000000000000000000000000000000000000000000000000000000100000000000000000001000000000000000000000000000000000000000000000000000000000001000000000000000000000000000000000000000
10000000000000000000100000000000000000001000000000000000000000000000000000000000000000000000000000001000000000000000000000000000000000000000100000000000000000001000000000000000000000000000000000000000
00000000000000000000000000000000000000001000000000000000000000000000000000000000000000000000000000001000000000000000000000000000000000000000100000000000000000000000000000000000000000000000000000000000
10000000000000000000000000000000000000001000000000000000000010000000000000000000100000000000000000001000000000000000000010000000000000000000000000000000000000000000000000000000000010000000000000000000
00000000000000000000100000000000000000000000000000000000000000000000000000000000000000000000000000001000000000000000000010000000000000000000000000000000000000000000000000000000000010000000000000000000
10000000000000000000100000000000000000001000000000000000000000000000000000000000000000000000000000000000000000000000000010000000000000000000100000000000000000000000000000000000000010000000000000000000
10000000000000000000000000000000000000001000000000000000000000000000000000000000100000000000000000001000000000000000000010000000000000000000100000000000000000001000000000000000000000000000000000000000
10000000000000000000000000000000000000001000000000000000000010000000000000000000100000000000000000000000000000000000000000000000000000000000100000000000000000001000000000000000000010000000000000000000
10000000000000000000100000000000000000001000000000000000000000000000000000000000100000000000000000001000000000000000000010000000000000000000000000000000000000000000000000000000000000000000000000000000
10111011010111111100110001110000100101100011110110110111011111011111011100111010110011100111011101001000001110011110100011111110000101100111000011111110110001111111101011111100100101100111110011111010
10000000000000000000100000000000000000000000000000000000000010000000000000000000000000000000000000001000000000000000000010000000000000000000100000000000000000001000000000000000000000000000000000000000
10000000000000000000100000000000000000000000000000000000000010000000000000000000100000000000000000000000000000000000000000000000000000000000000000000000000000000000000000000000000010000000000000000000
10000000000000000000100000000000000000001000000000000000000000000000000000000000100000000000000000000000000000000000000000000000000000000000000000000000000000001000000000000000000000000000000000000000
10000000000000000000000000000000000000000000000000000000000000000000000000000000100000000000000000000000000000000000000000000000000000000000100000000000000000001000000000000000000000000000000000000000
10000000000000000000000000000000000000000000000000000000000010000000000000000000100000000000000000000000000000000000000010000000000000000000000000000000000000001000000000000000000010000000000000000000
10000000000000000000100000000000000000001000000000000000000000000000000000000000000000000000000000000000000000000000000010000000000000000000000000000000000000000000000000000000000010000000000000000000
10000000000000000000100000000000000000001000000000000000000000000000000000000000000000000000000000000000000000000000000010000000000000000000000000000000000000000000000000000000000010000000000000000000
10000000000000000000100000000000000000001000000000000000000000000000000000000000000000000000000000001000000000000000000000000000000000000000100000000000000000000000000000000000000000000000000000000000
00000000000000000000100000000000000000001000000000000000000000000000000000000000100000000000000000000000000000000000000010000000000000000000000000000000000000001000000000000000000000000000000000000000
00000000000000000000100000000000000000001000000000000000000010000000000000000000000000000000000000000000000000000000000010000000000000000000000000000000000000000000000000000000000000000000000000000000
00000000000000000000100000000000000000001000000000000000000010000000000000000000000000000000000000000000000000000000000010000000000000000000100000000000000000001000000000000000000000000000000000000000
00000000000000000000000000000000000000001000000000000000000000000000000000000000000000000000000000001000000000000000000010000000000000000000100000000000000000000000000000000000000010000000000000000000
10000000000000000000000000000000000000000000000000000000000010000000000000000000100000000000000000000000000000000000000000000000000000000000100000000000000000001000000000000000000010000000000000000000
00000000000000000000000000000000000000000000000000000000000010000000000000000000000000000000000000001000000000000000000010000000000000000000000000000000000000001000000000000000000000000000000000000000
00000000000000000000000000000000000000001000000000000000000010000000000000000000100000000000000000000000000000000000000000000000000000000000100000000000000000000000000000000000000010000000000000000000
10000000000000000000000000000000000000000000000000000000000010000000000000000000100000000000000000000000000000000000000000000000000000000000100000000000000000000000000000000000000000000000000000000000
10000000000000000000100000000000000000001000000000000000000010000000000000000000100000000000000000001000000000000000000010000000000000000000100000000000000000000000000000000000000010000000000000000000
00000000000000000000000000000000000000001000000000000000000010000000000000000000000000000000000000000000000000000000000010000000000000000000100000000000000000000000000000000000000010000000000000000000
00010011110000011111101011110100110111111011111100100101011110010101110000101111011010010110000011101101100110010100011001101000011100001110100110111111111100010011111011011010110101110110010011011001
10000000000000000000100000000000000000001000000000000000000010000000000000000000100000000000000000001000000000000000000000000000000000000000000000000000000000001000000000000000000000000000000000000000
10000000000000000000100000000000000000001000000000000000000000000000000000000000100000000000000000001000000000000000000000000000000000000000000000000000000000001000000000000000000000000000000000000000
10000000000000000000000000000000000000001000000000000000000010000000000000000000000000000000000000000000000000000000000000000000000000000000000000000000000000001000000000000000000010000000000000000000
00000000000000000000000000000000000000001000000000000000000010000000000000000000000000000000000000000000000000000000000010000000000000000000000000000000000000001000000000000000000000000000000000000000
00000000000000000000100000000000000000001000000000000000000010000000000000000000100000000000000000001000000000000000000010000000000000000000000000000000000000001000000000000000000010000000000000000000
00000000000000000000100000000000000000000000000000000000000000000000000000000000000000000000000000000000000000000000000000000000000000000000000000000000000000001000000000000000000000000000000000000000
10000000000000000000100000000000000000000000000000000000000000000000000000000000100000000000000000001000000000000000000000000000000000000000000000000000000000000000000000000000000010000000000000000000
10000000000000000000100000000000000000001000000000000000000010000000000000000000100000000000000000001000000000000000000010000000000000000000100000000000000000000000000000000000000010000000000000000000
10000000000000000000100000000000000000001000000000000000000000000000000000000000100000000000000000001000000000000000000000000000000000000000100000000000000000001000000000000000000010000000000000000000
10000000000000000000100000000000000000000000000000000000000010000000000000000000000000000000000000000000000000000000000010000000000000000000000000000000000000001000000000000000000000000000000000000000
10000000000000000000000000000000000000001000000000000000000000000000000000000000100000000000000000001000000000000000000000000000000000000000000000000000000000001000000000000000000000000000000000000000
10000000000000000000100000000000000000000000000000000000000010000000000000000000000000000000000000001000000000000000000010000000000000000000000000000000000000000000000000000000000000000000000000000000
10000000000000000000100000000000000000000000000000000000000000000000000000000000100000000000000000001000000000000000000000000000000000000000100000000000000000001000000000000000000000000000000000000000
00000000000000000000100000000000000000001000000000000000000000000000000000000000100000000000000000001000000000000000000000000000000000000000100000000000000000001000000000000000000010000000000000000000
10000000000000000000000000000000000000001000000000000000000010000000000000000000000000000000000000001000000000000000000000000000000000000000000000000000000000000000000000000000000000000000000000000000
10000000000000000000100000000000000000001000000000000000000000000000000000000000000000000000000000001000000000000000000000000000000000000000000000000000000000000000000000000000000010000000000000000000
10000000000000000000000000000000000000000000000000000000000000000000000000000000000000000000000000001000000000000000000010000000000000000000000000000000000000001000000000000000000000000000000000000000
10000000000000000000000000000000000000001000000000000000000010000000000000000000100000000000000000001000000000000000000000000000000000000000000000000000000000001000000000000000000010000000000000000000
00111110111010101101111111111001110010101111111101101111100101111000101000001111001001011000011111010011001011010010110000111011111101011101111101000011101001111000101011111111111000100110100101101001
10000000000000000000000000000000000000001000000000000000000010000000000000000000100000000000000000000000000000000000000010000000000000000000000000000000000000000000000000000000000000000000000000000000
10000000000000000000000000000000000000000000000000000000000010000000000000000000100000000000000000000000000000000000000000000000000000000000100000000000000000000000000000000000000010000000000000000000
10000000000000000000100000000000000000001000000000000000000010000000000000000000100000000000000000001000000000000000000000000000000000000000100000000000000000001000000000000000000010000000000000000000
10000000000000000000000000000000000000000000000000000000000010000000000000000000000000000000000000001000000000000000000010000000000000000000000000000000000000000000000000000000000010000000000000000000
10000000000000000000100000000000000000000000000000000000000010000000000000000000000000000000000000001000000000000000000010000000000000000000100000000000000000001000000000000000000000000000000000000000
10000000000000000000000000000000000000000000000000000000000010000000000000000000100000000000000000001000000000000000000010000000000000000000000000000000000000000000000000000000000010000000000000000000
10000000000000000000100000000000000000001000000000000000000010000000000000000000000000000000000000001000000000000000000010000000000000000000000000000000000000001000000000000000000010000000000000000000
00000000000000000000000000000000000000000000000000000000000000000000000000000000100000000000000000000000000000000000000010000000000000000000000000000000000000001000000000000000000010000000000000000000
00000000000000000000000000000000000000001000000000000000000010000000000000000000000000000000000000001000000000000000000010000000000000000000000000000000000000001000000000000000000000000000000000000000
10000000000000000000000000000000000000001000000000000000000010000000000000000000000000000000000000000000000000000000000010000000000000000000000000000000000000001000000000000000000000000000000000000000
00000000000000000000100000000000000000000000000000000000000000000000000000000000100000000000000000001000000000000000000010000000000000000000100000000000000000001000000000000000000010000000000000000000
10000000000000000000000000000000000000001000000000000000000010000000000000000000100000000000000000000000000000000000000000000000000000000000000000000000000000001000000000000000000010000000000000000000
10000000000000000000100000000000000000001000000000000000000000000000000000000000000000000000000000000000000000000000000010000000000000000000100000000000000000001000000000000000000010000000000000000000
10000000000000000000100000000000000000001000000000000000000000000000000000000000000000000000000000001000000000000000000000000000000000000000000000000000000000001000000000000000000010000000000000000000
00000000000000000000000000000000000000000000000000000000000000000000000000000000100000000000000000001000000000000000000010000000000000000000000000000000000000001000000000000000000000000000000000000000
10000000000000000000000000000000000000001000000000000000000000000000000000000000100000000000000000001000000000000000000010000000000000000000000000000000000000001000000000000000000010000000000000000000
10000000000000000000000000000000000000000000000000000000000010000000000000000000000000000000000000001000000000000000000010000000000000000000100000000000000000000000000000000000000010000000000000000000
10000000000000000000100000000000000000001000000000000000000000000000000000000000100000000000000000001000000000000000000000000000000000000000100000000000000000001000000000000000000010000000000000000000
01110001111111110101100100111100111110110110100110000001111010010000110111110110010010011011110111111111101011111100111010110001110111110100001101100101100111101101110100101111111001111101111100000000
10000000000000000000000000000000000000000000000000000000000010000000000000000000100000000000000000000000000000000000000000000000000000000000000000000000000000000000000000000000000010000000000000000000
10000000000000000000100000000000000000000000000000000000000010000000000000000000000000000000000000000000000000000000000010000000000000000000100000000000000000001000000000000000000010000000000000000000
00000000000000000000000000000000000000001000000000000000000010000000000000000000000000000000000000001000000000000000000000000000000000000000100000000000000000001000000000000000000010000000000000000000
10000000000000000000100000000000000000000000000000000000000010000000000000000000100000000000000000001000000000000000000000000000000000000000100000000000000000000000000000000000000000000000000000000000
00000000000000000000100000000000000000000000000000000000000000000000000000000000000000000000000000000000000000000000000010000000000000000000000000000000000000000000000000000000000010000000000000000000
00000000000000000000000000000000000000000000000000000000000010000000000000000000100000000000000000001000000000000000000010000000000000000000100000000000000000001000000000000000000000000000000000000000
10000000000000000000100000000000000000001000000000000000000010000000000000000000100000000000000000000000000000000000000010000000000000000000100000000000000000000000000000000000000010000000000000000000
10000000000000000000000000000000000000000000000000000000000000000000000000000000000000000000000000000000000000000000000010000000000000000000100000000000000000001000000000000000000000000000000000000000
10000000000000000000100000000000000000001000000000000000000000000000000000000000000000000000000000001000000000000000000010000000000000000000000000000000000000001000000000000000000000000000000000000000
00000000000000000000100000000000000000001000000000000000000000000000000000000000000000000000000000001000000000000000000010000000000000000000100000000000000000001000000000000000000010000000000000000000
00000000000000000000000000000000000000000000000000000000000000000000000000000000000000000000000000000000000000000000000000000000000000000000000000000000000000001000000000000000000010000000000000000000
10000000000000000000000000000000000000000000000000000000000010000000000000000000100000000000000000001000000000000000000010000000000000000000100000000000000000000000000000000000000010000000000000000000
10000000000000000000100000000000000000000000000000000000000000000000000000000000000000000000000000001000000000000000000010000000000000000000000000000000000000000000000000000000000010000000000000000000
10000000000000000000100000000000000000001000000000000000000010000000000000000000100000000000000000001000000000000000000010000000000000000000000000000000000000001000000000000000000000000000000000000000
10000000000000000000100000000000000000001000000000000000000010000000000000000000100000000000000000000000000000000000000010000000000000000000000000000000000000000000000000000000000010000000000000000000
00000000000000000000100000000000000000001000000000000000000010000000000000000000100000000000000000001000000000000000000010000000000000000000000000000000000000000000000000000000000000000000000000000000
10000000000000000000000000000000000000000000000000000000000010000000000000000000100000000000000000000000000000000000000000000000000000000000000000000000000000001000000000000000000010000000000000000000
10000000000000000000000000000000000000001000000000000000000000000000000000000000100000000000000000000000000000000000000010000000000000000000100000000000000000001000000000000000000010000000000000000000
00110100100000111111100100100100001110001000000000111111110001111110111111000111000101100111110000010101111111110101000010111010111110110001100101011101101111010001101000011111100101111110110001111011
10000000000000000000100000000000000000000000000000000000000010000000000000000000100000000000000000001000000000000000000010000000000000000000000000000000000000000000000000000000000000000000000000000000
00000000000000000000100000000000000000001000000000000000000000000000000000000000100000000000000000000000000000000000000010000000000000000000100000000000000000000000000000000000000000000000000000000000
00000000000000000000100000000000000000001000000000000000000010000000000000000000100000000000000000001000000000000000000010000000000000000000000000000000000000000000000000000000000000000000000000000000
10000000000000000000100000000000000000000000000000000000000010000000000000000000100000000000000000000000000000000000000000000000000000000000000000000000000000001000000000000000000010000000000000000000
00000000000000000000100000000000000000001000000000000000000010000000000000000000100000000000000000001000000000000000000010000000000000000000100000000000000000000000000000000000000010000000000000000000
10000000000000000000100000000000000000001000000000000000000000000000000000000000100000000000000000001000000000000000000000000000000000000000100000000000000000001000000000000000000010000000000000000000
10000000000000000000000000000000000000000000000000000000000000000000000000000000100000000000000000001000000000000000000000000000000000000000000000000000000000001000000000000000000000000000000000000000
10000000000000000000100000000000000000001000000000000000000010000000000000000000000000000000000000001000000000000000000010000000000000000000100000000000000000001000000000000000000010000000000000000000
10000000000000000000000000000000000000001000000000000000000010000000000000000000100000000000000000001000000000000000000000000000000000000000100000000000000000001000000000000000000000000000000000000000
10000000000000000000100000000000000000000000000000000000000010000000000000000000000000000000000000001000000000000000000000000000000000000000000000000000000000001000000000000000000000000000000000000000
10000000000000000000000000000000000000000000000000000000000000000000000000000000000000000000000000000000000000000000000010000000000000000000000000000000000000001000000000000000000000000000000000000000
00000000000000000000100000000000000000000000000000000000000010000000000000000000100000000000000000000000000000000000000010000000000000000000100000000000000000001000000000000000000010000000000000000000
10000000000000000000100000000000000000001000000000000000000010000000000000000000000000000000000000001000000000000000000010000000000000000000000000000000000000001000000000000000000010000000000000000000
00000000000000000000000000000000000000001000000000000000000010000000000000000000100000000000000000001000000000000000000000000000000000000000000000000000000000001000000000000000000010000000000000000000
00000000000000000000100000000000000000001000000000000000000010000000000000000000000000000000000000000000000000000000000010000000000000000000000000000000000000000000000000000000000000000000000000000000
10000000000000000000100000000000000000001000000000000000000010000000000000000000000000000000000000000000000000000000000000000000000000000000100000000000000000000000000000000000000000000000000000000000
00000000000000000000100000000000000000000000000000000000000010000000000000000000100000000000000000001000000000000000000010000000000000000000100000000000000000001000000000000000000000000000000000000000
10000000000000000000000000000000000000001000000000000000000000000000000000000000100000000000000000001000000000000000000000000000000000000000000000000000000000000000000000000000000000000000000000000000
00011100101001011010100101100011111001100010101010011011110111011111011000011110001111111011101011010111110010111001101111101011100100111101110110011110011100001011111110111110111111101101110010111010
10000000000000000000000000000000000000001000000000000000000010000000000000000000100000000000000000000000000000000000000010000000000000000000100000000000000000001000000000000000000010000000000000000000
10000000000000000000100000000000000000001000000000000000000000000000000000000000100000000000000000000000000000000000000010000000000000000000100000000000000000000000000000000000000000000000000000000000
10000000000000000000100000000000000000001000000000000000000000000000000000000000100000000000000000001000000000000000000010000000000000000000100000000000000000001000000000000000000010000000000000000000
00000000000000000000100000000000000000001000000000000000000010000000000000000000100000000000000000001000000000000000000000000000000000000000100000000000000000001000000000000000000010000000000000000000
00000000000000000000000000000000000000001000000000000000000010000000000000000000000000000000000000001000000000000000000010000000000000000000100000000000000000001000000000000000000010000000000000000000
10000000000000000000100000000000000000001000000000000000000010000000000000000000100000000000000000000000000000000000000010000000000000000000000000000000000000000000000000000000000000000000000000000000
00000000000000000000100000000000000000001000000000000000000010000000000000000000100000000000000000001000000000000000000000000000000000000000100000000000000000001000000000000000000010000000000000000000
00000000000000000000100000000000000000001000000000000000000000000000000000000000100000000000000000001000000000000000000010000000000000000000100000000000000000001000000000000000000010000000000000000000
10000000000000000000100000000000000000001000000000000000000010000000000000000000100000000000000000001000000000000000000010000000000000000000100000000000000000001000000000000000000010000000000000000000
00000000000000000000000000000000000000001000000000000000000010000000000000000000100000000000000000000000000000000000000000000000000000000000000000000000000000000000000000000000000000000000000000000000
00000000000000000000000000000000000000000000000000000000000010000000000000000000000000000000000000000000000000000000000000000000000000000000000000000000000000000000000000000000000000000000000000000000
00000000000000000000100000000000000000000000000000000000000000000000000000000000100000000000000000000000000000000000000010000000000000000000000000000000000000000000000000000000000010000000000000000000
00000000000000000000100000000000000000001000000000000000000010000000000000000000000000000000000000000000000000000000000010000000000000000000100000000000000000001000000000000000000010000000000000000000
10000000000000000000000000000000000000001000000000000000000000000000000000000000100000000000000000001000000000000000000010000000000000000000100000000000000000001000000000000000000010000000000000000000
10000000000000000000000000000000000000000000000000000000000010000000000000000000100000000000000000001000000000000000000000000000000000000000100000000000000000001000000000000000000010000000000000000000
10000000000000000000100000000000000000000000000000000000000000000000000000000000000000000000000000001000000000000000000010000000000000000000000000000000000000001000000000000000000000000000000000000000
10000000000000000000100000000000000000001000000000000000000010000000000000000000100000000000000000001000000000000000000010000000000000000000100000000000000000001000000000000000000010000000000000000000
10000000000000000000000000000000000000001000000000000000000000000000000000000000000000000000000000001000000000000000000000000000000000000000100000000000000000000000000000000000000010000000000000000000
00001101011100010111111111001001111011101000111000010111111100010011010111100001011011111111110101010101110101011111000100001101111001111011010011000010001110101110011100001111001001101110011101000110
10000000000000000000100000000000000000001000000000000000000000000000000000000000000000000000000000001000000000000000000000000000000000000000100000000000000000001000000000000000000000000000000000000000
10000000000000000000000000000000000000001000000000000000000010000000000000000000100000000000000000000000000000000000000000000000000000000000000000000000000000001000000000000000000000000000000000000000
10000000000000000000100000000000000000001000000000000000000010000000000000000000000000000000000000000000000000000000000010000000000000000000000000000000000000001000000000000000000010000000000000000000
10000000000000000000000000000000000000001000000000000000000010000000000000000000100000000000000000000000000000000000000010000000000000000000100000000000000000000000000000000000000000000000000000000000
00000000000000000000000000000000000000001000000000000000000010000000000000000000000000000000000000001000000000000000000000000000000000000000100000000000000000001000000000000000000010000000000000000000
10000000000000000000000000000000000000000000000000000000000010000000000000000000000000000000000000001000000000000000000000000000000000000000000000000000000000001000000000000000000010000000000000000000
10000000000000000000100000000000000000001000000000000000000000000000000000000000100000000000000000001000000000000000000000000000000000000000100000000000000000000000000000000000000000000000000000000000
10000000000000000000100000000000000000001000000000000000000010000000000000000000100000000000000000000000000000000000000010000000000000000000100000000000000000001000000000000000000010000000000000000000
199 198
110100010010110100100111010011111011011111101111100011010001110101010111011010010110000010111110000011100101101100110110010010000111111011110010110111110010011101011101110100101101011110110001000101
100000000000000000010000000000000000001000000000000000000100000000000000000000000000000000000001000000000000000000100000000000000000010000000000000000000000000000000000000100000000000000000000000000
000000000000000000010000000000000000001000000000000000000000000000000000000010000000000000000001000000000000000000100000000000000000000000000000000000001000000000000000000100000000000000000010000000
100000000000000000000000000000000000001000000000000000000000000000000000000010000000000000000001000000000000000000100000000000000000010000000000000000001000000000000000000100000000000000000010000000
100000000000000000010000000000000000000000000000000000000000000000000000000010000000000000000000000000000000000000100000000000000000010000000000000000001000000000000000000000000000000000000000000000
000000000000000000000000000000000000001000000000000000000000000000000000000010000000000000000000000000000000000000100000000000000000010000000000000000000000000000000000000000000000000000000000000000
100000000000000000010000000000000000001000000000000000000100000000000000000000000000000000000001000000000000000000100000000000000000010000000000000000000000000000000000000100000000000000000010000000
100000000000000000000000000000000000000000000000000000000100000000000000000000000000000000000001000000000000000000000000000000000000010000000000000000000000000000000000000000000000000000000000000000
000000000000000000000000000000000000000000000000000000000100000000000000000010000000000000000001000000000000000000100000000000000000010000000000000000001000000000000000000100000000000000000000000000
100000000000000000010000000000000000001000000000000000000000000000000000000010000000000000000000000000000000000000000000000000000000010000000000000000001000000000000000000000000000000000000000000000
000000000000000000000000000000000000000000000000000000000100000000000000000010000000000000000001000000000000000000000000000000000000000000000000000000000000000000000000000100000000000000000010000000
100000000000000000010000000000000000001000000000000000000100000000000000000010000000000000000000000000000000000000000000000000000000010000000000000000001000000000000000000000000000000000000010000000
100000000000000000000000000000000000000000000000000000000100000000000000000000000000000000000001000000000000000000100000000000000000000000000000000000000000000000000000000000000000000000000010000000
000000000000000000010000000000000000001000000000000000000100000000000000000010000000000000000001000000000000000000000000000000000000000000000000000000001000000000000000000000000000000000000010000000
100000000000000000000000000000000000000000000000000000000000000000000000000010000000000000000001000000000000000000100000000000000000000000000000000000001000000000000000000000000000000000000000000000
100000000000000000000000000000000000001000000000000000000100000000000000000010000000000000000000000000000000000000100000000000000000010000000000000000000000000000000000000100000000000000000010000000
000000000000000000010000000000000000001000000000000000000000000000000000000000000000000000000001000000000000000000100000000000000000010000000000000000001000000000000000000100000000000000000010000000
100000000000000000010000000000000000000000000000000000000100000000000000000010000000000000000000000000000000000000100000000000000000000000000000000000001000000000000000000100000000000000000000000000
100000000000000000010000000000000000001000000000000000000100000000000000000010000000000000000001000000000000000000100000000000000000000000000000000000000000000000000000000000000000000000000010000000
110111011111111011111011101110101101001111110011111100100000110111100110100111100110000111111110111111100101101111011111101011111111001101010011000011101101000011111011110110100110110101001001011010
000000000000000000000000000000000000000000000000000000000000000000000000000010000000000000000001000000000000000000100000000000000000010000000000000000000000000000000000000100000000000000000000000000
000000000000000000010000000000000000001000000000000000000100000000000000000010000000000000000001000000000000000000100000000000000000010000000000000000001000000000000000000000000000000000000010000000
000000000000000000000000000000000000000000000000000000000100000000000000000010000000000000000001000000000000000000000000000000000000010000000000000000001000000000000000000100000000000000000010000000
100000000000000000010000000000000000000000000000000000000000000000000000000000000000000000000001000000000000000000100000000000000000000000000000000000001000000000000000000000000000000000000010000000
100000000000000000010000000000000000001000000000000000000000000000000000000010000000000000000001000000000000000000100000000000000000000000000000000000000000000000000000000000000000000000000010000000
100000000000000000000000000000000000000000000000000000000000000000000000000000000000000000000001000000000000000000100000000000000000000000000000000000001000000000000000000100000000000000000000000000
100000000000000000010000000000000000001000000000000000000100000000000000000000000000000000000000000000000000000000000000000000000000010000000000000000001000000000000000000100000000000000000010000000
100000000000000000010000000000000000000000000000000000000000000000000000000000000000000000000001000000000000000000000000000000000000010000000000000000001000000000000000000000000000000000000010000000
100000000000000000010000000000000000000000000000000000000000000000000000000010000000000000000001000000000000000000000000000000000000010000000000000000001000000000000000000100000000000000000010000000
000000000000000000010000000000000000000000000000000000000100000000000000000010000000000000000001000000000000000000100000000000000000000000000000000000000000000000000000000100000000000000000000000000
000000000000000000000000000000000000001000000000000000000100000000000000000010000000000000000001000000000000000000000000000000000000000000000000000000001000000000000000000100000000000000000010000000
000000000000000000000000000000000000001000000000000000000000000000000000000010000000000000000000000000000000000000100000000000000000010000000000000000000000000000000000000100000000000000000010000000
000000000000000000000000000000000000000000000000000000000000000000000000000010000000000000000001000000000000000000000000000000000000010000000000000000001000000000000000000000000000000000000000000000
000000000000000000010000000000000000001000000000000000000100000000000000000000000000000000000001000000000000000000100000000000000000010000000000000000001000000000000000000100000000000000000010000000
100000000000000000000000000000000000000000000000000000000100000000000000000010000000000000000000000000000000000000100000000000000000010000000000000000000000000000000000000000000000000000000010000000
000000000000000000010000000000000000001000000000000000000100000000000000000000000000000000000000000000000000000000100000000000000000000000000000000000000000000000000000000100000000000000000000000000
100000000000000000010000000000000000001000000000000000000100000000000000000010000000000000000000000000000000000000000000000000000000000000000000000000000000000000000000000100000000000000000000000000
000000000000000000010000000000000000000000000000000000000000000000000000000010000000000000000000000000000000000000100000000000000000010000000000000000001000000000000000000000000000000000000010000000
001101110011111111010111110110111101110010110001010101111011111111001111001111011100110011110000110100011110110101000011010110011111110111111000110100110010011110111011001101111101011101110101000101
100000000000000000000000000000000000000000000000000000000100000000000000000010000000000000000001000000000000000000000000000000000000000000000000000000001000000000000000000100000000000000000010000000
000000000000000000010000000000000000001000000000000000000000000000000000000010000000000000000001000000000000000000100000000000000000010000000000000000000000000000000000000100000000000000000010000000
000000000000000000010000000000000000000000000000000000000100000000000000000000000000000000000000000000000000000000000000000000000000010000000000000000001000000000000000000100000000000000000010000000
000000000000000000010000000000000000000000000000000000000100000000000000000000000000000000000000000000000000000000100000000000000000000000000000000000001000000000000000000000000000000000000000000000
000000000000000000000000000000000000000000000000000000000000000000000000000010000000000000000000000000000000000000000000000000000000010000000000000000001000000000000000000100000000000000000000000000
100000000000000000010000000000000000001000000000000000000100000000000000000010000000000000000001000000000000000000100000000000000000000000000000000000001000000000000000000000000000000000000000000000
100000000000000000010000000000000000001000000000000000000000000000000000000010000000000000000001000000000000000000000000000000000000000000000000000000000000000000000000000000000000000000000010000000
000000000000000000010000000000000000000000000000000000000100000000000000000010000000000000000000000000000000000000100000000000000000000000000000000000000000000000000000000100000000000000000000000000
000000000000000000010000000000000000001000000000000000000100000000000000000010000000000000000001000000000000000000100000000000000000010000000000000000001000000000000000000100000000000000000010000000
000000000000000000010000000000000000001000000000000000000100000000000000000000000000000000000001000000000000000000000000000000000000000000000000000000001000000000000000000100000000000000000010000000
100000000000000000010000000000000000000000000000000000000000000000000000000010000000000000000001000000000000000000000000000000000000010000000000000000000000000000000000000000000000000000000000000000
100000000000000000000000000000000000001000000000000000000100000000000000000000000000000000000000000000000000000000100000000000000000000000000000000000001000000000000000000100000000000000000010000000
000000000000000000010000000000000000000000000000000000000000000000000000000010000000000000000001000000000000000000100000000000000000010000000000000000001000000000000000000100000000000000000010000000
100000000000000000000000000000000000000000000000000000000000000000000000000010000000000000000001000000000000000000000000000000000000000000000000000000001000000000000000000000000000000000000010000000
000000000000000000000000000000000000000000000000000000000100000000000000000010000000000000000000000000000000000000000000000000000000000000000000000000000000000000000000000100000000000000000010000000
100000000000000000010000000000000000000000000000000000000100000000000000000010000000000000000001000000000000000000000000000000000000010000000000000000001000000000000000000100000000000000000000000000
100000000000000000000000000000000000001000000000000000000100000000000000000000000000000000000001000000000000000000100000000000000000010000000000000000001000000000000000000100000000000000000010000000
100000000000000000010000000000000000001000000000000000000000000000000000000010000000000000000001000000000000000000100000000000000000000000000000000000000000000000000000000100000000000000000010000000
111011110100111101101101101101100010110101100110101111011111001001111110110001100101111111010001110011100101010111011011101010011000111111001110111001011101111100101110001110101111100111010010011100
000000000000000000000000000000000000001000000000000000000100000000000000000000000000000000000001000000000000000000100000000000000000010000000000000000000000000000000000000000000000000000000000000000
100000000000000000000000000000000000001000000000000000000000000000000000000010000000000000000001000000000000000000100000000000000000010000000000000000001000000000000000000000000000000000000010000000
000000000000000000000000000000000000000000000000000000000100000000000000000010000000000000000001000000000000000000000000000000000000010000000000000000001000000000000000000100000000000000000010000000
000000000000000000000000000000000000000000000000000000000100000000000000000010000000000000000000000000000000000000000000000000000000010000000000000000000000000000000000000000000000000000000010000000
100000000000000000010000000000000000001000000000000000000100000000000000000010000000000000000000000000000000000000100000000000000000010000000000000000000000000000000000000000000000000000000010000000
100000000000000000010000000000000000001000000000000000000000000000000000000010000000000000000000000000000000000000100000000000000000000000000000000000000000000000000000000100000000000000000010000000
100000000000000000000000000000000000001000000000000000000000000000000000000000000000000000000001000000000000000000100000000000000000000000000000000000001000000000000000000000000000000000000000000000
100000000000000000000000000000000000000000000000000000000100000000000000000010000000000000000000000000000000000000100000000000000000010000000000000000001000000000000000000100000000000000000000000000
100000000000000000010000000000000000000000000000000000000100000000000000000010000000000000000000000000000000000000100000000000000000010000000000000000001000000000000000000000000000000000000010000000
100000000000000000000000000000000000001000000000000000000100000000000000000010000000000000000001000000000000000000100000000000000000000000000000000000001000000000000000000000000000000000000010000000
000000000000000000000000000000000000000000000000000000000100000000000000000010000000000000000000000000000000000000000000000000000000010000000000000000001000000000000000000100000000000000000010000000
000000000000000000010000000000000000000000000000000000000000000000000000000010000000000000000001000000000000000000100000000000000000010000000000000000001000000000000000000100000000000000000010000000
000000000000000000010000000000000000000000000000000000000100000000000000000010000000000000000001000000000000000000100000000000000000010000000000000000001000000000000000000000000000000000000010000000
100000000000000000010000000000000000001000000000000000000100000000000000000010000000000000000000000000000000000000100000000000000000000000000000000000001000000000000000000100000000000000000000000000
100000000000000000010000000000000000001000000000000000000100000000000000000010000000000000000001000000000000000000100000000000000000000000000000000000000000000000000000000000000000000000000010000000
000000000000000000010000000000000000001000000000000000000000000000000000000010000000000000000001000000000000000000100000000000000000010000000000000000001000000000000000000100000000000000000000000000
000000000000000000000000000000000000000000000000000000000100000000000000000000000000000000000000000000000000000000000000000000000000010000000000000000000000000000000000000100000000000000000000000000
100000000000000000000000000000000000000000000000000000000000000000000000000000000000000000000001000000000000000000000000000000000000010000000000000000001000000000000000000100000000000000000010000000
111111110110011110111000110001101011011011100101100111110110110010110111011010101000111110110110010110111001110111111111001110101111111011111010001101011000010001111111000001000000111111110011000110
000000000000000000010000000000000000001000000000000000000100000000000000000010000000000000000001000000000000000000100000000000000000000000000000000000000000000000000000000100000000000000000010000000
000000000000000000000000000000000000001000000000000000000000000000000000000010000000000000000001000000000000000000100000000000000000010000000000000000000000000000000000000100000000000000000000000000
100000000000000000010000000000000000001000000000000000000100000000000000000010000000000000000001000000000000000000100000000000000000010000000000000000000000000000000000000000000000000000000000000000
100000000000000000010000000000000000000000000000000000000100000000000000000000000000000000000001000000000000000000100000000000000000010000000000000000000000000000000000000100000000000000000010000000
100000000000000000000000000000000000001000000000000000000000000000000000000010000000000000000001000000000000000000100000000000000000010000000000000000001000000000000000000100000000000000000010000000
000000000000000000000000000000000000000000000000000000000100000000000000000010000000000000000000000000000000000000000000000000000000010000000000000000000000000000000000000100000000000000000000000000
100000000000000000010000000000000000001000000000000000000100000000000000000010000000000000000001000000000000000000000000000000000000010000000000000000000000000000000000000100000000000000000000000000
000000000000000000010000000000000000001000000000000000000000000000000000000010000000000000000001000000000000000000000000000000000000000000000000000000000000000000000000000100000000000000000000000000
100000000000000000000000000000000000001000000000000000000000000000000000000010000000000000000001000000000000000000000000000000000000000000000000000000000000000000000000000100000000000000000000000000
000000000000000000000000000000000000000000000000000000000000000000000000000000000000000000000000000000000000000000100000000000000000000000000000000000001000000000000000000000000000000000000000000000
000000000000000000010000000000000000001000000000000000000000000000000000000010000000000000000001000000000000000000100000000000000000010000000000000000001000000000000000000100000000000000000000000000
100000000000000000000000000000000000001000000000000000000100000000000000000010000000000000000001000000000000000000000000000000000000000000000000000000001000000000000000000100000000000000000010000000
100000000000000000010000000000000000001000000000000000000000000000000000000000000000000000000000000000000000000000100000000000000000000000000000000000000000000000000000000000000000000000000000000000
000000000000000000010000000000000000000000000000000000000100000000000000000010000000000000000001000000000000000000100000000000000000000000000000000000000000000000000000000000000000000000000000000000
100000000000000000000000000000000000001000000000000000000100000000000000000010000000000000000000000000000000000000100000000000000000000000000000000000001000000000000000000100000000000000000010000000
100000000000000000010000000000000000001000000000000000000000000000000000000000000000000000000001000000000000000000100000000000000000000000000000000000000000000000000000000100000000000000000010000000
100000000000000000010000000000000000001000000000000000000100000000000000000000000000000000000001000000000000000000100000000000000000010000000000000000001000000000000000000000000000000000000000000000
100000000000000000000000000000000000001000000000000000000100000000000000000010000000000000000001000000000000000000100000000000000000000000000000000000001000000000000000000000000000000000000010000000
001100011011100011110001110110010011101011100111111111100010111011111001111001111111000000110001010100111011111100011101000111001110111101101101101100001111101110100110101011010101111111101110001010
100000000000000000000000000000000000001000000000000000000100000000000000000000000000000000000000000000000000000000000000000000000000000000000000000000000000000000000000000000000000000000000010000000
000000000000000000000000000000000000000000000000000000000000000000000000000010000000000000000000000000000000000000100000000000000000010000000000000000000000000000000000000100000000000000000010000000
100000000000000000010000000000000000001000000000000000000000000000000000000000000000000000000000000000000000000000100000000000000000010000000000000000001000000000000000000100000000000000000000000000
100000000000000000000000000000000000001000000000000000000000000000000000000000000000000000000000000000000000000000000000000000000000010000000000000000001000000000000000000100000000000000000000000000
100000000000000000010000000000000000001000000000000000000000000000000000000010000000000000000001000000000000000000000000000000000000000000000000000000000000000000000000000100000000000000000010000000
000000000000000000010000000000000000001000000000000000000000000000000000000010000000000000000001000000000000000000100000000000000000010000000000000000000000000000000000000000000000000000000000000000
000000000000000000000000000000000000000000000000000000000100000000000000000000000000000000000000000000000000000000100000000000000000010000000000000000000000000000000000000100000000000000000010000000
100000000000000000010000000000000000000000000000000000000100000000000000000000000000000000000000000000000000000000100000000000000000010000000000000000000000000000000000000000000000000000000000000000
000000000000000000010000000000000000000000000000000000000100000000000000000000000000000000000001000000000000000000000000000000000000010000000000000000001000000000000000000000000000000000000000000000
100000000000000000000000000000000000001000000000000000000100000000000000000010000000000000000001000000000000000000000000000000000000000000000000000000001000000000000000000100000000000000000000000000
100000000000000000010000000000000000000000000000000000000100000000000000000010000000000000000001000000000000000000100000000000000000000000000000000000001000000000000000000100000000000000000010000000
100000000000000000010000000000000000001000000000000000000100000000000000000010000000000000000000000000000000000000000000000000000000010000000000000000000000000000000000000100000000000000000010000000
100000000000000000000000000000000000001000000000000000000100000000000000000000000000000000000000000000000000000000000000000000000000000000000000000000000000000000000000000100000000000000000000000000
000000000000000000010000000000000000000000000000000000000100000000000000000000000000000000000000000000000000000000000000000000000000010000000000000000001000000000000000000100000000000000000000000000
100000000000000000000000000000000000001000000000000000000100000000000000000010000000000000000000000000000000000000000000000000000000010000000000000000000000000000000000000100000000000000000010000000
100000000000000000010000000000000000001000000000000000000000000000000000000010000000000000000000000000000000000000100000000000000000000000000000000000001000000000000000000000000000000000000010000000
100000000000000000010000000000000000000000000000000000000000000000000000000010000000000000000001000000000000000000000000000000000000010000000000000000001000000000000000000100000000000000000010000000
100000000000000000010000000000000000001000000000000000000000000000000000000010000000000000000001000000000000000000100000000000000000010000000000000000001000000000000000000000000000000000000010000000
101100111100110011111001110001101101101101110000101011111110001101001100111110100101110110100111111110010111111111111111100111100110100111000101101011110111111110110010001111100011011101111101101110
000000000000000000010000000000000000000000000000000000000100000000000000000000000000000000000001000000000000000000100000000000000000010000000000000000000000000000000000000100000000000000000000000000
000000000000000000010000000000000000001000000000000000000100000000000000000010000000000000000000000000000000000000100000000000000000010000000000000000000000000000000000000100000000000000000010000000
100000000000000000010000000000000000000000000000000000000100000000000000000010000000000000000001000000000000000000100000000000000000010000000000000000000000000000000000000000000000000000000010000000
100000000000000000000000000000000000001000000000000000000000000000000000000010000000000000000001000000000000000000000000000000000000000000000000000000000000000000000000000100000000000000000010000000
100000000000000000000000000000000000001000000000000000000100000000000000000010000000000000000001000000000000000000100000000000000000010000000000000000000000000000000000000100000000000000000010000000
100000000000000000000000000000000000000000000000000000000100000000000000000010000000000000000001000000000000000000100000000000000000010000000000000000001000000000000000000100000000000000000010000000
100000000000000000000000000000000000000000000000000000000100000000000000000010000000000000000000000000000000000000000000000000000000010000000000000000001000000000000000000000000000000000000010000000
000000000000000000000000000000000000000000000000000000000000000000000000000000000000000000000000000000000000000000000000000000000000010000000000000000000000000000000000000000000000000000000010000000
000000000000000000010000000000000000001000000000000000000100000000000000000010000000000000000000000000000000000000000000000000000000010000000000000000001000000000000000000100000000000000000000000000
100000000000000000010000000000000000001000000000000000000000000000000000000010000000000000000001000000000000000000100000000000000000010000000000000000001000000000000000000100000000000000000010000000
000000000000000000000000000000000000001000000000000000000000000000000000000010000000000000000000000000000000000000100000000000000000000000000000000000001000000000000000000000000000000000000010000000
100000000000000000000000000000000000001000000000000000000000000000000000000000000000000000000001000000000000000000000000000000000000000000000000000000001000000000000000000100000000000000000010000000
000000000000000000000000000000000000001000000000000000000000000000000000000000000000000000000001000000000000000000100000000000000000010000000000000000001000000000000000000000000000000000000000000000
100000000000000000010000000000000000001000000000000000000100000000000000000010000000000000000001000000000000000000000000000000000000000000000000000000001000000000000000000000000000000000000000000000
100000000000000000010000000000000000001000000000000000000100000000000000000010000000000000000001000000000000000000000000000000000000000000000000000000000000000000000000000100000000000000000000000000
100000000000000000000000000000000000000000000000000000000100000000000000000000000000000000000001000000000000000000000000000000000000010000000000000000000000000000000000000000000000000000000010000000
000000000000000000010000000000000000001000000000000000000000000000000000000010000000000000000000000000000000000000000000000000000000010000000000000000001000000000000000000100000000000000000010000000
000000000000000000010000000000000000001000000000000000000100000000000000000000000000000000000001000000000000000000100000000000000000010000000000000000000000000000000000000000000000000000000010000000
111110101000110111100100111110100111011010011100011101001100001101001111101101111000111010100101011101010011110100011100010100111101110011100011110110100001111111111110111101001110010011110010011100
100000000000000000010000000000000000001000000000000000000100000000000000000000000000000000000001000000000000000000100000000000000000010000000000000000001000000000000000000000000000000000000000000000
000000000000000000000000000000000000000000000000000000000100000000000000000000000000000000000001000000000000000000100000000000000000010000000000000000001000000000000000000000000000000000000010000000
000000000000000000010000000000000000001000000000000000000000000000000000000010000000000000000000000000000000000000100000000000000000010000000000000000001000000000000000000000000000000000000010000000
000000000000000000010000000000000000001000000000000000000100000000000000000010000000000000000001000000000000000000100000000000000000010000000000000000000000000000000000000000000000000000000000000000
000000000000000000010000000000000000001000000000000000000000000000000000000010000000000000000000000000000000000000100000000000000000010000000000000000000000000000000000000100000000000000000010000000
100000000000000000000000000000000000001000000000000000000100000000000000000010000000000000000000000000000000000000000000000000000000000000000000000000001000000000000000000100000000000000000010000000
000000000000000000010000000000000000000000000000000000000100000000000000000000000000000000000001000000000000000000100000000000000000010000000000000000001000000000000000000100000000000000000010000000
000000000000000000010000000000000000001000000000000000000000000000000000000000000000000000000001000000000000000000100000000000000000010000000000000000001000000000000000000000000000000000000010000000
100000000000000000010000000000000000001000000000000000000000000000000000000010000000000000000001000000000000000000100000000000000000000000000000000000001000000000000000000100000000000000000010000000
000000000000000000000000000000000000001000000000000000000100000000000000000000000000000000000000000000000000000000100000000000000000000000000000000000001000000000000000000000000000000000000010000000
100000000000000000010000000000000000001000000000000000000100000000000000000010000000000000000001000000000000000000000000000000000000010000000000000000001000000000000000000000000000000000000010000000
000000000000000000000000000000000000000000000000000000000100000000000000000010000000000000000000000000000000000000000000000000000000010000000000000000001000000000000000000100000000000000000000000000
100000000000000000010000000000000000001000000000000000000000000000000000000000000000000000000001000000000000000000100000000000000000000000000000000000001000000000000000000000000000000000000000000000
100000000000000000010000000000000000000000000000000000000000000000000000000010000000000000000001000000000000000000000000000000000000000000000000000000000000000000000000000000000000000000000000000000
100000000000000000010000000000000000000000000000000000000100000000000000000010000000000000000001000000000000000000000000000000000000010000000000000000001000000000000000000100000000000000000010000000
000000000000000000010000000000000000001000000000000000000100000000000000000010000000000000000000000000000000000000100000000000000000010000000000000000000000000000000000000100000000000000000010000000
000000000000000000010000000000000000000000000000000000000100000000000000000000000000000000000000000000000000000000100000000000000000010000000000000000001000000000000000000000000000000000000000000000
100000000000000000010000000000000000001000000000000000000100000000000000000000000000000000000001000000000000000000000000000000000000010000000000000000000000000000000000000000000000000000000010000000
111101101010001010011001000010100110111101100111111111110110101110111100111001111100010000100111111110011001100101011001011010011111111001100001111111100110110110111110011111110110010001110100101110
100000000000000000010000000000000000001000000000000000000100000000000000000010000000000000000001000000000000000000000000000000000000000000000000000000000000000000000000000000000000000000000000000000
100000000000000000010000000000000000001000000000000000000100000000000000000010000000000000000000000000000000000000100000000000000000000000000000000000001000000000000000000000000000000000000000000000
100000000000000000010000000000000000001000000000000000000000000000000000000010000000000000000001000000000000000000100000000000000000010000000000000000001000000000000000000100000000000000000000000000
100000000000000000010000000000000000000000000000000000000100000000000000000000000000000000000001000000000000000000100000000000000000000000000000000000000000000000000000000000000000000000000010000000
100000000000000000000000000000000000001000000000000000000100000000000000000010000000000000000001000000000000000000100000000000000000000000000000000000001000000000000000000000000000000000000000000000
000000000000000000010000000000000000001000000000000000000000000000000000000010000000000000000001000000000000000000100000000000000000010000000000000000000000000000000000000100000000000000000000000000
100000000000000000010000000000000000000000000000000000000100000000000000000000000000000000000001000000000000000000100000000000000000010000000000000000001000000000000000000000000000000000000000000000
000000000000000000010000000000000000000000000000000000000100000000000000000000000000000000000001000000000000000000000000000000000000010000000000000000001000000000000000000000000000000000000000000000
100000000000000000010000000000000000001000000000000000000000000000000000000010000000000000000001000000000000000000100000000000000000010000000000000000001000000000000000000000000000000000000010000000
100000000000000000010000000000000000001000000000000000000000000000000000000000000000000000000000000000000000000000100000000000000000000000000000000000001000000000000000000100000000000000000000000000
000000000000000000010000000000000000001000000000000000000000000000000000000000000000000000000000000000000000000000100000000000000000010000000000000000000000000000000000000000000000000000000000000000
000000000000000000010000000000000000001000000000000000000000000000000000000010000000000000000001000000000000000000000000000000000000010000000000000000001000000000000000000100000000000000000010000000
100000000000000000000000000000000000000000000000000000000100000000000000000010000000000000000001000000000000000000100000000000000000010000000000000000001000000000000000000100000000000000000010000000
000000000000000000010000000000000000000000000000000000000100000000000000000010000000000000000001000000000000000000100000000000000000000000000000000000001000000000000000000000000000000000000000000000
100000000000000000010000000000000000000000000000000000000100000000000000000000000000000000000001000000000000000000100000000000000000000000000000000000001000000000000000000100000000000000000010000000
000000000000000000010000000000000000000000000000000000000100000000000000000000000000000000000001000000000000000000100000000000000000010000000000000000000000000000000000000000000000000000000000000000
000000000000000000000000000000000000001000000000000000000000000000000000000010000000000000000001000000000000000000100000000000000000000000000000000000000000000000000000000000000000000000000010000000
100000000000000000000000000000000000001000000000000000000100000000000000000010000000000000000001000000000000000000100000000000000000000000000000000000001000000000000000000100000000000000000010000000
101000001110111101101011101100111001000001110011011010001011110011101110100110011111011011100111000101101101111001010101111110101111100001110111010101110000111101101100001010110100000001010001000111
100000000000000000000000000000000000000000000000000000000000000000000000000000000000000000000001000000000000000000000000000000000000010000000000000000000000000000000000000100000000000000000010000000
100000000000000000010000000000000000000000000000000000000000000000000000000010000000000000000001000000000000000000100000000000000000000000000000000000001000000000000000000100000000000000000000000000
000000000000000000010000000000000000001000000000000000000100000000000000000010000000000000000001000000000000000000100000000000000000010000000000000000000000000000000000000100000000000000000010000000
100000000000000000010000000000000000001000000000000000000100000000000000000010000000000000000000000000000000000000000000000000000000000000000000000000001000000000000000000100000000000000000010000000
100000000000000000000000000000000000001000000000000000000100000000000000000000000000000000000001000000000000000000000000000000000000010000000000000000001000000000000000000000000000000000000010000000
100000000000000000010000000000000000001000000000000000000100000000000000000000000000000000000000000000000000000000100000000000000000000000000000000000001000000000000000000000000000000000000010000000
100000000000000000010000000000000000000000000000000000000100000000000000000000000000000000000000000000000000000000000000000000000000010000000000000000000000000000000000000000000000000000000010000000
100000000000000000000000000000000000000000000000000000000100000000000000000010000000000000000000000000000000000000100000000000000000000000000000000000001000000000000000000100000000000000000010000000
000000000000000000000000000000000000000000000000000000000100000000000000000010000000000000000000000000000000000000000000000000000000010000000000000000001000000000000000000000000000000000000010000000
100000000000000000000000000000000000001000000000000000000100000000000000000000000000000000000001000000000000000000100000000000000000010000000000000000001000000000000000000000000000000000000000000000
000000000000000000000000000000000000001000000000000000000100000000000000000010000000000000000001000000000000000000100000000000000000000000000000000000000000000000000000000000000000000000000000000000
100000000000000000010000000000000000000000000000000000000100000000000000000000000000000000000001000000000000000000100000000000000000010000000000000000001000000000000000000100000000000000000000000000
000000000000000000010000000000000000000000000000000000000000000000000000000010000000000000000000000000000000000000000000000000000000000000000000000000001000000000000000000000000000000000000010000000
000000000000000000010000000000000000001000000000000000000000000000000000000010000000000000000000000000000000000000000000000000000000010000000000000000001000000000000000000100000000000000000000000000
100000000000000000010000000000000000000000000000000000000100000000000000000010000000000000000000000000000000000000100000000000000000000000000000000000000000000000000000000100000000000000000010000000
100000000000000000000000000000000000001000000000000000000100000000000000000000000000000000000000000000000000000000100000000000000000010000000000000000001000000000000000000000000000000000000010000000
100000000000000000010000000000000000000000000000000000000100000000000000000010000000000000000001000000000000000000000000000000000000010000000000000000000000000000000000000000000000000000000010000000
100000000000000000010000000000000000001000000000000000000000000000000000000010000000000000000001000000000000000000100000000000000000010000000000000000000000000000000000000100000000000000000000000000
111111000100111010011110000011101010111111001011111010101000010001100001011000111101111001011101110111011101101010111110100111111001100100000000111111100001100110110010010110011101010111100010101011
100000000000000000000000000000000000000000000000000000000100000000000000000010000000000000000000000000000000000000100000000000000000010000000000000000001000000000000000000000000000000000000010000000
100000000000000000000000000000000000000000000000000000000000000000000000000010000000000000000001000000000000000000100000000000000000010000000000000000001000000000000000000100000000000000000010000000
000000000000000000010000000000000000001000000000000000000000000000000000000010000000000000000000000000000000000000000000000000000000000000000000000000000000000000000000000000000000000000000000000000
000000000000000000010000000000000000001000000000000000000000000000000000000010000000000000000000000000000000000000000000000000000000010000000000000000001000000000000000000100000000000000000010000000
000000000000000000000000000000000000000000000000000000000000000000000000000000000000000000000000000000000000000000100000000000000000010000000000000000000000000000000000000100000000000000000000000000
100000000000000000000000000000000000001000000000000000000000000000000000000000000000000000000001000000000000000000000000000000000000000000000000000000001000000000000000000000000000000000000010000000
000000000000000000010000000000000000000000000000000000000000000000000000000000000000000000000000000000000000000000100000000000000000000000000000000000000000000000000000000000000000000000000010000000
100000000000000000000000000000000000001000000000000000000100000000000000000010000000000000000000000000000000000000100000000000000000010000000000000000000000000000000000000100000000000000000010000000
198 200
01101100111111011111100000010111100010100111011101101010100101000011001101010111011101011101101000010010111011010011100011101110011101011011011101110111111110111001111000110101010000101001011110010111
00000000000000000000100000000000000000001000000000000000000010000000000000000000000000000000000000001000000000000000000000000000000000000000000000000000000000000000000000000000000000000000000000000000
00000000000000000000000000000000000000001000000000000000000000000000000000000000000000000000000000001000000000000000000010000000000000000000000000000000000000001000000000000000000010000000000000000000
00000000000000000000100000000000000000000000000000000000000000000000000000000000000000000000000000000000000000000000000010000000000000000000100000000000000000001000000000000000000000000000000000000000
00000000000000000000100000000000000000001000000000000000000010000000000000000000000000000000000000000000000000000000000000000000000000000000000000000000000000000000000000000000000000000000000000000000
10000000000000000000000000000000000000001000000000000000000000000000000000000000100000000000000000000000000000000000000010000000000000000000100000000000000000000000000000000000000000000000000000000000
00000000000000000000100000000000000000000000000000000000000000000000000000000000100000000000000000001000000000000000000000000000000000000000000000000000000000001000000000000000000000000000000000000000
00000000000000000000100000000000000000000000000000000000000010000000000000000000100000000000000000000000000000000000000000000000000000000000100000000000000000001000000000000000000010000000000000000000
00000000000000000000100000000000000000001000000000000000000000000000000000000000100000000000000000000000000000000000000010000000000000000000000000000000000000000000000000000000000010000000000000000000
10000000000000000000100000000000000000001000000000000000000010000000000000000000100000000000000000001000000000000000000010000000000000000000000000000000000000001000000000000000000010000000000000000000
10000000000000000000100000000000000000000000000000000000000010000000000000000000100000000000000000000000000000000000000010000000000000000000000000000000000000001000000000000000000000000000000000000000
00000000000000000000000000000000000000000000000000000000000000000000000000000000100000000000000000001000000000000000000000000000000000000000100000000000000000001000000000000000000000000000000000000000
00000000000000000000000000000000000000000000000000000000000000000000000000000000100000000000000000000000000000000000000010000000000000000000100000000000000000001000000000000000000010000000000000000000
10000000000000000000100000000000000000001000000000000000000010000000000000000000000000000000000000001000000000000000000000000000000000000000100000000000000000000000000000000000000000000000000000000000
10000000000000000000000000000000000000000000000000000000000000000000000000000000100000000000000000000000000000000000000010000000000000000000100000000000000000001000000000000000000010000000000000000000
10000000000000000000100000000000000000001000000000000000000010000000000000000000100000000000000000001000000000000000000010000000000000000000000000000000000000000000000000000000000000000000000000000000
00000000000000000000100000000000000000000000000000000000000010000000000000000000100000000000000000000000000000000000000000000000000000000000100000000000000000001000000000000000000010000000000000000000
00000000000000000000100000000000000000000000000000000000000010000000000000000000100000000000000000001000000000000000000000000000000000000000000000000000000000001000000000000000000010000000000000000000
00000000000000000000100000000000000000000000000000000000000000000000000000000000100000000000000000000000000000000000000010000000000000000000100000000000000000000000000000000000000010000000000000000000
00010111000100110011001001111011101000001000011111101110001001101111101111011101000101101111111101111010100010111100001011111110111000101111101001110011001101111001011111101001100101011101110010011111
00000000000000000000100000000000000000001000000000000000000000000000000000000000100000000000000000000000000000000000000000000000000000000000000000000000000000001000000000000000000000000000000000000000
10000000000000000000100000000000000000000000000000000000000000000000000000000000100000000000000000000000000000000000000000000000000000000000100000000000000000001000000000000000000010000000000000000000
00000000000000000000100000000000000000001000000000000000000010000000000000000000100000000000000000000000000000000000000010000000000000000000100000000000000000000000000000000000000010000000000000000000
00000000000000000000100000000000000000001000000000000000000000000000000000000000100000000000000000000000000000000000000000000000000000000000100000000000000000001000000000000000000000000000000000000000
10000000000000000000100000000000000000001000000000000000000000000000000000000000100000000000000000000000000000000000000000000000000000000000100000000000000000001000000000000000000000000000000000000000
10000000000000000000000000000000000000001000000000000000000000000000000000000000100000000000000000001000000000000000000000000000000000000000100000000000000000001000000000000000000010000000000000000000
00000000000000000000100000000000000000000000000000000000000010000000000000000000100000000000000000001000000000000000000010000000000000000000100000000000000000000000000000000000000000000000000000000000
10000000000000000000000000000000000000000000000000000000000010000000000000000000000000000000000000000000000000000000000010000000000000000000100000000000000000000000000000000000000010000000000000000000
10000000000000000000100000000000000000000000000000000000000010000000000000000000100000000000000000001000000000000000000000000000000000000000000000000000000000001000000000000000000000000000000000000000
10000000000000000000000000000000000000000000000000000000000010000000000000000000100000000000000000001000000000000000000010000000000000000000100000000000000000000000000000000000000000000000000000000000
00000000000000000000000000000000000000001000000000000000000010000000000000000000100000000000000000001000000000000000000000000000000000000000100000000000000000001000000000000000000010000000000000000000
00000000000000000000100000000000000000001000000000000000000010000000000000000000100000000000000000001000000000000000000010000000000000000000000000000000000000001000000000000000000000000000000000000000
00000000000000000000000000000000000000000000000000000000000010000000000000000000100000000000000000001000000000000000000010000000000000000000000000000000000000001000000000000000000010000000000000000000
10000000000000000000000000000000000000001000000000000000000010000000000000000000100000000000000000001000000000000000000000000000000000000000000000000000000000001000000000000000000010000000000000000000
00000000000000000000100000000000000000001000000000000000000000000000000000000000000000000000000000001000000000000000000010000000000000000000000000000000000000001000000000000000000010000000000000000000
00000000000000000000000000000000000000001000000000000000000010000000000000000000100000000000000000001000000000000000000010000000000000000000100000000000000000001000000000000000000010000000000000000000
10000000000000000000000000000000000000000000000000000000000010000000000000000000100000000000000000001000000000000000000010000000000000000000000000000000000000001000000000000000000010000000000000000000
10000000000000000000000000000000000000000000000000000000000010000000000000000000100000000000000000001000000000000000000000000000000000000000100000000000000000000000000000000000000000000000000000000000
11110001110011100111101011110111100101111001001010000001001100101111101111000011110010111011111011110111111110000010011010110010100111100110011110100101111100011111111010000011101000011011111010110010
00000000000000000000100000000000000000000000000000000000000000000000000000000000100000000000000000000000000000000000000000000000000000000000100000000000000000000000000000000000000010000000000000000000
00000000000000000000000000000000000000000000000000000000000000000000000000000000100000000000000000000000000000000000000010000000000000000000100000000000000000001000000000000000000010000000000000000000
10000000000000000000000000000000000000001000000000000000000010000000000000000000000000000000000000000000000000000000000010000000000000000000000000000000000000001000000000000000000000000000000000000000
10000000000000000000000000000000000000000000000000000000000010000000000000000000000000000000000000001000000000000000000010000000000000000000000000000000000000000000000000000000000010000000000000000000
00000000000000000000100000000000000000000000000000000000000010000000000000000000100000000000000000000000000000000000000010000000000000000000000000000000000000001000000000000000000010000000000000000000
10000000000000000000100000000000000000001000000000000000000000000000000000000000000000000000000000001000000000000000000000000000000000000000000000000000000000000000000000000000000010000000000000000000
10000000000000000000100000000000000000001000000000000000000010000000000000000000000000000000000000001000000000000000000010000000000000000000100000000000000000000000000000000000000010000000000000000000
10000000000000000000100000000000000000000000000000000000000010000000000000000000100000000000000000001000000000000000000000000000000000000000100000000000000000001000000000000000000000000000000000000000
10000000000000000000100000000000000000000000000000000000000010000000000000000000000000000000000000001000000000000000000000000000000000000000000000000000000000001000000000000000000000000000000000000000
10000000000000000000000000000000000000001000000000000000000000000000000000000000100000000000000000000000000000000000000000000000000000000000100000000000000000001000000000000000000010000000000000000000
00000000000000000000000000000000000000001000000000000000000010000000000000000000000000000000000000000000000000000000000010000000000000000000100000000000000000000000000000000000000010000000000000000000
10000000000000000000100000000000000000001000000000000000000010000000000000000000100000000000000000000000000000000000000010000000000000000000100000000000000000000000000000000000000010000000000000000000
10000000000000000000100000000000000000000000000000000000000010000000000000000000000000000000000000001000000000000000000010000000000000000000100000000000000000001000000000000000000000000000000000000000
10000000000000000000000000000000000000000000000000000000000000000000000000000000000000000000000000001000000000000000000010000000000000000000100000000000000000001000000000000000000010000000000000000000
10000000000000000000000000000000000000000000000000000000000010000000000000000000100000000000000000001000000000000000000010000000000000000000000000000000000000001000000000000000000010000000000000000000
10000000000000000000100000000000000000000000000000000000000010000000000000000000000000000000000000000000000000000000000010000000000000000000000000000000000000001000000000000000000000000000000000000000
10000000000000000000000000000000000000001000000000000000000010000000000000000000100000000000000000000000000000000000000010000000000000000000000000000000000000000000000000000000000010000000000000000000
00000000000000000000100000000000000000001000000000000000000010000000000000000000100000000000000000001000000000000000000010000000000000000000100000000000000000001000000000000000000010000000000000000000
10010001101111101100010110110101110011101010010101111110101001000111111001111111111110110100011010110011101010010011111011011010001111111001001011010010100010101011110111001111100001110111000000010011
00000000000000000000000000000000000000001000000000000000000010000000000000000000100000000000000000000000000000000000000010000000000000000000100000000000000000001000000000000000000010000000000000000000
10000000000000000000100000000000000000000000000000000000000010000000000000000000100000000000000000000000000000000000000010000000000000000000100000000000000000001000000000000000000010000000000000000000
00000000000000000000000000000000000000000000000000000000000000000000000000000000100000000000000000001000000000000000000000000000000000000000100000000000000000000000000000000000000000000000000000000000
00000000000000000000100000000000000000001000000000000000000010000000000000000000100000000000000000001000000000000000000000000000000000000000000000000000000000001000000000000000000010000000000000000000
10000000000000000000000000000000000000001000000000000000000010000000000000000000000000000000000000001000000000000000000010000000000000000000000000000000000000001000000000000000000000000000000000000000
10000000000000000000100000000000000000001000000000000000000000000000000000000000100000000000000000001000000000000000000000000000000000000000100000000000000000001000000000000000000000000000000000000000
10000000000000000000100000000000000000001000000000000000000010000000000000000000100000000000000000000000000000000000000000000000000000000000100000000000000000001000000000000000000010000000000000000000
00000000000000000000100000000000000000001000000000000000000000000000000000000000100000000000000000000000000000000000000000000000000000000000000000000000000000001000000000000000000000000000000000000000
10000000000000000000100000000000000000000000000000000000000010000000000000000000000000000000000000001000000000000000000010000000000000000000100000000000000000000000000000000000000010000000000000000000
10000000000000000000000000000000000000001000000000000000000000000000000000000000100000000000000000001000000000000000000010000000000000000000000000000000000000001000000000000000000010000000000000000000
10000000000000000000000000000000000000001000000000000000000010000000000000000000100000000000000000000000000000000000000000000000000000000000000000000000000000001000000000000000000010000000000000000000
00000000000000000000000000000000000000000000000000000000000010000000000000000000000000000000000000001000000000000000000000000000000000000000100000000000000000000000000000000000000000000000000000000000
10000000000000000000100000000000000000000000000000000000000010000000000000000000100000000000000000000000000000000000000010000000000000000000000000000000000000001000000000000000000010000000000000000000
00000000000000000000100000000000000000000000000000000000000010000000000000000000000000000000000000001000000000000000000010000000000000000000100000000000000000000000000000000000000000000000000000000000
10000000000000000000100000000000000000001000000000000000000010000000000000000000100000000000000000001000000000000000000010000000000000000000100000000000000000000000000000000000000000000000000000000000
00000000000000000000100000000000000000000000000000000000000010000000000000000000000000000000000000001000000000000000000010000000000000000000000000000000000000000000000000000000000000000000000000000000
10000000000000000000000000000000000000001000000000000000000000000000000000000000100000000000000000001000000000000000000010000000000000000000100000000000000000001000000000000000000010000000000000000000
10000000000000000000100000000000000000000000000000000000000010000000000000000000100000000000000000001000000000000000000010000000000000000000100000000000000000001000000000000000000010000000000000000000
11000011011110110000101111110011110101101101111010110100000011000101011111110001111111111110101101011010111001011010001011110010110011011101011100011111011011010101111101011001110110110011110001011111
10000000000000000000000000000000000000001000000000000000000000000000000000000000100000000000000000001000000000000000000010000000000000000000100000000000000000001000000000000000000000000000000000000000
00000000000000000000100000000000000000001000000000000000000010000000000000000000000000000000000000001000000000000000000010000000000000000000000000000000000000000000000000000000000010000000000000000000
10000000000000000000100000000000000000000000000000000000000000000000000000000000100000000000000000000000000000000000000010000000000000000000100000000000000000000000000000000000000010000000000000000000
10000000000000000000000000000000000000000000000000000000000010000000000000000000100000000000000000000000000000000000000000000000000000000000000000000000000000000000000000000000000000000000000000000000
10000000000000000000100000000000000000000000000000000000000010000000000000000000000000000000000000000000000000000000000010000000000000000000000000000000000000000000000000000000000000000000000000000000
10000000000000000000000000000000000000001000000000000000000000000000000000000000100000000000000000001000000000000000000000000000000000000000000000000000000000001000000000000000000010000000000000000000
10000000000000000000100000000000000000000000000000000000000000000000000000000000000000000000000000001000000000000000000000000000000000000000100000000000000000001000000000000000000010000000000000000000
00000000000000000000000000000000000000001000000000000000000000000000000000000000100000000000000000000000000000000000000010000000000000000000100000000000000000001000000000000000000010000000000000000000
10000000000000000000000000000000000000001000000000000000000000000000000000000000100000000000000000001000000000000000000010000000000000000000000000000000000000001000000000000000000010000000000000000000
10000000000000000000100000000000000000001000000000000000000000000000000000000000100000000000000000000000000000000000000010000000000000000000100000000000000000001000000000000000000010000000000000000000
10000000000000000000100000000000000000001000000000000000000000000000000000000000100000000000000000001000000000000000000010000000000000000000100000000000000000000000000000000000000010000000000000000000
00000000000000000000000000000000000000001000000000000000000010000000000000000000100000000000000000001000000000000000000010000000000000000000100000000000000000000000000000000000000010000000000000000000
00000000000000000000000000000000000000001000000000000000000010000000000000000000100000000000000000001000000000000000000010000000000000000000000000000000000000000000000000000000000010000000000000000000
10000000000000000000000000000000000000001000000000000000000010000000000000000000100000000000000000001000000000000000000010000000000000000000000000000000000000001000000000000000000010000000000000000000
10000000000000000000000000000000000000001000000000000000000010000000000000000000000000000000000000000000000000000000000010000000000000000000000000000000000000001000000000000000000010000000000000000000
10000000000000000000100000000000000000001000000000000000000000000000000000000000100000000000000000001000000000000000000000000000000000000000100000000000000000000000000000000000000010000000000000000000
10000000000000000000000000000000000000001000000000000000000010000000000000000000000000000000000000001000000000000000000010000000000000000000000000000000000000000000000000000000000000000000000000000000
10000000000000000000000000000000000000000000000000000000000000000000000000000000100000000000000000000000000000000000000010000000000000000000100000000000000000001000000000000000000000000000000000000000
11011000001110110010111010000101100111111101111010111101001111011110101011011111110111100101110111111111101010111001101010111010111101100100110100101001111110011100001110111100001100001011100100101010
10000000000000000000000000000000000000001000000000000000000010000000000000000000000000000000000000001000000000000000000010000000000000000000000000000000000000001000000000000000000010000000000000000000
10000000000000000000100000000000000000000000000000000000000010000000000000000000100000000000000000000000000000000000000000000000000000000000000000000000000000000000000000000000000000000000000000000000
10000000000000000000100000000000000000001000000000000000000010000000000000000000100000000000000000000000000000000000000000000000000000000000000000000000000000000000000000000000000010000000000000000000
10000000000000000000000000000000000000001000000000000000000010000000000000000000100000000000000000000000000000000000000010000000000000000000000000000000000000001000000000000000000010000000000000000000
10000000000000000000100000000000000000000000000000000000000010000000000000000000100000000000000000000000000000000000000010000000000000000000100000000000000000000000000000000000000010000000000000000000
10000000000000000000000000000000000000001000000000000000000010000000000000000000100000000000000000000000000000000000000010000000000000000000000000000000000000000000000000000000000000000000000000000000
10000000000000000000000000000000000000001000000000000000000000000000000000000000000000000000000000000000000000000000000010000000000000000000100000000000000000001000000000000000000010000000000000000000
10000000000000000000100000000000000000001000000000000000000000000000000000000000100000000000000000001000000000000000000000000000000000000000100000000000000000001000000000000000000000000000000000000000
10000000000000000000000000000000000000000000000000000000000010000000000000000000100000000000000000001000000000000000000010000000000000000000100000000000000000000000000000000000000010000000000000000000
10000000000000000000100000000000000000000000000000000000000010000000000000000000100000000000000000001000000000000000000000000000000000000000100000000000000000001000000000000000000000000000000000000000
10000000000000000000000000000000000000000000000000000000000010000000000000000000100000000000000000001000000000000000000010000000000000000000100000000000000000001000000000000000000000000000000000000000
00000000000000000000100000000000000000001000000000000000000010000000000000000000100000000000000000001000000000000000000010000000000000000000000000000000000000001000000000000000000000000000000000000000
10000000000000000000100000000000000000000000000000000000000010000000000000000000100000000000000000001000000000000000000000000000000000000000100000000000000000001000000000000000000010000000000000000000
10000000000000000000000000000000000000001000000000000000000010000000000000000000100000000000000000001000000000000000000010000000000000000000000000000000000000001000000000000000000000000000000000000000
00000000000000000000000000000000000000000000000000000000000000000000000000000000100000000000000000000000000000000000000010000000000000000000100000000000000000000000000000000000000010000000000000000000
10000000000000000000000000000000000000001000000000000000000010000000000000000000000000000000000000000000000000000000000010000000000000000000000000000000000000000000000000000000000010000000000000000000
00000000000000000000100000000000000000000000000000000000000010000000000000000000000000000000000000001000000000000000000000000000000000000000100000000000000000000000000000000000000010000000000000000000
10000000000000000000100000000000000000000000000000000000000010000000000000000000100000000000000000001000000000000000000010000000000000000000100000000000000000001000000000000000000010000000000000000000
11010011111111101110101010110111011000110101101100000101111000110110111111000111011100011001111111111100011111101111011011110011111111011011110001010111011111010011101011111111001101110101110110101111
10000000000000000000000000000000000000000000000000000000000010000000000000000000000000000000000000001000000000000000000010000000000000000000000000000000000000000000000000000000000000000000000000000000
00000000000000000000000000000000000000000000000000000000000000000000000000000000100000000000000000001000000000000000000000000000000000000000100000000000000000000000000000000000000010000000000000000000
10000000000000000000100000000000000000000000000000000000000010000000000000000000100000000000000000001000000000000000000000000000000000000000000000000000000000001000000000000000000000000000000000000000
10000000000000000000000000000000000000000000000000000000000010000000000000000000000000000000000000001000000000000000000010000000000000000000000000000000000000000000000000000000000010000000000000000000
00000000000000000000100000000000000000000000000000000000000010000000000000000000100000000000000000001000000000000000000000000000000000000000100000000000000000001000000000000000000000000000000000000000
00000000000000000000100000000000000000000000000000000000000010000000000000000000100000000000000000001000000000000000000000000000000000000000000000000000000000001000000000000000000010000000000000000000
00000000000000000000100000000000000000001000000000000000000010000000000000000000000000000000000000001000000000000000000010000000000000000000100000000000000000001000000000000000000000000000000000000000
00000000000000000000000000000000000000001000000000000000000010000000000000000000100000000000000000001000000000000000000000000000000000000000000000000000000000000000000000000000000010000000000000000000
10000000000000000000000000000000000000001000000000000000000000000000000000000000100000000000000000000000000000000000000010000000000000000000100000000000000000000000000000000000000010000000000000000000
10000000000000000000000000000000000000001000000000000000000000000000000000000000100000000000000000000000000000000000000000000000000000000000100000000000000000000000000000000000000000000000000000000000
10000000000000000000100000000000000000001000000000000000000010000000000000000000000000000000000000000000000000000000000000000000000000000000100000000000000000001000000000000000000010000000000000000000
10000000000000000000100000000000000000001000000000000000000000000000000000000000000000000000000000001000000000000000000010000000000000000000000000000000000000001000000000000000000010000000000000000000
10000000000000000000100000000000000000001000000000000000000000000000000000000000000000000000000000001000000000000000000010000000000000000000000000000000000000001000000000000000000000000000000000000000
00000000000000000000100000000000000000001000000000000000000010000000000000000000000000000000000000000000000000000000000010000000000000000000100000000000000000001000000000000000000000000000000000000000
10000000000000000000100000000000000000001000000000000000000010000000000000000000000000000000000000001000000000000000000010000000000000000000100000000000000000000000000000000000000000000000000000000000
00000000000000000000000000000000000000001000000000000000000000000000000000000000100000000000000000000000000000000000000010000000000000000000100000000000000000001000000000000000000000000000000000000000
00000000000000000000000000000000000000001000000000000000000010000000000000000000000000000000000000001000000000000000000010000000000000000000100000000000000000001000000000000000000000000000000000000000
10000000000000000000000000000000000000001000000000000000000010000000000000000000000000000000000000001000000000000000000010000000000000000000100000000000000000000000000000000000000010000000000000000000
11100110100001101111110110100110011100101111101011110101110110000000110101011110000101111001011111111001111001111101111111011111111010100000110111111111110011110011101111110011111101101010100010100111
00000000000000000000000000000000000000001000000000000000000010000000000000000000100000000000000000000000000000000000000000000000000000000000000000000000000000000000000000000000000010000000000000000000
10000000000000000000100000000000000000000000000000000000000010000000000000000000100000000000000000001000000000000000000010000000000000000000100000000000000000001000000000000000000010000000000000000000
10000000000000000000000000000000000000000000000000000000000010000000000000000000100000000000000000001000000000000000000010000000000000000000100000000000000000001000000000000000000010000000000000000000
10000000000000000000100000000000000000000000000000000000000000000000000000000000100000000000000000001000000000000000000010000000000000000000100000000000000000000000000000000000000010000000000000000000
10000000000000000000100000000000000000001000000000000000000010000000000000000000100000000000000000001000000000000000000010000000000000000000000000000000000000001000000000000000000010000000000000000000
10000000000000000000100000000000000000001000000000000000000000000000000000000000100000000000000000000000000000000000000010000000000000000000100000000000000000001000000000000000000000000000000000000000
00000000000000000000100000000000000000001000000000000000000000000000000000000000100000000000000000000000000000000000000000000000000000000000100000000000000000000000000000000000000010000000000000000000
00000000000000000000000000000000000000001000000000000000000000000000000000000000000000000000000000001000000000000000000010000000000000000000100000000000000000000000000000000000000000000000000000000000
10000000000000000000000000000000000000000000000000000000000000000000000000000000100000000000000000000000000000000000000010000000000000000000100000000000000000001000000000000000000010000000000000000000
00000000000000000000000000000000000000001000000000000000000010000000000000000000100000000000000000001000000000000000000010000000000000000000100000000000000000001000000000000000000000000000000000000000
10000000000000000000100000000000000000001000000000000000000010000000000000000000000000000000000000001000000000000000000010000000000000000000100000000000000000000000000000000000000000000000000000000000
10000000000000000000000000000000000000001000000000000000000010000000000000000000000000000000000000001000000000000000000010000000000000000000100000000000000000001000000000000000000000000000000000000000
10000000000000000000000000000000000000001000000000000000000010000000000000000000000000000000000000001000000000000000000000000000000000000000000000000000000000000000000000000000000010000000000000000000
10000000000000000000100000000000000000001000000000000000000010000000000000000000000000000000000000000000000000000000000010000000000000000000100000000000000000000000000000000000000010000000000000000000
00000000000000000000000000000000000000001000000000000000000010000000000000000000000000000000000000000000000000000000000010000000000000000000100000000000000000001000000000000000000010000000000000000000
10000000000000000000100000000000000000000000000000000000000010000000000000000000100000000000000000001000000000000000000010000000000000000000100000000000000000000000000000000000000000000000000000000000
10000000000000000000100000000000000000000000000000000000000000000000000000000000100000000000000000001000000000000000000010000000000000000000100000000000000000001000000000000000000000000000000000000000
10000000000000000000100000000000000000001000000000000000000010000000000000000000100000000000000000001000000000000000000000000000000000000000100000000000000000001000000000000000000010000000000000000000
10100111101111100111101100110100011110111111110110010111111000000111101011000100111011101010101111110011011101111111100011110101001110001011111101111110000001011011110111100001101111000111010101111100
10000000000000000000000000000000000000001000000000000000000010000000000000000000000000000000000000000000000000000000000000000000000000000000100000000000000000001000000000000000000000000000000000000000
00000000000000000000100000000000000000001000000000000000000000000000000000000000100000000000000000000000000000000000000000000000000000000000100000000000000000001000000000000000000000000000000000000000
10000000000000000000100000000000000000001000000000000000000010000000000000000000100000000000000000000000000000000000000000000000000000000000100000000000000000000000000000000000000010000000000000000000
00000000000000000000100000000000000000001000000000000000000010000000000000000000000000000000000000001000000000000000000010000000000000000000000000000000000000001000000000000000000010000000000000000000
00000000000000000000000000000000000000001000000000000000000010000000000000000000000000000000000000001000000000000000000000000000000000000000000000000000000000001000000000000000000010000000000000000000
10000000000000000000100000000000000000000000000000000000000000000000000000000000100000000000000000001000000000000000000010000000000000000000000000000000000000001000000000000000000010000000000000000000
10000000000000000000100000000000000000001000000000000000000010000000000000000000000000000000000000001000000000000000000010000000000000000000100000000000000000001000000000000000000000000000000000000000
10000000000000000000100000000000000000000000000000000000000010000000000000000000100000000000000000001000000000000000000010000000000000000000100000000000000000000000000000000000000010000000000000000000
10000000000000000000100000000000000000000000000000000000000010000000000000000000100000000000000000000000000000000000000000000000000000000000100000000000000000000000000000000000000000000000000000000000
10000000000000000000100000000000000000001000000000000000000000000000000000000000100000000000000000000000000000000000000010000000000000000000000000000000000000001000000000000000000000000000000000000000
00000000000000000000000000000000000000001000000000000000000010000000000000000000100000000000000000000000000000000000000010000000000000000000100000000000000000000000000000000000000000000000000000000000
10000000000000000000100000000000000000001000000000000000000000000000000000000000100000000000000000000000000000000000000000000000000000000000100000000000000000001000000000000000000000000000000000000000
00000000000000000000100000000000000000001000000000000000000000000000000000000000000000000000000000001000000000000000000010000000000000000000000000000000000000000000000000000000000010000000000000000000
10000000000000000000100000000000000000001000000000000000000000000000000000000000100000000000000000001000000000000000000010000000000000000000000000000000000000001000000000000000000000000000000000000000
10000000000000000000100000000000000000001000000000000000000010000000000000000000100000000000000000001000000000000000000010000000000000000000100000000000000000001000000000000000000010000000000000000000
10000000000000000000100000000000000000000000000000000000000000000000000000000000000000000000000000000000000000000000000000000000000000000000000000000000000000000000000000000000000010000000000000000000
10000000000000000000100000000000000000001000000000000000000010000000000000000000000000000000000000000000000000000000000000000000000000000000100000000000000000001000000000000000000010000000000000000000
10000000000000000000000000000000000000000000000000000000000010000000000000000000100000000000000000001000000000000000000010000000000000000000100000000000000000000000000000000000000010000000000000000000
00110010100010011000100101011011100111110101010110000110110101100001101100111100011110101100010110101101100011001011011011010110000110110111111011101011010000010000101101000101111100100111010001011110
10000000000000000000100000000000000000000000000000000000000010000000000000000000100000000000000000001000000000000000000010000000000000000000100000000000000000000000000000000000000000000000000000000000
00000000000000000000000000000000000000000000000000000000000010000000000000000000100000000000000000001000000000000000000010000000000000000000100000000000000000001000000000000000000000000000000000000000
00000000000000000000100000000000000000001000000000000000000000000000000000000000100000000000000000000000000000000000000010000000000000000000000000000000000000001000000000000000000010000000000000000000
10000000000000000000000000000000000000001000000000000000000000000000000000000000100000000000000000000000000000000000000000000000000000000000100000000000000000000000000000000000000010000000000000000000
10000000000000000000000000000000000000001000000000000000000010000000000000000000100000000000000000001000000000000000000000000000000000000000000000000000000000001000000000000000000000000000000000000000
00000000000000000000100000000000000000000000000000000000000000000000000000000000000000000000000000001000000000000000000010000000000000000000000000000000000000001000000000000000000010000000000000000000
10000000000000000000100000000000000000000000000000000000000010000000000000000000000000000000000000000000000000000000000010000000000000000000100000000000000000001000000000000000000000000000000000000000
10000000000000000000100000000000000000000000000000000000000000000000000000000000100000000000000000001000000000000000000010000000000000000000100000000000000000001000000000000000000000000000000000000000
00000000000000000000000000000000000000000000000000000000000000000000000000000000100000000000000000001000000000000000000000000000000000000000100000000000000000001000000000000000000000000000000000000000
10000000000000000000000000000000000000000000000000000000000010000000000000000000100000000000000000001000000000000000000010000000000000000000100000000000000000001000000000000000000000000000000000000000
10000000000000000000100000000000000000001000000000000000000010000000000000000000000000000000000000001000000000000000000010000000000000000000000000000000000000000000000000000000000010000000000000000000
00000000000000000000100000000000000000000000000000000000000010000000000000000000000000000000000000001000000000000000000000000000000000000000100000000000000000001000000000000000000010000000000000000000
00000000000000000000100000000000000000000000000000000000000010000000000000000000000000000000000000000000000000000000000000000000000000000000000000000000000000001000000000000000000000000000000000000000
00000000000000000000000000000000000000000000000000000000000000000000000000000000100000000000000000001000000000000000000000000000000000000000100000000000000000001000000000000000000000000000000000000000
10000000000000000000100000000000000000001000000000000000000000000000000000000000000000000000000000001000000000000000000010000000000000000000100000000000000000000000000000000000000000000000000000000000
00000000000000000000000000000000000000001000000000000000000010000000000000000000100000000000000000001000000000000000000000000000000000000000000000000000000000001000000000000000000000000000000000000000
00000000000000000000100000000000000000001000000000000000000010000000000000000000100000000000000000001000000000000000000010000000000000000000100000000000000000000000000000000000000000000000000000000000
10000000000000000000100000000000000000001000000000000000000010000000000000000000000000000000000000001000000000000000000000000000000000000000000000000000000000000000000000000000000010000000000000000000
10111111000100001001110111111110011010100100111111110110001011110010011001011110110101101001001101011111101110010110010001001111101101001101000111111111001110010111001011110110110011111000011010000011
10000000000000000000000000000000000000000000000000000000000010000000000000000000000000000000000000000000000000000000000010000000000000000000100000000000000000001000000000000000000010000000000000000000
00000000000000000000000000000000000000001000000000000000000010000000000000000000100000000000000000000000000000000000000000000000000000000000100000000000000000001000000000000000000010000000000000000000
00000000000000000000000000000000000000001000000000000000000000000000000000000000100000000000000000000000000000000000000010000000000000000000100000000000000000001000000000000000000010000000000000000000
10000000000000000000000000000000000000001000000000000000000000000000000000000000100000000000000000000000000000000000000000000000000000000000100000000000000000000000000000000000000010000000000000000000
10000000000000000000000000000000000000001000000000000000000010000000000000000000000000000000000000001000000000000000000010000000000000000000100000000000000000000000000000000000000000000000000000000000
10000000000000000000100000000000000000001000000000000000000010000000000000000000000000000000000000001000000000000000000000000000000000000000100000000000000000001000000000000000000000000000000000000000
10000000000000000000100000000000000000000000000000000000000010000000000000000000000000000000000000000000000000000000000010000000000000000000100000000000000000000000000000000000000010000000000000000000
200 200
11001100111100000011011010101101101101101011101101011011110000000001111101111010111110011010000100101111000010111111001011011110000101101100001011110100001100101100011011001111100101111111011110011110
10000000000000000000000000000000000000001000000000000000000010000000000000000000100000000000000000000000000000000000000000000000000000000000100000000000000000000000000000000000000000000000000000000000
00000000000000000000100000000000000000000000000000000000000010000000000000000000100000000000000000001000000000000000000000000000000000000000000000000000000000000000000000000000000010000000000000000000
10000000000000000000100000000000000000001000000000000000000010000000000000000000100000000000000000000000000000000000000010000000000000000000100000000000000000000000000000000000000010000000000000000000
00000000000000000000000000000000000000000000000000000000000000000000000000000000000000000000000000001000000000000000000010000000000000000000100000000000000000001000000000000000000010000000000000000000
10000000000000000000000000000000000000000000000000000000000010000000000000000000000000000000000000001000000000000000000000000000000000000000100000000000000000000000000000000000000010000000000000000000
10000000000000000000000000000000000000001000000000000000000000000000000000000000100000000000000000001000000000000000000000000000000000000000000000000000000000001000000000000000000010000000000000000000
00000000000000000000100000000000000000001000000000000000000000000000000000000000000000000000000000000000000000000000000000000000000000000000100000000000000000000000000000000000000010000000000000000000
00000000000000000000100000000000000000000000000000000000000010000000000000000000100000000000000000000000000000000000000000000000000000000000100000000000000000000000000000000000000000000000000000000000
10000000000000000000000000000000000000000000000000000000000010000000000000000000100000000000000000001000000000000000000000000000000000000000100000000000000000001000000000000000000010000000000000000000
10000000000000000000100000000000000000000000000000000000000010000000000000000000100000000000000000000000000000000000000000000000000000000000100000000000000000001000000000000000000010000000000000000000
00000000000000000000000000000000000000000000000000000000000010000000000000000000100000000000000000000000000000000000000000000000000000000000000000000000000000001000000000000000000010000000000000000000
10000000000000000000100000000000000000001000000000000000000000000000000000000000100000000000000000001000000000000000000010000000000000000000100000000000000000001000000000000000000010000000000000000000
00000000000000000000100000000000000000001000000000000000000000000000000000000000100000000000000000001000000000000000000010000000000000000000100000000000000000000000000000000000000000000000000000000000
00000000000000000000100000000000000000000000000000000000000000000000000000000000000000000000000000000000000000000000000000000000000000000000000000000000000000001000000000000000000010000000000000000000
00000000000000000000100000000000000000001000000000000000000010000000000000000000100000000000000000000000000000000000000010000000000000000000100000000000000000000000000000000000000010000000000000000000
10000000000000000000100000000000000000000000000000000000000010000000000000000000000000000000000000000000000000000000000000000000000000000000000000000000000000000000000000000000000010000000000000000000
00000000000000000000100000000000000000001000000000000000000000000000000000000000100000000000000000001000000000000000000010000000000000000000000000000000000000001000000000000000000010000000000000000000
10000000000000000000100000000000000000001000000000000000000000000000000000000000000000000000000000001000000000000000000010000000000000000000100000000000000000001000000000000000000010000000000000000000
00000000000000000000000000000000000000001000000000000000000010000000000000000000100000000000000000000000000000000000000000000000000000000000000000000000000000001000000000000000000000000000000000000000
10110100111110101111101011111010000110111110011101010100111100111010000111011101111110011111010111101101101110110110110001011110111101001101010101100101111111001111110100001101100101110110010011110110
10000000000000000000000000000000000000000000000000000000000010000000000000000000000000000000000000000000000000000000000010000000000000000000000000000000000000001000000000000000000000000000000000000000
10000000000000000000100000000000000000001000000000000000000010000000000000000000100000000000000000001000000000000000000010000000000000000000000000000000000000001000000000000000000000000000000000000000
10000000000000000000000000000000000000000000000000000000000010000000000000000000000000000000000000000000000000000000000010000000000000000000100000000000000000001000000000000000000010000000000000000000
10000000000000000000000000000000000000001000000000000000000000000000000000000000100000000000000000001000000000000000000000000000000000000000100000000000000000001000000000000000000010000000000000000000
10000000000000000000000000000000000000000000000000000000000000000000000000000000000000000000000000000000000000000000000010000000000000000000100000000000000000001000000000000000000000000000000000000000
10000000000000000000000000000000000000001000000000000000000010000000000000000000000000000000000000001000000000000000000000000000000000000000100000000000000000001000000000000000000000000000000000000000
00000000000000000000100000000000000000000000000000000000000010000000000000000000100000000000000000001000000000000000000010000000000000000000100000000000000000001000000000000000000010000000000000000000
00000000000000000000000000000000000000001000000000000000000010000000000000000000000000000000000000001000000000000000000000000000000000000000100000000000000000000000000000000000000010000000000000000000
10000000000000000000100000000000000000001000000000000000000000000000000000000000100000000000000000001000000000000000000010000000000000000000100000000000000000000000000000000000000010000000000000000000
10000000000000000000100000000000000000001000000000000000000000000000000000000000000000000000000000000000000000000000000010000000000000000000100000000000000000000000000000000000000010000000000000000000
00000000000000000000100000000000000000000000000000000000000000000000000000000000100000000000000000000000000000000000000000000000000000000000100000000000000000001000000000000000000010000000000000000000
10000000000000000000100000000000000000001000000000000000000000000000000000000000000000000000000000000000000000000000000010000000000000000000100000000000000000001000000000000000000000000000000000000000
00000000000000000000000000000000000000000000000000000000000010000000000000000000100000000000000000000000000000000000000010000000000000000000000000000000000000001000000000000000000010000000000000000000
00000000000000000000000000000000000000000000000000000000000000000000000000000000100000000000000000001000000000000000000010000000000000000000100000000000000000000000000000000000000010000000000000000000
10000000000000000000100000000000000000001000000000000000000000000000000000000000100000000000000000001000000000000000000010000000000000000000100000000000000000001000000000000000000010000000000000000000
00000000000000000000100000000000000000001000000000000000000010000000000000000000100000000000000000000000000000000000000010000000000000000000100000000000000000001000000000000000000010000000000000000000
00000000000000000000100000000000000000001000000000000000000010000000000000000000000000000000000000001000000000000000000000000000000000000000000000000000000000001000000000000000000000000000000000000000
10000000000000000000100000000000000000001000000000000000000010000000000000000000000000000000000000000000000000000000000000000000000000000000100000000000000000000000000000000000000000000000000000000000
10000000000000000000100000000000000000001000000000000000000010000000000000000000100000000000000000000000000000000000000010000000000000000000100000000000000000001000000000000000000010000000000000000000
11111100000111110011101111010111111110111110010011010111100000001000010000011011101100011011000111111110010000010110111111010100110010011100110011000000111001111111100111101010011011101101101011111001
00000000000000000000000000000000000000001000000000000000000000000000000000000000100000000000000000001000000000000000000010000000000000000000000000000000000000001000000000000000000000000000000000000000
10000000000000000000100000000000000000000000000000000000000010000000000000000000000000000000000000000000000000000000000010000000000000000000100000000000000000001000000000000000000010000000000000000000
10000000000000000000000000000000000000000000000000000000000010000000000000000000000000000000000000001000000000000000000010000000000000000000000000000000000000000000000000000000000000000000000000000000
10000000000000000000100000000000000000000000000000000000000010000000000000000000000000000000000000000000000000000000000010000000000000000000100000000000000000000000000000000000000000000000000000000000
00000000000000000000100000000000000000000000000000000000000010000000000000000000100000000000000000001000000000000000000000000000000000000000100000000000000000001000000000000000000010000000000000000000
10000000000000000000000000000000000000001000000000000000000000000000000000000000000000000000000000001000000000000000000010000000000000000000000000000000000000001000000000000000000010000000000000000000
00000000000000000000100000000000000000001000000000000000000010000000000000000000000000000000000000000000000000000000000010000000000000000000000000000000000000001000000000000000000000000000000000000000
00000000000000000000000000000000000000001000000000000000000010000000000000000000000000000000000000001000000000000000000010000000000000000000000000000000000000001000000000000000000000000000000000000000
00000000000000000000100000000000000000000000000000000000000010000000000000000000000000000000000000001000000000000000000000000000000000000000000000000000000000000000000000000000000010000000000000000000
00000000000000000000000000000000000000001000000000000000000000000000000000000000100000000000000000000000000000000000000010000000000000000000100000000000000000001000000000000000000010000000000000000000
00000000000000000000100000000000000000000000000000000000000010000000000000000000100000000000000000001000000000000000000010000000000000000000100000000000000000001000000000000000000010000000000000000000
00000000000000000000100000000000000000001000000000000000000000000000000000000000000000000000000000001000000000000000000000000000000000000000100000000000000000001000000000000000000010000000000000000000
10000000000000000000100000000000000000000000000000000000000000000000000000000000100000000000000000001000000000000000000010000000000000000000000000000000000000000000000000000000000010000000000000000000
00000000000000000000100000000000000000001000000000000000000010000000000000000000100000000000000000001000000000000000000000000000000000000000100000000000000000001000000000000000000010000000000000000000
10000000000000000000100000000000000000000000000000000000000010000000000000000000000000000000000000000000000000000000000000000000000000000000000000000000000000001000000000000000000010000000000000000000
10000000000000000000100000000000000000001000000000000000000000000000000000000000100000000000000000001000000000000000000010000000000000000000000000000000000000000000000000000000000010000000000000000000
00000000000000000000000000000000000000001000000000000000000010000000000000000000100000000000000000001000000000000000000010000000000000000000100000000000000000001000000000000000000010000000000000000000
10000000000000000000000000000000000000001000000000000000000000000000000000000000000000000000000000000000000000000000000010000000000000000000100000000000000000000000000000000000000010000000000000000000
00000000000000000000100000000000000000000000000000000000000000000000000000000000100000000000000000001000000000000000000000000000000000000000100000000000000000001000000000000000000000000000000000000000
00000101110000110011010011101000111011110111110010100110111011010110100101001100100001000010111100001110001111111001101100101101010110110001001101000100101110011100100011011110111000011111011000111101
10000000000000000000000000000000000000001000000000000000000000000000000000000000000000000000000000000000000000000000000010000000000000000000000000000000000000000000000000000000000000000000000000000000
10000000000000000000000000000000000000000000000000000000000000000000000000000000100000000000000000001000000000000000000010000000000000000000000000000000000000000000000000000000000000000000000000000000
10000000000000000000100000000000000000001000000000000000000000000000000000000000000000000000000000001000000000000000000010000000000000000000000000000000000000001000000000000000000010000000000000000000
10000000000000000000000000000000000000001000000000000000000010000000000000000000000000000000000000000000000000000000000000000000000000000000100000000000000000000000000000000000000010000000000000000000
10000000000000000000100000000000000000000000000000000000000010000000000000000000000000000000000000001000000000000000000010000000000000000000000000000000000000001000000000000000000000000000000000000000
10000000000000000000100000000000000000001000000000000000000010000000000000000000100000000000000000001000000000000000000010000000000000000000100000000000000000001000000000000000000000000000000000000000
00000000000000000000000000000000000000000000000000000000000000000000000000000000000000000000000000001000000000000000000000000000000000000000000000000000000000001000000000000000000010000000000000000000
10000000000000000000100000000000000000000000000000000000000010000000000000000000000000000000000000000000000000000000000000000000000000000000000000000000000000000000000000000000000010000000000000000000
00000000000000000000100000000000000000000000000000000000000000000000000000000000100000000000000000001000000000000000000000000000000000000000100000000000000000000000000000000000000010000000000000000000
10000000000000000000000000000000000000001000000000000000000010000000000000000000100000000000000000000000000000000000000010000000000000000000000000000000000000001000000000000000000010000000000000000000
10000000000000000000000000000000000000000000000000000000000010000000000000000000100000000000000000001000000000000000000000000000000000000000100000000000000000001000000000000000000010000000000000000000
10000000000000000000100000000000000000001000000000000000000010000000000000000000000000000000000000001000000000000000000010000000000000000000000000000000000000001000000000000000000010000000000000000000
10000000000000000000000000000000000000001000000000000000000010000000000000000000100000000000000000001000000000000000000000000000000000000000000000000000000000001000000000000000000010000000000000000000
10000000000000000000100000000000000000001000000000000000000010000000000000000000100000000000000000001000000000000000000010000000000000000000100000000000000000000000000000000000000010000000000000000000
10000000000000000000000000000000000000000000000000000000000010000000000000000000000000000000000000001000000000000000000000000000000000000000000000000000000000001000000000000000000000000000000000000000
10000000000000000000000000000000000000001000000000000000000000000000000000000000100000000000000000000000000000000000000000000000000000000000000000000000000000001000000000000000000000000000000000000000
10000000000000000000000000000000000000001000000000000000000010000000000000000000000000000000000000000000000000000000000000000000000000000000100000000000000000001000000000000000000010000000000000000000
10000000000000000000100000000000000000000000000000000000000010000000000000000000100000000000000000001000000000000000000000000000000000000000000000000000000000001000000000000000000010000000000000000000
10000000000000000000100000000000000000001000000000000000000000000000000000000000000000000000000000001000000000000000000010000000000000000000000000000000000000001000000000000000000000000000000000000000
01001110110001111111000010001111001101001010011011100011101110111110001011110011110000110101010100111101011011101010111100100001111001010101111011001101111110010101111110110101011110101100111100010011
10000000000000000000100000000000000000000000000000000000000000000000000000000000000000000000000000000000000000000000000000000000000000000000100000000000000000001000000000000000000010000000000000000000
00000000000000000000000000000000000000001000000000000000000010000000000000000000000000000000000000001000000000000000000010000000000000000000000000000000000000000000000000000000000010000000000000000000
10000000000000000000100000000000000000001000000000000000000010000000000000000000100000000000000000001000000000000000000000000000000000000000000000000000000000000000000000000000000000000000000000000000
10000000000000000000000000000000000000001000000000000000000010000000000000000000100000000000000000000000000000000000000010000000000000000000100000000000000000001000000000000000000010000000000000000000
00000000000000000000000000000000000000000000000000000000000000000000000000000000100000000000000000000000000000000000000000000000000000000000000000000000000000001000000000000000000010000000000000000000
00000000000000000000100000000000000000000000000000000000000000000000000000000000000000000000000000000000000000000000000010000000000000000000000000000000000000000000000000000000000000000000000000000000
00000000000000000000000000000000000000001000000000000000000000000000000000000000100000000000000000000000000000000000000000000000000000000000100000000000000000001000000000000000000000000000000000000000
10000000000000000000100000000000000000000000000000000000000010000000000000000000100000000000000000000000000000000000000010000000000000000000000000000000000000000000000000000000000010000000000000000000
00000000000000000000100000000000000000001000000000000000000010000000000000000000100000000000000000001000000000000000000010000000000000000000100000000000000000001000000000000000000000000000000000000000
10000000000000000000000000000000000000000000000000000000000010000000000000000000100000000000000000001000000000000000000010000000000000000000000000000000000000000000000000000000000010000000000000000000
10000000000000000000100000000000000000001000000000000000000000000000000000000000000000000000000000001000000000000000000010000000000000000000000000000000000000001000000000000000000010000000000000000000
10000000000000000000100000000000000000000000000000000000000000000000000000000000100000000000000000001000000000000000000000000000000000000000100000000000000000001000000000000000000010000000000000000000
00000000000000000000100000000000000000001000000000000000000010000000000000000000100000000000000000001000000000000000000010000000000000000000100000000000000000000000000000000000000010000000000000000000
10000000000000000000100000000000000000000000000000000000000000000000000000000000100000000000000000000000000000000000000000000000000000000000000000000000000000001000000000000000000010000000000000000000
00000000000000000000000000000000000000001000000000000000000010000000000000000000100000000000000000001000000000000000000000000000000000000000100000000000000000001000000000000000000010000000000000000000
00000000000000000000000000000000000000001000000000000000000010000000000000000000000000000000000000000000000000000000000000000000000000000000100000000000000000001000000000000000000000000000000000000000
10000000000000000000000000000000000000001000000000000000000010000000000000000000100000000000000000001000000000000000000010000000000000000000000000000000000000001000000000000000000010000000000000000000
00000000000000000000000000000000000000000000000000000000000000000000000000000000100000000000000000001000000000000000000010000000000000000000000000000000000000000000000000000000000010000000000000000000
10000000000000000000100000000000000000000000000000000000000010000000000000000000000000000000000000001000000000000000000000000000000000000000000000000000000000001000000000000000000010000000000000000000
11101100101111100111110010101111111010111010111001000010011111110010101000010110100001111011100111110111010001101101001111010100011101101111011110110001001110011101100011001110100010110100001101010111
00000000000000000000100000000000000000001000000000000000000000000000000000000000000000000000000000001000000000000000000000000000000000000000000000000000000000001000000000000000000010000000000000000000
00000000000000000000100000000000000000000000000000000000000010000000000000000000100000000000000000000000000000000000000010000000000000000000000000000000000000001000000000000000000010000000000000000000
10000000000000000000100000000000000000001000000000000000000010000000000000000000100000000000000000000000000000000000000010000000000000000000000000000000000000000000000000000000000000000000000000000000
10000000000000000000100000000000000000001000000000000000000010000000000000000000000000000000000000001000000000000000000000000000000000000000100000000000000000001000000000000000000010000000000000000000
10000000000000000000000000000000000000001000000000000000000000000000000000000000000000000000000000001000000000000000000010000000000000000000100000000000000000001000000000000000000010000000000000000000
00000000000000000000100000000000000000000000000000000000000010000000000000000000100000000000000000000000000000000000000010000000000000000000100000000000000000000000000000000000000010000000000000000000
00000000000000000000100000000000000000000000000000000000000010000000000000000000000000000000000000000000000000000000000010000000000000000000100000000000000000001000000000000000000000000000000000000000
10000000000000000000000000000000000000000000000000000000000010000000000000000000000000000000000000000000000000000000000010000000000000000000100000000000000000001000000000000000000000000000000000000000
10000000000000000000000000000000000000000000000000000000000010000000000000000000100000000000000000000000000000000000000010000000000000000000000000000000000000001000000000000000000000000000000000000000
10000000000000000000100000000000000000001000000000000000000010000000000000000000100000000000000000001000000000000000000010000000000000000000100000000000000000001000000000000000000000000000000000000000
00000000000000000000100000000000000000001000000000000000000010000000000000000000100000000000000000000000000000000000000010000000000000000000100000000000000000001000000000000000000000000000000000000000
10000000000000000000100000000000000000001000000000000000000010000000000000000000100000000000000000001000000000000000000010000000000000000000100000000000000000000000000000000000000000000000000000000000
00000000000000000000000000000000000000001000000000000000000000000000000000000000000000000000000000001000000000000000000010000000000000000000100000000000000000000000000000000000000010000000000000000000
10000000000000000000100000000000000000001000000000000000000010000000000000000000000000000000000000001000000000000000000000000000000000000000100000000000000000000000000000000000000010000000000000000000
00000000000000000000100000000000000000001000000000000000000010000000000000000000100000000000000000001000000000000000000000000000000000000000100000000000000000000000000000000000000010000000000000000000
10000000000000000000000000000000000000001000000000000000000010000000000000000000000000000000000000000000000000000000000010000000000000000000000000000000000000001000000000000000000010000000000000000000
00000000000000000000100000000000000000000000000000000000000010000000000000000000000000000000000000001000000000000000000010000000000000000000100000000000000000000000000000000000000010000000000000000000
10000000000000000000100000000000000000000000000000000000000010000000000000000000100000000000000000000000000000000000000010000000000000000000000000000000000000001000000000000000000010000000000000000000
10000000000000000000000000000000000000000000000000000000000000000000000000000000100000000000000000001000000000000000000010000000000000000000100000000000000000000000000000000000000010000000000000000000
00111111111001010010111110111001001000101001010111011101011001001011110111011101100000010101101101011011110111000010111111101011110011101111110011000111011101101000110101011011010010011100111001101001
00000000000000000000100000000000000000001000000000000000000010000000000000000000100000000000000000001000000000000000000000000000000000000000100000000000000000000000000000000000000000000000000000000000
10000000000000000000100000000000000000000000000000000000000000000000000000000000100000000000000000000000000000000000000000000000000000000000100000000000000000001000000000000000000010000000000000000000
10000000000000000000100000000000000000001000000000000000000000000000000000000000000000000000000000000000000000000000000000000000000000000000100000000000000000001000000000000000000010000000000000000000
10000000000000000000100000000000000000000000000000000000000010000000000000000000100000000000000000001000000000000000000010000000000000000000100000000000000000001000000000000000000000000000000000000000
10000000000000000000000000000000000000000000000000000000000010000000000000000000100000000000000000000000000000000000000010000000000000000000100000000000000000000000000000000000000010000000000000000000
10000000000000000000100000000000000000001000000000000000000000000000000000000000100000000000000000001000000000000000000010000000000000000000100000000000000000001000000000000000000010000000000000000000
10000000000000000000000000000000000000001000000000000000000010000000000000000000100000000000000000001000000000000000000010000000000000000000000000000000000000001000000000000000000010000000000000000000
00000000000000000000100000000000000000001000000000000000000010000000000000000000000000000000000000000000000000000000000000000000000000000000100000000000000000001000000000000000000000000000000000000000
00000000000000000000100000000000000000001000000000000000000000000000000000000000100000000000000000001000000000000000000000000000000000000000100000000000000000000000000000000000000010000000000000000000
00000000000000000000100000000000000000000000000000000000000010000000000000000000100000000000000000000000000000000000000010000000000000000000000000000000000000001000000000000000000010000000000000000000
10000000000000000000000000000000000000000000000000000000000010000000000000000000000000000000000000000000000000000000000010000000000000000000000000000000000000000000000000000000000000000000000000000000
00000000000000000000100000000000000000001000000000000000000010000000000000000000100000000000000000000000000000000000000000000000000000000000100000000000000000001000000000000000000000000000000000000000
00000000000000000000000000000000000000001000000000000000000010000000000000000000100000000000000000001000000000000000000010000000000000000000000000000000000000001000000000000000000000000000000000000000
00000000000000000000100000000000000000001000000000000000000010000000000000000000100000000000000000001000000000000000000010000000000000000000000000000000000000001000000000000000000010000000000000000000
10000000000000000000000000000000000000000000000000000000000010000000000000000000000000000000000000001000000000000000000010000000000000000000100000000000000000001000000000000000000000000000000000000000
10000000000000000000100000000000000000001000000000000000000010000000000000000000100000000000000000001000000000000000000010000000000000000000000000000000000000001000000000000000000010000000000000000000
00000000000000000000000000000000000000001000000000000000000000000000000000000000100000000000000000001000000000000000000010000000000000000000000000000000000000001000000000000000000010000000000000000000
10000000000000000000000000000000000000001000000000000000000010000000000000000000100000000000000000001000000000000000000010000000000000000000100000000000000000001000000000000000000010000000000000000000
10000000000000000000100000000000000000001000000000000000000000000000000000000000100000000000000000001000000000000000000000000000000000000000100000000000000000001000000000000000000000000000000000000000
01111011010101111000101011111000001111111111011011001011110100111110110100111101001110011000001101110010111101111110010111111111100011010011110111111100110101011010011110010111101100111111100101000011
10000000000000000000000000000000000000001000000000000000000000000000000000000000100000000000000000001000000000000000000000000000000000000000100000000000000000001000000000000000000010000000000000000000
00000000000000000000100000000000000000001000000000000000000000000000000000000000100000000000000000001000000000000000000010000000000000000000100000000000000000000000000000000000000010000000000000000000
10000000000000000000100000000000000000000000000000000000000010000000000000000000100000000000000000000000000000000000000000000000000000000000000000000000000000001000000000000000000010000000000000000000
10000000000000000000100000000000000000001000000000000000000010000000000000000000000000000000000000001000000000000000000010000000000000000000000000000000000000000000000000000000000010000000000000000000
00000000000000000000100000000000000000001000000000000000000000000000000000000000100000000000000000000000000000000000000000000000000000000000100000000000000000001000000000000000000000000000000000000000
10000000000000000000100000000000000000000000000000000000000010000000000000000000100000000000000000001000000000000000000010000000000000000000100000000000000000001000000000000000000000000000000000000000
10000000000000000000100000000000000000000000000000000000000000000000000000000000100000000000000000000000000000000000000000000000000000000000100000000000000000000000000000000000000010000000000000000000
10000000000000000000100000000000000000001000000000000000000010000000000000000000000000000000000000001000000000000000000010000000000000000000100000000000000000001000000000000000000010000000000000000000
10000000000000000000100000000000000000001000000000000000000010000000000000000000100000000000000000001000000000000000000010000000000000000000100000000000000000000000000000000000000010000000000000000000
10000000000000000000100000000000000000001000000000000000000000000000000000000000100000000000000000000000000000000000000000000000000000000000100000000000000000001000000000000000000000000000000000000000
00000000000000000000100000000000000000001000000000000000000010000000000000000000100000000000000000001000000000000000000010000000000000000000100000000000000000000000000000000000000000000000000000000000
10000000000000000000100000000000000000001000000000000000000010000000000000000000000000000000000000001000000000000000000010000000000000000000000000000000000000001000000000000000000000000000000000000000
00000000000000000000100000000000000000000000000000000000000000000000000000000000000000000000000000001000000000000000000000000000000000000000100000000000000000001000000000000000000010000000000000000000
10000000000000000000100000000000000000000000000000000000000010000000000000000000100000000000000000001000000000000000000000000000000000000000100000000000000000000000000000000000000010000000000000000000
00000000000000000000100000000000000000000000000000000000000000000000000000000000100000000000000000001000000000000000000000000000000000000000100000000000000000001000000000000000000010000000000000000000
00000000000000000000000000000000000000001000000000000000000010000000000000000000000000000000000000000000000000000000000010000000000000000000000000000000000000000000000000000000000010000000000000000000
10000000000000000000000000000000000000001000000000000000000010000000000000000000100000000000000000001000000000000000000010000000000000000000100000000000000000001000000000000000000000000000000000000000
00000000000000000000100000000000000000001000000000000000000010000000000000000000000000000000000000001000000000000000000010000000000000000000100000000000000000001000000000000000000010000000000000000000
10000000000000000000100000000000000000000000000000000000000000000000000000000000000000000000000000000000000000000000000010000000000000000000000000000000000000001000000000000000000010000000000000000000
10010000101101111101110001111010010110001101101110111110001011101111010101011110110010111011010110111110110001001110111101110011110111011000000110011011111011010101110100111111010001111101011000111111
10000000000000000000000000000000000000000000000000000000000000000000000000000000100000000000000000001000000000000000000000000000000000000000100000000000000000001000000000000000000000000000000000000000
10000000000000000000100000000000000000000000000000000000000000000000000000000000000000000000000000001000000000000000000010000000000000000000100000000000000000000000000000000000000010000000000000000000
10000000000000000000100000000000000000000000000000000000000010000000000000000000000000000000000000000000000000000000000010000000000000000000100000000000000000000000000000000000000000000000000000000000
10000000000000000000100000000000000000000000000000000000000010000000000000000000000000000000000000001000000000000000000000000000000000000000100000000000000000000000000000000000000010000000000000000000
10000000000000000000100000000000000000001000000000000000000010000000000000000000000000000000000000001000000000000000000000000000000000000000000000000000000000000000000000000000000000000000000000000000
10000000000000000000100000000000000000001000000000000000000010000000000000000000100000000000000000000000000000000000000010000000000000000000000000000000000000001000000000000000000010000000000000000000
10000000000000000000100000000000000000001000000000000000000010000000000000000000000000000000000000001000000000000000000000000000000000000000100000000000000000000000000000000000000010000000000000000000
00000000000000000000000000000000000000000000000000000000000010000000000000000000000000000000000000001000000000000000000010000000000000000000100000000000000000001000000000000000000000000000000000000000
10000000000000000000000000000000000000001000000000000000000000000000000000000000100000000000000000001000000000000000000000000000000000000000100000000000000000001000000000000000000000000000000000000000
10000000000000000000100000000000000000000000000000000000000010000000000000000000000000000000000000001000000000000000000000000000000000000000100000000000000000001000000000000000000000000000000000000000
10000000000000000000100000000000000000000000000000000000000000000000000000000000100000000000000000000000000000000000000000000000000000000000000000000000000000000000000000000000000010000000000000000000
10000000000000000000000000000000000000000000000000000000000010000000000000000000000000000000000000000000000000000000000010000000000000000000100000000000000000000000000000000000000000000000000000000000
00000000000000000000000000000000000000001000000000000000000010000000000000000000000000000000000000001000000000000000000010000000000000000000100000000000000000000000000000000000000000000000000000000000
10000000000000000000100000000000000000001000000000000000000000000000000000000000100000000000000000000000000000000000000000000000000000000000000000000000000000000000000000000000000010000000000000000000
00000000000000000000000000000000000000001000000000000000000010000000000000000000100000000000000000001000000000000000000010000000000000000000000000000000000000000000000000000000000010000000000000000000
10000000000000000000000000000000000000000000000000000000000000000000000000000000000000000000000000001000000000000000000010000000000000000000100000000000000000000000000000000000000000000000000000000000
10000000000000000000100000000000000000001000000000000000000010000000000000000000000000000000000000001000000000000000000010000000000000000000100000000000000000000000000000000000000000000000000000000000
10000000000000000000000000000000000000000000000000000000000010000000000000000000100000000000000000001000000000000000000000000000000000000000100000000000000000001000000000000000000010000000000000000000
10000000000000000000100000000000000000001000000000000000000000000000000000000000100000000000000000000000000000000000000010000000000000000000100000000000000000001000000000000000000000000000000000000000
11011110101100101110100001100110111110011111011110111100001111101000010011001110101111100110011110110011010011100001000100001111100001010001110110111010101001110011111010010101011101011011001001110111
10000000000000000000100000000000000000001000000000000000000010000000000000000000000000000000000000000000000000000000000010000000000000000000100000000000000000000000000000000000000010000000000000000000
10000000000000000000000000000000000000000000000000000000000010000000000000000000000000000000000000001000000000000000000010000000000000000000100000000000000000001000000000000000000000000000000000000000
10000000000000000000100000000000000000001000000000000000000000000000000000000000100000000000000000000000000000000000000010000000000000000000000000000000000000001000000000000000000000000000000000000000
00000000000000000000000000000000000000001000000000000000000010000000000000000000000000000000000000000000000000000000000000000000000000000000100000000000000000001000000000000000000000000000000000000000
10000000000000000000100000000000000000000000000000000000000010000000000000000000000000000000000000001000000000000000000010000000000000000000100000000000000000000000000000000000000010000000000000000000
00000000000000000000100000000000000000000000000000000000000000000000000000000000100000000000000000001000000000000000000000000000000000000000000000000000000000001000000000000000000010000000000000000000
00000000000000000000000000000000000000000000000000000000000010000000000000000000100000000000000000001000000000000000000010000000000000000000100000000000000000000000000000000000000010000000000000000000
00000000000000000000000000000000000000000000000000000000000000000000000000000000000000000000000000001000000000000000000000000000000000000000100000000000000000001000000000000000000010000000000000000000
00000000000000000000000000000000000000000000000000000000000010000000000000000000100000000000000000001000000000000000000010000000000000000000100000000000000000001000000000000000000000000000000000000000
10000000000000000000000000000000000000001000000000000000000010000000000000000000000000000000000000001000000000000000000000000000000000000000100000000000000000001000000000000000000010000000000000000000
00000000000000000000100000000000000000000000000000000000000010000000000000000000000000000000000000001000000000000000000010000000000000000000000000000000000000001000000000000000000010000000000000000000
00000000000000000000000000000000000000001000000000000000000010000000000000000000100000000000000000001000000000000000000010000000000000000000100000000000000000001000000000000000000000000000000000000000
10000000000000000000100000000000000000001000000000000000000010000000000000000000100000000000000000000000000000000000000000000000000000000000100000000000000000001000000000000000000010000000000000000000
00000000000000000000100000000000000000000000000000000000000000000000000000000000000000000000000000000000000000000000000000000000000000000000100000000000000000001000000000000000000010000000000000000000
10000000000000000000100000000000000000000000000000000000000010000000000000000000100000000000000000001000000000000000000000000000000000000000100000000000000000001000000000000000000000000000000000000000
10000000000000000000100000000000000000001000000000000000000010000000000000000000100000000000000000001000000000000000000010000000000000000000000000000000000000000000000000000000000010000000000000000000
00000000000000000000100000000000000000000000000000000000000010000000000000000000100000000000000000000000000000000000000000000000000000000000100000000000000000001000000000000000000010000000000000000000
10000000000000000000100000000000000000000000000000000000000000000000000000000000100000000000000000001000000000000000000000000000000000000000000000000000000000001000000000000000000010000000000000000000
10000000000000000000000000000000000000001000000000000000000010000000000000000000100000000000000000001000000000000000000010000000000000000000100000000000000000001000000000000000000000000000000000000000
199 198
010110101111010011010100000110001110111101101011011101101101100010011111111111101101010100110011101100111111100001011001100100000100111011111100000110111110101101010011100100111011101111111011110000
100000000000000000010000000000000000000000000000000000000100000000000000000010000000000000000001000000000000000000100000000000000000010000000000000000000000000000000000000000000000000000000010000000
000000000000000000010000000000000000000000000000000000000000000000000000000010000000000000000001000000000000000000100000000000000000010000000000000000000000000000000000000000000000000000000010000000
000000000000000000010000000000000000001000000000000000000000000000000000000000000000000000000001000000000000000000000000000000000000010000000000000000001000000000000000000000000000000000000010000000
100000000000000000010000000000000000000000000000000000000000000000000000000010000000000000000001000000000000000000100000000000000000010000000000000000000000000000000000000100000000000000000010000000
100000000000000000010000000000000000001000000000000000000100000000000000000000000000000000000000000000000000000000000000000000000000000000000000000000001000000000000000000000000000000000000010000000
100000000000000000000000000000000000001000000000000000000000000000000000000010000000000000000000000000000000000000100000000000000000010000000000000000000000000000000000000000000000000000000000000000
100000000000000000010000000000000000001000000000000000000000000000000000000010000000000000000001000000000000000000000000000000000000010000000000000000001000000000000000000100000000000000000010000000
000000000000000000000000000000000000000000000000000000000100000000000000000010000000000000000001000000000000000000100000000000000000010000000000000000001000000000000000000000000000000000000000000000
000000000000000000000000000000000000001000000000000000000100000000000000000010000000000000000000000000000000000000100000000000000000010000000000000000001000000000000000000100000000000000000000000000
100000000000000000010000000000000000001000000000000000000100000000000000000000000000000000000001000000000000000000000000000000000000000000000000000000000000000000000000000100000000000000000010000000
100000000000000000000000000000000000001000000000000000000100000000000000000010000000000000000001000000000000000000000000000000000000010000000000000000001000000000000000000000000000000000000010000000
000000000000000000010000000000000000001000000000000000000000000000000000000010000000000000000000000000000000000000100000000000000000010000000000000000000000000000000000000000000000000000000010000000
000000000000000000010000000000000000001000000000000000000100000000000000000010000000000000000001000000000000000000000000000000000000010000000000000000001000000000000000000100000000000000000010000000
100000000000000000000000000000000000000000000000000000000000000000000000000000000000000000000001000000000000000000100000000000000000010000000000000000000000000000000000000100000000000000000010000000
000000000000000000010000000000000000000000000000000000000000000000000000000010000000000000000000000000000000000000100000000000000000000000000000000000001000000000000000000100000000000000000000000000
000000000000000000000000000000000000001000000000000000000000000000000000000010000000000000000001000000000000000000100000000000000000010000000000000000000000000000000000000000000000000000000000000000
000000000000000000000000000000000000001000000000000000000100000000000000000010000000000000000001000000000000000000100000000000000000010000000000000000001000000000000000000100000000000000000000000000
100000000000000000010000000000000000001000000000000000000100000000000000000010000000000000000000000000000000000000100000000000000000010000000000000000000000000000000000000000000000000000000000000000
111101011010011100111101110101011111110101011010101111000110010111110111011110111001111001111100101001001000011011110101101001010010011111010111111011001101000111010101000101101001111000010111100001
100000000000000000000000000000000000001000000000000000000100000000000000000000000000000000000001000000000000000000100000000000000000000000000000000000001000000000000000000100000000000000000010000000
100000000000000000000000000000000000001000000000000000000100000000000000000010000000000000000000000000000000000000000000000000000000010000000000000000001000000000000000000100000000000000000000000000
000000000000000000010000000000000000000000000000000000000000000000000000000000000000000000000001000000000000000000000000000000000000010000000000000000000000000000000000000000000000000000000000000000
100000000000000000010000000000000000000000000000000000000000000000000000000010000000000000000000000000000000000000100000000000000000000000000000000000000000000000000000000100000000000000000000000000
000000000000000000000000000000000000000000000000000000000000000000000000000010000000000000000001000000000000000000100000000000000000010000000000000000000000000000000000000100000000000000000010000000
000000000000000000000000000000000000000000000000000000000000000000000000000010000000000000000001000000000000000000100000000000000000000000000000000000001000000000000000000100000000000000000010000000
000000000000000000000000000000000000001000000000000000000100000000000000000010000000000000000000000000000000000000000000000000000000000000000000000000000000000000000000000100000000000000000000000000
100000000000000000000000000000000000001000000000000000000100000000000000000000000000000000000001000000000000000000100000000000000000010000000000000000001000000000000000000100000000000000000000000000
000000000000000000010000000000000000001000000000000000000100000000000000000000000000000000000000000000000000000000100000000000000000000000000000000000000000000000000000000100000000000000000010000000
100000000000000000000000000000000000001000000000000000000100000000000000000010000000000000000001000000000000000000100000000000000000010000000000000000000000000000000000000100000000000000000010000000
100000000000000000000000000000000000001000000000000000000100000000000000000000000000000000000001000000000000000000000000000000000000010000000000000000001000000000000000000100000000000000000010000000
000000000000000000000000000000000000000000000000000000000100000000000000000000000000000000000000000000000000000000100000000000000000010000000000000000001000000000000000000100000000000000000000000000
000000000000000000010000000000000000001000000000000000000000000000000000000010000000000000000001000000000000000000100000000000000000010000000000000000000000000000000000000100000000000000000000000000
100000000000000000000000000000000000001000000000000000000100000000000000000010000000000000000001000000000000000000100000000000000000010000000000000000001000000000000000000000000000000000000010000000
000000000000000000010000000000000000000000000000000000000000000000000000000000000000000000000000000000000000000000000000000000000000000000000000000000001000000000000000000100000000000000000010000000
100000000000000000010000000000000000000000000000000000000000000000000000000010000000000000000001000000000000000000000000000000000000010000000000000000001000000000000000000100000000000000000010000000
100000000000000000000000000000000000001000000000000000000100000000000000000010000000000000000000000000000000000000100000000000000000010000000000000000001000000000000000000000000000000000000010000000
000000000000000000010000000000000000000000000000000000000100000000000000000000000000000000000000000000000000000000000000000000000000000000000000000000001000000000000000000100000000000000000010000000
100110110010101010111000011011011011110101001101001100110011111101011101110000101111011001111011101101110011010011111110111011010000100010111101110011010100101111010111011100110010010011111110101101
100000000000000000000000000000000000001000000000000000000100000000000000000000000000000000000001000000000000000000100000000000000000010000000000000000001000000000000000000100000000000000000000000000
000000000000000000010000000000000000001000000000000000000000000000000000000000000000000000000001000000000000000000100000000000000000010000000000000000000000000000000000000000000000000000000000000000
100000000000000000010000000000000000000000000000000000000100000000000000000000000000000000000000000000000000000000100000000000000000000000000000000000001000000000000000000100000000000000000000000000
000000000000000000000000000000000000001000000000000000000100000000000000000010000000000000000001000000000000000000100000000000000000000000000000000000001000000000000000000000000000000000000010000000
100000000000000000010000000000000000000000000000000000000100000000000000000010000000000000000000000000000000000000000000000000000000010000000000000000000000000000000000000100000000000000000010000000
000000000000000000010000000000000000001000000000000000000000000000000000000010000000000000000000000000000000000000100000000000000000010000000000000000000000000000000000000100000000000000000010000000
100000000000000000000000000000000000001000000000000000000100000000000000000000000000000000000000000000000000000000100000000000000000010000000000000000001000000000000000000100000000000000000010000000
100000000000000000000000000000000000000000000000000000000100000000000000000010000000000000000000000000000000000000000000000000000000010000000000000000001000000000000000000100000000000000000010000000
100000000000000000010000000000000000001000000000000000000000000000000000000010000000000000000000000000000000000000100000000000000000010000000000000000001000000000000000000000000000000000000010000000
100000000000000000010000000000000000001000000000000000000100000000000000000010000000000000000000000000000000000000100000000000000000010000000000000000000000000000000000000100000000000000000010000000
100000000000000000010000000000000000001000000000000000000100000000000000000010000000000000000000000000000000000000000000000000000000000000000000000000001000000000000000000000000000000000000000000000
000000000000000000000000000000000000001000000000000000000100000000000000000010000000000000000001000000000000000000000000000000000000000000000000000000001000000000000000000100000000000000000010000000
100000000000000000000000000000000000000000000000000000000100000000000000000010000000000000000001000000000000000000000000000000000000010000000000000000001000000000000000000100000000000000000000000000
000000000000000000000000000000000000001000000000000000000100000000000000000010000000000000000001000000000000000000100000000000000000010000000000000000001000000000000000000000000000000000000010000000
000000000000000000010000000000000000001000000000000000000100000000000000000010000000000000000001000000000000000000000000000000000000000000000000000000000000000000000000000000000000000000000010000000
100000000000000000010000000000000000001000000000000000000000000000000000000010000000000000000000000000000000000000100000000000000000010000000000000000001000000000000000000000000000000000000000000000
000000000000000000000000000000000000001000000000000000000000000000000000000010000000000000000001000000000000000000000000000000000000000000000000000000001000000000000000000000000000000000000010000000
100000000000000000000000000000000000000000000000000000000100000000000000000010000000000000000000000000000000000000000000000000000000010000000000000000001000000000000000000100000000000000000010000000
100101011110100111010110111110111101100010010110011001111100101111111111101011111111111010101110111011111100110111101101010111010111111110011110010110001000110110111110111011111010100111001110001110
100000000000000000000000000000000000001000000000000000000100000000000000000010000000000000000001000000000000000000000000000000000000010000000000000000001000000000000000000100000000000000000000000000
000000000000000000000000000000000000001000000000000000000000000000000000000010000000000000000001000000000000000000000000000000000000000000000000000000000000000000000000000000000000000000000010000000
100000000000000000010000000000000000000000000000000000000100000000000000000010000000000000000001000000000000000000000000000000000000010000000000000000000000000000000000000000000000000000000000000000
100000000000000000000000000000000000001000000000000000000000000000000000000010000000000000000001000000000000000000100000000000000000010000000000000000001000000000000000000100000000000000000000000000
100000000000000000000000000000000000001000000000000000000100000000000000000010000000000000000001000000000000000000100000000000000000000000000000000000001000000000000000000100000000000000000010000000
000000000000000000000000000000000000001000000000000000000100000000000000000010000000000000000001000000000000000000100000000000000000000000000000000000001000000000000000000000000000000000000000000000
100000000000000000010000000000000000001000000000000000000100000000000000000010000000000000000001000000000000000000100000000000000000010000000000000000001000000000000000000100000000000000000000000000
000000000000000000000000000000000000000000000000000000000100000000000000000000000000000000000001000000000000000000100000000000000000000000000000000000001000000000000000000000000000000000000010000000
100000000000000000000000000000000000001000000000000000000000000000000000000010000000000000000000000000000000000000000000000000000000010000000000000000001000000000000000000100000000000000000000000000
100000000000000000010000000000000000001000000000000000000100000000000000000000000000000000000001000000000000000000100000000000000000010000000000000000000000000000000000000000000000000000000000000000
100000000000000000010000000000000000001000000000000000000000000000000000000010000000000000000000000000000000000000100000000000000000010000000000000000000000000000000000000100000000000000000000000000
100000000000000000010000000000000000000000000000000000000000000000000000000000000000000000000001000000000000000000100000000000000000010000000000000000001000000000000000000000000000000000000000000000
000000000000000000000000000000000000000000000000000000000100000000000000000010000000000000000001000000000000000000100000000000000000010000000000000000001000000000000000000100000000000000000010000000
100000000000000000010000000000000000001000000000000000000000000000000000000000000000000000000000000000000000000000000000000000000000010000000000000000000000000000000000000100000000000000000000000000
100000000000000000010000000000000000001000000000000000000000000000000000000000000000000000000001000000000000000000100000000000000000000000000000000000000000000000000000000100000000000000000010000000
000000000000000000000000000000000000001000000000000000000000000000000000000010000000000000000001000000000000000000100000000000000000010000000000000000000000000000000000000000000000000000000010000000
100000000000000000010000000000000000001000000000000000000000000000000000000010000000000000000001000000000000000000100000000000000000000000000000000000001000000000000000000100000000000000000010000000
100000000000000000010000000000000000000000000000000000000100000000000000000000000000000000000001000000000000000000100000000000000000010000000000000000001000000000000000000100000000000000000010000000
111010011001110010001101011100000110001001100111100101110110100110101101110100111110101110111101011011110011011010111101101111101101011101000111011101110011000001011011100101111101101011111111011011
000000000000000000000000000000000000001000000000000000000100000000000000000000000000000000000001000000000000000000000000000000000000000000000000000000001000000000000000000000000000000000000000000000
100000000000000000010000000000000000001000000000000000000100000000000000000010000000000000000000000000000000000000100000000000000000000000000000000000001000000000000000000100000000000000000010000000
000000000000000000010000000000000000000000000000000000000100000000000000000010000000000000000000000000000000000000100000000000000000010000000000000000001000000000000000000100000000000000000000000000
100000000000000000010000000000000000001000000000000000000000000000000000000010000000000000000001000000000000000000100000000000000000000000000000000000000000000000000000000000000000000000000000000000
100000000000000000010000000000000000001000000000000000000100000000000000000010000000000000000001000000000000000000100000000000000000010000000000000000001000000000000000000000000000000000000010000000
000000000000000000000000000000000000001000000000000000000100000000000000000000000000000000000001000000000000000000100000000000000000010000000000000000000000000000000000000100000000000000000000000000
100000000000000000000000000000000000001000000000000000000000000000000000000000000000000000000000000000000000000000100000000000000000000000000000000000000000000000000000000000000000000000000010000000
000000000000000000000000000000000000001000000000000000000100000000000000000010000000000000000001000000000000000000100000000000000000000000000000000000001000000000000000000100000000000000000000000000
000000000000000000010000000000000000000000000000000000000100000000000000000010000000000000000001000000000000000000100000000000000000010000000000000000001000000000000000000100000000000000000010000000
100000000000000000010000000000000000001000000000000000000100000000000000000010000000000000000000000000000000000000100000000000000000010000000000000000001000000000000000000100000000000000000010000000
000000000000000000000000000000000000001000000000000000000100000000000000000000000000000000000000000000000000000000100000000000000000000000000000000000000000000000000000000000000000000000000010000000
000000000000000000010000000000000000000000000000000000000000000000000000000000000000000000000001000000000000000000000000000000000000010000000000000000001000000000000000000100000000000000000010000000
000000000000000000010000000000000000001000000000000000000100000000000000000000000000000000000001000000000000000000100000000000000000010000000000000000000000000000000000000000000000000000000000000000
000000000000000000000000000000000000001000000000000000000000000000000000000000000000000000000000000000000000000000100000000000000000000000000000000000001000000000000000000000000000000000000000000000
000000000000000000010000000000000000000000000000000000000000000000000000000010000000000000000000000000000000000000100000000000000000010000000000000000000000000000000000000100000000000000000010000000
100000000000000000000000000000000000000000000000000000000000000000000000000010000000000000000001000000000000000000000000000000000000010000000000000000001000000000000000000000000000000000000010000000
100000000000000000010000000000000000001000000000000000000000000000000000000010000000000000000001000000000000000000100000000000000000010000000000000000001000000000000000000100000000000000000010000000
100000000000000000010000000000000000001000000000000000000100000000000000000010000000000000000000000000000000000000000000000000000000000000000000000000000000000000000000000100000000000000000000000000
110100100111010111011100100110100111101001111011110111011011111111111010100001110100001001001011111101100000001111001001111001001111101111111000001111110101110011111101011111101011110100111011111000
000000000000000000010000000000000000000000000000000000000000000000000000000010000000000000000001000000000000000000100000000000000000000000000000000000000000000000000000000100000000000000000010000000
100000000000000000000000000000000000001000000000000000000000000000000000000010000000000000000001000000000000000000100000000000000000010000000000000000000000000000000000000000000000000000000010000000
000000000000000000010000000000000000000000000000000000000000000000000000000010000000000000000001000000000000000000100000000000000000000000000000000000000000000000000000000000000000000000000000000000
100000000000000000000000000000000000001000000000000000000000000000000000000010000000000000000000000000000000000000000000000000000000000000000000000000001000000000000000000100000000000000000010000000
100000000000000000010000000000000000001000000000000000000000000000000000000010000000000000000001000000000000000000100000000000000000010000000000000000001000000000000000000100000000000000000010000000
100000000000000000010000000000000000001000000000000000000100000000000000000000000000000000000001000000000000000000100000000000000000010000000000000000001000000000000000000000000000000000000000000000
100000000000000000000000000000000000001000000000000000000100000000000000000010000000000000000000000000000000000000100000000000000000010000000000000000001000000000000000000100000000000000000010000000
000000000000000000000000000000000000001000000000000000000100000000000000000000000000000000000000000000000000000000000000000000000000000000000000000000001000000000000000000000000000000000000000000000
000000000000000000010000000000000000000000000000000000000000000000000000000000000000000000000000000000000000000000100000000000000000000000000000000000001000000000000000000100000000000000000010000000
100000000000000000010000000000000000001000000000000000000100000000000000000010000000000000000001000000000000000000100000000000000000000000000000000000000000000000000000000000000000000000000010000000
100000000000000000000000000000000000001000000000000000000000000000000000000010000000000000000000000000000000000000000000000000000000000000000000000000001000000000000000000100000000000000000010000000
100000000000000000010000000000000000001000000000000000000100000000000000000000000000000000000001000000000000000000000000000000000000010000000000000000001000000000000000000100000000000000000010000000
000000000000000000010000000000000000001000000000000000000100000000000000000000000000000000000000000000000000000000100000000000000000000000000000000000001000000000000000000100000000000000000000000000
000000000000000000010000000000000000001000000000000000000000000000000000000000000000000000000001000000000000000000000000000000000000010000000000000000001000000000000000000000000000000000000010000000
000000000000000000010000000000000000000000000000000000000100000000000000000010000000000000000001000000000000000000000000000000000000010000000000000000001000000000000000000100000000000000000010000000
100000000000000000010000000000000000000000000000000000000100000000000000000010000000000000000001000000000000000000000000000000000000000000000000000000001000000000000000000100000000000000000010000000
100000000000000000010000000000000000001000000000000000000000000000000000000010000000000000000000000000000000000000000000000000000000010000000000000000001000000000000000000000000000000000000000000000
000000000000000000000000000000000000001000000000000000000100000000000000000010000000000000000001000000000000000000100000000000000000010000000000000000001000000000000000000100000000000000000000000000
001111101011111110011000010100110111011110111111001100110101001111111000000100111101100101111111101111111011110011111110110011110101111001100111011011011111101111011001000100011010111101001011101110
000000000000000000000000000000000000001000000000000000000100000000000000000010000000000000000001000000000000000000000000000000000000010000000000000000000000000000000000000100000000000000000010000000
100000000000000000010000000000000000000000000000000000000100000000000000000000000000000000000001000000000000000000100000000000000000000000000000000000000000000000000000000100000000000000000010000000
100000000000000000010000000000000000001000000000000000000100000000000000000000000000000000000001000000000000000000100000000000000000010000000000000000001000000000000000000100000000000000000000000000
000000000000000000010000000000000000001000000000000000000000000000000000000000000000000000000001000000000000000000100000000000000000010000000000000000001000000000000000000100000000000000000000000000
000000000000000000000000000000000000001000000000000000000000000000000000000010000000000000000001000000000000000000100000000000000000010000000000000000000000000000000000000100000000000000000000000000
000000000000000000010000000000000000001000000000000000000100000000000000000010000000000000000001000000000000000000000000000000000000010000000000000000001000000000000000000000000000000000000000000000
000000000000000000010000000000000000000000000000000000000000000000000000000010000000000000000000000000000000000000100000000000000000000000000000000000000000000000000000000100000000000000000010000000
100000000000000000010000000000000000001000000000000000000100000000000000000000000000000000000000000000000000000000100000000000000000010000000000000000001000000000000000000000000000000000000010000000
100000000000000000010000000000000000001000000000000000000100000000000000000000000000000000000001000000000000000000100000000000000000010000000000000000001000000000000000000000000000000000000010000000
100000000000000000010000000000000000001000000000000000000000000000000000000010000000000000000000000000000000000000100000000000000000010000000000000000001000000000000000000100000000000000000000000000
000000000000000000000000000000000000001000000000000000000100000000000000000010000000000000000000000000000000000000100000000000000000010000000000000000001000000000000000000100000000000000000000000000
100000000000000000010000000000000000001000000000000000000100000000000000000010000000000000000001000000000000000000100000000000000000000000000000000000001000000000000000000100000000000000000000000000
000000000000000000000000000000000000000000000000000000000000000000000000000010000000000000000001000000000000000000100000000000000000010000000000000000000000000000000000000100000000000000000010000000
100000000000000000000000000000000000001000000000000000000000000000000000000000000000000000000000000000000000000000000000000000000000000000000000000000001000000000000000000100000000000000000010000000
100000000000000000000000000000000000001000000000000000000100000000000000000000000000000000000001000000000000000000000000000000000000010000000000000000000000000000000000000100000000000000000000000000
100000000000000000000000000000000000001000000000000000000100000000000000000000000000000000000001000000000000000000000000000000000000010000000000000000001000000000000000000100000000000000000000000000
000000000000000000010000000000000000001000000000000000000100000000000000000000000000000000000000000000000000000000000000000000000000000000000000000000001000000000000000000000000000000000000000000000
100000000000000000010000000000000000001000000000000000000000000000000000000010000000000000000001000000000000000000000000000000000000000000000000000000001000000000000000000100000000000000000000000000
111010111001101001010110100111110100011110100101111111101111110010000001011011111111011000101001110000000010010101111010101010111101101100111000100101101010100110101000111001011101001000011110110100
100000000000000000000000000000000000001000000000000000000000000000000000000010000000000000000000000000000000000000000000000000000000000000000000000000000000000000000000000100000000000000000000000000
000000000000000000000000000000000000001000000000000000000000000000000000000000000000000000000001000000000000000000100000000000000000010000000000000000001000000000000000000000000000000000000000000000
100000000000000000010000000000000000000000000000000000000000000000000000000000000000000000000001000000000000000000100000000000000000000000000000000000001000000000000000000100000000000000000010000000
100000000000000000010000000000000000001000000000000000000100000000000000000010000000000000000000000000000000000000100000000000000000000000000000000000001000000000000000000000000000000000000000000000
000000000000000000000000000000000000000000000000000000000000000000000000000010000000000000000001000000000000000000000000000000000000000000000000000000001000000000000000000000000000000000000000000000
000000000000000000000000000000000000000000000000000000000000000000000000000010000000000000000000000000000000000000100000000000000000000000000000000000000000000000000000000100000000000000000000000000
100000000000000000010000000000000000001000000000000000000100000000000000000000000000000000000001000000000000000000100000000000000000000000000000000000001000000000000000000000000000000000000010000000
100000000000000000010000000000000000001000000000000000000100000000000000000000000000000000000001000000000000000000000000000000000000010000000000000000000000000000000000000000000000000000000010000000
100000000000000000010000000000000000000000000000000000000000000000000000000000000000000000000000000000000000000000000000000000000000010000000000000000001000000000000000000100000000000000000010000000
100000000000000000010000000000000000001000000000000000000100000000000000000000000000000000000001000000000000000000100000000000000000000000000000000000001000000000000000000000000000000000000010000000
100000000000000000010000000000000000001000000000000000000000000000000000000000000000000000000001000000000000000000100000000000000000010000000000000000001000000000000000000100000000000000000010000000
000000000000000000000000000000000000000000000000000000000000000000000000000010000000000000000000000000000000000000100000000000000000010000000000000000001000000000000000000000000000000000000010000000
000000000000000000000000000000000000001000000000000000000000000000000000000010000000000000000000000000000000000000100000000000000000010000000000000000001000000000000000000000000000000000000000000000
100000000000000000010000000000000000001000000000000000000100000000000000000010000000000000000000000000000000000000100000000000000000000000000000000000000000000000000000000100000000000000000010000000
000000000000000000010000000000000000000000000000000000000000000000000000000000000000000000000000000000000000000000100000000000000000010000000000000000001000000000000000000000000000000000000010000000
100000000000000000010000000000000000001000000000000000000000000000000000000000000000000000000000000000000000000000100000000000000000010000000000000000001000000000000000000100000000000000000010000000
100000000000000000010000000000000000001000000000000000000100000000000000000010000000000000000000000000000000000000100000000000000000010000000000000000001000000000000000000100000000000000000000000000
000000000000000000010000000000000000001000000000000000000000000000000000000000000000000000000001000000000000000000100000000000000000010000000000000000000000000000000000000000000000000000000010000000
111011110111000101001111011101111110011001100101111101111010111011101110101011100100011111100111001111011011110111100010111110110100110100110100101001110101111101001011111110011101001100001110100111
100000000000000000010000000000000000000000000000000000000000000000000000000000000000000000000001000000000000000000100000000000000000010000000000000000000000000000000000000000000000000000000010000000
100000000000000000010000000000000000001000000000000000000100000000000000000000000000000000000000000000000000000000100000000000000000010000000000000000001000000000000000000100000000000000000000000000
000000000000000000010000000000000000000000000000000000000000000000000000000000000000000000000001000000000000000000100000000000000000010000000000000000001000000000000000000000000000000000000000000000
100000000000000000000000000000000000000000000000000000000100000000000000000010000000000000000001000000000000000000000000000000000000000000000000000000000000000000000000000000000000000000000010000000
100000000000000000010000000000000000000000000000000000000100000000000000000010000000000000000000000000000000000000100000000000000000010000000000000000000000000000000000000000000000000000000010000000
100000000000000000010000000000000000001000000000000000000000000000000000000010000000000000000000000000000000000000100000000000000000010000000000000000001000000000000000000100000000000000000010000000
100000000000000000010000000000000000000000000000000000000100000000000000000010000000000000000001000000000000000000100000000000000000000000000000000000000000000000000000000100000000000000000010000000
100000000000000000010000000000000000001000000000000000000000000000000000000010000000000000000000000000000000000000100000000000000000010000000000000000001000000000000000000100000000000000000000000000
000000000000000000000000000000000000001000000000000000000000000000000000000000000000000000000000000000000000000000100000000000000000010000000000000000001000000000000000000100000000000000000000000000
100000000000000000000000000000000000001000000000000000000100000000000000000010000000000000000001000000000000000000100000000000000000000000000000000000000000000000000000000100000000000000000010000000
000000000000000000010000000000000000001000000000000000000100000000000000000000000000000000000000000000000000000000100000000000000000010000000000000000001000000000000000000100000000000000000000000000
000000000000000000010000000000000000001000000000000000000000000000000000000000000000000000000001000000000000000000100000000000000000000000000000000000001000000000000000000100000000000000000010000000
100000000000000000000000000000000000000000000000000000000100000000000000000000000000000000000001000000000000000000000000000000000000000000000000000000001000000000000000000000000000000000000000000000
000000000000000000010000000000000000000000000000000000000000000000000000000010000000000000000001000000000000000000100000000000000000010000000000000000000000000000000000000000000000000000000000000000
100000000000000000000000000000000000001000000000000000000100000000000000000010000000000000000001000000000000000000100000000000000000010000000000000000000000000000000000000100000000000000000010000000
100000000000000000000000000000000000001000000000000000000100000000000000000010000000000000000001000000000000000000100000000000000000010000000000000000001000000000000000000100000000000000000000000000
100000000000000000010000000000000000001000000000000000000100000000000000000010000000000000000000000000000000000000100000000000000000010000000000000000001000000000000000000100000000000000000000000000
000000000000000000010000000000000000000000000000000000000100000000000000000000000000000000000001000000000000000000100000000000000000000000000000000000001000000000000000000100000000000000000000000000
000011101110010110100101111111110110110111010110001010111010111110100001110111111110111000011000001110101101100101011101001110111111101100111010111001111000110111011111010110101100111001110101011011
100000000000000000000000000000000000000000000000000000000100000000000000000010000000000000000001000000000000000000000000000000000000000000000000000000001000000000000000000100000000000000000000000000
100000000000000000000000000000000000000000000000000000000100000000000000000010000000000000000001000000000000000000100000000000000000010000000000000000001000000000000000000100000000000000000000000000
100000000000000000000000000000000000000000000000000000000000000000000000000010000000000000000001000000000000000000100000000000000000010000000000000000001000000000000000000000000000000000000010000000
000000000000000000010000000000000000000000000000000000000100000000000000000000000000000000000001000000000000000000100000000000000000000000000000000000000000000000000000000100000000000000000000000000
100000000000000000010000000000000000000000000000000000000000000000000000000010000000000000000000000000000000000000000000000000000000000000000000000000001000000000000000000100000000000000000010000000
000000000000000000010000000000000000001000000000000000000100000000000000000010000000000000000000000000000000000000000000000000000000000000000000000000001000000000000000000100000000000000000010000000
100000000000000000000000000000000000000000000000000000000000000000000000000010000000000000000001000000000000000000000000000000000000010000000000000000000000000000000000000100000000000000000010000000
100000000000000000010000000000000000000000000000000000000100000000000000000010000000000000000001000000000000000000000000000000000000000000000000000000000000000000000000000100000000000000000010000000
100000000000000000010000000000000000001000000000000000000100000000000000000010000000000000000000000000000000000000100000000000000000000000000000000000000000000000000000000000000000000000000010000000
100000000000000000010000000000000000000000000000000000000000000000000000000010000000000000000001000000000000000000100000000000000000010000000000000000001000000000000000000100000000000000000010000000
000000000000000000000000000000000000001000000000000000000100000000000000000010000000000000000001000000000000000000000000000000000000010000000000000000000000000000000000000000000000000000000010000000
100000000000000000000000000000000000000000000000000000000000000000000000000010000000000000000000000000000000000000000000000000000000010000000000000000001000000000000000000100000000000000000000000000
100000000000000000010000000000000000000000000000000000000000000000000000000000000000000000000001000000000000000000000000000000000000000000000000000000001000000000000000000100000000000000000000000000
100000000000000000000000000000000000000000000000000000000100000000000000000010000000000000000000000000000000000000000000000000000000010000000000000000000000000000000000000000000000000000000000000000
100000000000000000010000000000000000000000000000000000000100000000000000000000000000000000000000000000000000000000100000000000000000000000000000000000001000000000000000000000000000000000000000000000
100000000000000000000000000000000000000000000000000000000100000000000000000000000000000000000001000000000000000000000000000000000000000000000000000000001000000000000000000000000000000000000010000000
100000000000000000000000000000000000001000000000000000000000000000000000000010000000000000000001000000000000000000100000000000000000000000000000000000001000000000000000000100000000000000000010000000
100000000000000000010000000000000000001000000000000000000000000000000000000010000000000000000000000000000000000000100000000000000000010000000000000000000000000000000000000000000000000000000010000000
110110010101110100111011111111011100101111001100011110011111011010110110111011111110011100000111111011001100001011011000111011111110110001000001111011110111111110111000110110010101010000111111101010
100000000000000000010000000000000000000000000000000000000000000000000000000000000000000000000000000000000000000000100000000000000000010000000000000000001000000000000000000100000000000000000000000000
000000000000000000010000000000000000001000000000000000000100000000000000000010000000000000000001000000000000000000000000000000000000000000000000000000000000000000000000000100000000000000000000000000
100000000000000000000000000000000000001000000000000000000000000000000000000010000000000000000000000000000000000000000000000000000000010000000000000000001000000000000000000100000000000000000010000000
100000000000000000010000000000000000001000000000000000000100000000000000000000000000000000000001000000000000000000100000000000000000010000000000000000001000000000000000000000000000000000000010000000
100000000000000000000000000000000000000000000000000000000000000000000000000000000000000000000000000000000000000000000000000000000000000000000000000000001000000000000000000100000000000000000010000000
100000000000000000010000000000000000000000000000000000000100000000000000000010000000000000000001000000000000000000100000000000000000010000000000000000001000000000000000000000000000000000000000000000
100000000000000000010000000000000000001000000000000000000000000000000000000000000000000000000001000000000000000000000000000000000000000000000000000000001000000000000000000100000000000000000010000000
100000000000000000000000000000000000000000000000000000000000000000000000000010000000000000000000000000000000000000100000000000000000010000000000000000000000000000000000000100000000000000000000000000
200 198
100011111110111110101011011101011001001011111100100000010101101100011100111011011011011111111011100101100011100001000010111100110011011011011111001011011100110110100110111100001101111100111111111011
100000000000000000010000000000000000001000000000000000000000000000000000000010000000000000000001000000000000000000100000000000000000010000000000000000001000000000000000000000000000000000000010000000
000000000000000000010000000000000000000000000000000000000000000000000000000010000000000000000000000000000000000000100000000000000000000000000000000000001000000000000000000000000000000000000000000000
000000000000000000010000000000000000000000000000000000000000000000000000000000000000000000000001000000000000000000100000000000000000010000000000000000001000000000000000000100000000000000000000000000
100000000000000000000000000000000000000000000000000000000000000000000000000010000000000000000001000000000000000000100000000000000000010000000000000000000000000000000000000000000000000000000000000000
100000000000000000010000000000000000000000000000000000000100000000000000000010000000000000000001000000000000000000100000000000000000000000000000000000000000000000000000000000000000000000000010000000
100000000000000000000000000000000000000000000000000000000000000000000000000010000000000000000001000000000000000000000000000000000000010000000000000000001000000000000000000000000000000000000010000000
100000000000000000010000000000000000000000000000000000000000000000000000000010000000000000000000000000000000000000100000000000000000000000000000000000000000000000000000000100000000000000000010000000
000000000000000000010000000000000000001000000000000000000000000000000000000010000000000000000000000000000000000000000000000000000000000000000000000000001000000000000000000100000000000000000010000000
100000000000000000000000000000000000001000000000000000000100000000000000000000000000000000000000000000000000000000100000000000000000000000000000000000001000000000000000000000000000000000000000000000
100000000000000000000000000000000000001000000000000000000100000000000000000000000000000000000000000000000000000000100000000000000000000000000000000000000000000000000000000000000000000000000010000000
100000000000000000010000000000000000001000000000000000000000000000000000000000000000000000000001000000000000000000100000000000000000000000000000000000001000000000000000000000000000000000000000000000
100000000000000000000000000000000000000000000000000000000000000000000000000010000000000000000001000000000000000000100000000000000000000000000000000000000000000000000000000100000000000000000010000000
100000000000000000010000000000000000001000000000000000000100000000000000000010000000000000000001000000000000000000100000000000000000010000000000000000001000000000000000000000000000000000000000000000
100000000000000000010000000000000000000000000000000000000100000000000000000000000000000000000000000000000000000000000000000000000000000000000000000000000000000000000000000000000000000000000010000000
000000000000000000000000000000000000001000000000000000000100000000000000000000000000000000000001000000000000000000000000000000000000010000000000000000000000000000000000000100000000000000000010000000
100000000000000000010000000000000000000000000000000000000100000000000000000010000000000000000001000000000000000000000000000000000000010000000000000000001000000000000000000000000000000000000000000000
000000000000000000010000000000000000000000000000000000000000000000000000000000000000000000000001000000000000000000000000000000000000000000000000000000001000000000000000000000000000000000000010000000
000000000000000000010000000000000000000000000000000000000100000000000000000000000000000000000001000000000000000000000000000000000000010000000000000000001000000000000000000000000000000000000010000000
100000000000000000000000000000000000000000000000000000000100000000000000000010000000000000000000000000000000000000000000000000000000010000000000000000001000000000000000000000000000000000000000000000
110111001111011010101111111000100101001101110111110101010111000011100010000111110101110001111101101101111000111111101101111111010010111001101101100111001110101111110011111111100010010110111000011000
000000000000000000000000000000000000000000000000000000000000000000000000000000000000000000000000000000000000000000000000000000000000000000000000000000000000000000000000000000000000000000000010000000
100000000000000000010000000000000000001000000000000000000100000000000000000000000000000000000001000000000000000000100000000000000000010000000000000000001000000000000000000100000000000000000010000000
100000000000000000010000000000000000000000000000000000000000000000000000000010000000000000000001000000000000000000100000000000000000000000000000000000001000000000000000000100000000000000000010000000
100000000000000000010000000000000000001000000000000000000100000000000000000000000000000000000001000000000000000000100000000000000000000000000000000000000000000000000000000000000000000000000010000000
100000000000000000010000000000000000001000000000000000000100000000000000000000000000000000000001000000000000000000100000000000000000010000000000000000001000000000000000000100000000000000000010000000
100000000000000000010000000000000000001000000000000000000100000000000000000000000000000000000001000000000000000000100000000000000000010000000000000000001000000000000000000000000000000000000000000000
100000000000000000010000000000000000001000000000000000000000000000000000000010000000000000000001000000000000000000000000000000000000010000000000000000001000000000000000000000000000000000000010000000
100000000000000000010000000000000000000000000000000000000000000000000000000010000000000000000001000000000000000000100000000000000000010000000000000000000000000000000000000000000000000000000000000000
100000000000000000000000000000000000000000000000000000000000000000000000000000000000000000000000000000000000000000000000000000000000010000000000000000000000000000000000000100000000000000000000000000
000000000000000000000000000000000000001000000000000000000100000000000000000000000000000000000001000000000000000000100000000000000000010000000000000000001000000000000000000100000000000000000000000000
000000000000000000000000000000000000001000000000000000000100000000000000000010000000000000000001000000000000000000000000000000000000000000000000000000000000000000000000000100000000000000000010000000
100000000000000000010000000000000000000000000000000000000100000000000000000010000000000000000001000000000000000000000000000000000000010000000000000000000000000000000000000100000000000000000000000000
100000000000000000000000000000000000000000000000000000000100000000000000000010000000000000000001000000000000000000100000000000000000010000000000000000000000000000000000000000000000000000000010000000
000000000000000000010000000000000000000000000000000000000100000000000000000000000000000000000001000000000000000000100000000000000000000000000000000000000000000000000000000100000000000000000010000000
100000000000000000010000000000000000000000000000000000000100000000000000000000000000000000000000000000000000000000100000000000000000010000000000000000001000000000000000000000000000000000000010000000
100000000000000000000000000000000000001000000000000000000100000000000000000010000000000000000001000000000000000000000000000000000000000000000000000000001000000000000000000100000000000000000010000000
000000000000000000000000000000000000001000000000000000000100000000000000000010000000000000000000000000000000000000100000000000000000010000000000000000000000000000000000000000000000000000000010000000
100000000000000000010000000000000000001000000000000000000100000000000000000000000000000000000001000000000000000000100000000000000000010000000000000000001000000000000000000000000000000000000010000000
100000000000000000000000000000000000001000000000000000000100000000000000000000000000000000000000000000000000000000000000000000000000010000000000000000001000000000000000000000000000000000000010000000
101111100101110100010101110010001001110101100111110111101011100111100111111011000000011111111010101111001101101111110111111011100011101011100100000111011100101111110101001011101110110010100101010110
000000000000000000010000000000000000000000000000000000000000000000000000000010000000000000000000000000000000000000100000000000000000010000000000000000001000000000000000000000000000000000000010000000
100000000000000000000000000000000000001000000000000000000100000000000000000000000000000000000001000000000000000000100000000000000000000000000000000000000000000000000000000100000000000000000010000000
100000000000000000010000000000000000001000000000000000000100000000000000000010000000000000000000000000000000000000000000000000000000010000000000000000001000000000000000000000000000000000000010000000
100000000000000000000000000000000000000000000000000000000100000000000000000000000000000000000001000000000000000000000000000000000000010000000000000000001000000000000000000100000000000000000000000000
100000000000000000000000000000000000001000000000000000000000000000000000000000000000000000000001000000000000000000100000000000000000010000000000000000001000000000000000000100000000000000000010000000
000000000000000000010000000000000000001000000000000000000100000000000000000000000000000000000000000000000000000000100000000000000000000000000000000000000000000000000000000100000000000000000000000000
100000000000000000010000000000000000001000000000000000000100000000000000000010000000000000000001000000000000000000100000000000000000000000000000000000001000000000000000000100000000000000000010000000
000000000000000000000000000000000000000000000000000000000100000000000000000000000000000000000000000000000000000000000000000000000000010000000000000000001000000000000000000100000000000000000000000000
000000000000000000010000000000000000000000000000000000000100000000000000000000000000000000000000000000000000000000000000000000000000010000000000000000001000000000000000000000000000000000000010000000
100000000000000000000000000000000000000000000000000000000100000000000000000000000000000000000000000000000000000000100000000000000000000000000000000000001000000000000000000100000000000000000010000000
100000000000000000010000000000000000000000000000000000000000000000000000000000000000000000000000000000000000000000100000000000000000010000000000000000000000000000000000000100000000000000000000000000
100000000000000000000000000000000000000000000000000000000100000000000000000000000000000000000000000000000000000000100000000000000000010000000000000000000000000000000000000000000000000000000000000000
000000000000000000000000000000000000001000000000000000000100000000000000000010000000000000000001000000000000000000000000000000000000010000000000000000001000000000000000000100000000000000000010000000
100000000000000000000000000000000000001000000000000000000000000000000000000010000000000000000001000000000000000000100000000000000000000000000000000000001000000000000000000100000000000000000010000000
000000000000000000000000000000000000000000000000000000000100000000000000000000000000000000000001000000000000000000000000000000000000010000000000000000001000000000000000000100000000000000000000000000
100000000000000000010000000000000000001000000000000000000100000000000000000010000000000000000000000000000000000000000000000000000000000000000000000000001000000000000000000000000000000000000010000000
100000000000000000010000000000000000001000000000000000000000000000000000000000000000000000000000000000000000000000000000000000000000000000000000000000000000000000000000000000000000000000000010000000
000000000000000000000000000000000000001000000000000000000100000000000000000010000000000000000000000000000000000000000000000000000000010000000000000000000000000000000000000100000000000000000010000000
100000000000000000010000000000000000001000000000000000000000000000000000000000000000000000000001000000000000000000000000000000000000010000000000000000000000000000000000000100000000000000000000000000
001110101111101001010010000110001000100111100101011001110011011011101100000100110100000011000100001010100001100111010100110010111101011110110011101011001111001011111111100111110001100101100001110110
000000000000000000010000000000000000001000000000000000000000000000000000000000000000000000000001000000000000000000100000000000000000000000000000000000000000000000000000000100000000000000000010000000
100000000000000000000000000000000000001000000000000000000100000000000000000010000000000000000001000000000000000000100000000000000000000000000000000000001000000000000000000000000000000000000000000000
000000000000000000010000000000000000001000000000000000000000000000000000000010000000000000000000000000000000000000000000000000000000000000000000000000000000000000000000000100000000000000000000000000
000000000000000000000000000000000000001000000000000000000100000000000000000010000000000000000000000000000000000000000000000000000000000000000000000000001000000000000000000000000000000000000010000000
100000000000000000010000000000000000001000000000000000000000000000000000000010000000000000000001000000000000000000000000000000000000000000000000000000000000000000000000000000000000000000000010000000
100000000000000000010000000000000000001000000000000000000000000000000000000010000000000000000000000000000000000000000000000000000000000000000000000000000000000000000000000100000000000000000000000000
000000000000000000010000000000000000001000000000000000000100000000000000000000000000000000000001000000000000000000000000000000000000000000000000000000001000000000000000000100000000000000000000000000
100000000000000000010000000000000000001000000000000000000100000000000000000010000000000000000000000000000000000000000000000000000000010000000000000000001000000000000000000100000000000000000010000000
100000000000000000010000000000000000000000000000000000000000000000000000000010000000000000000000000000000000000000100000000000000000010000000000000000001000000000000000000100000000000000000010000000
100000000000000000000000000000000000000000000000000000000100000000000000000000000000000000000001000000000000000000000000000000000000010000000000000000000000000000000000000100000000000000000010000000
100000000000000000000000000000000000001000000000000000000100000000000000000000000000000000000001000000000000000000000000000000000000010000000000000000000000000000000000000000000000000000000000000000
100000000000000000000000000000000000001000000000000000000100000000000000000000000000000000000000000000000000000000100000000000000000010000000000000000000000000000000000000100000000000000000000000000
100000000000000000010000000000000000001000000000000000000100000000000000000000000000000000000000000000000000000000000000000000000000010000000000000000001000000000000000000100000000000000000010000000
000000000000000000000000000000000000001000000000000000000000000000000000000010000000000000000001000000000000000000100000000000000000000000000000000000001000000000000000000100000000000000000000000000
000000000000000000010000000000000000000000000000000000000100000000000000000000000000000000000001000000000000000000100000000000000000010000000000000000001000000000000000000100000000000000000000000000
100000000000000000010000000000000000001000000000000000000000000000000000000000000000000000000001000000000000000000000000000000000000000000000000000000000000000000000000000000000000000000000000000000
100000000000000000010000000000000000001000000000000000000100000000000000000000000000000000000000000000000000000000100000000000000000010000000000000000000000000000000000000000000000000000000000000000
100000000000000000010000000000000000000000000000000000000100000000000000000010000000000000000001000000000000000000000000000000000000010000000000000000001000000000000000000000000000000000000000000000
100000000000000000010000000000000000000000000000000000000100000000000000000000000000000000000001000000000000000000100000000000000000000000000000000000000000000000000000000100000000000000000010000000
111001110100011010011110100001111110111110110101011110001000101001101011111100100101100110011111011101110101001001111101110110100101101110111101100100110000010111001001111101100111101101110001100110
100000000000000000000000000000000000001000000000000000000100000000000000000010000000000000000000000000000000000000100000000000000000010000000000000000001000000000000000000100000000000000000000000000
000000000000000000010000000000000000001000000000000000000000000000000000000000000000000000000000000000000000000000100000000000000000010000000000000000001000000000000000000100000000000000000000000000
000000000000000000010000000000000000001000000000000000000000000000000000000000000000000000000000000000000000000000100000000000000000010000000000000000001000000000000000000100000000000000000000000000
000000000000000000000000000000000000001000000000000000000100000000000000000010000000000000000001000000000000000000100000000000000000010000000000000000001000000000000000000100000000000000000010000000
100000000000000000010000000000000000000000000000000000000100000000000000000000000000000000000001000000000000000000100000000000000000000000000000000000001000000000000000000100000000000000000000000000
100000000000000000000000000000000000000000000000000000000000000000000000000000000000000000000000000000000000000000100000000000000000000000000000000000000000000000000000000100000000000000000000000000
100000000000000000000000000000000000001000000000000000000100000000000000000000000000000000000000000000000000000000000000000000000000010000000000000000001000000000000000000100000000000000000010000000
000000000000000000010000000000000000001000000000000000000100000000000000000000000000000000000001000000000000000000100000000000000000000000000000000000001000000000000000000000000000000000000000000000
000000000000000000000000000000000000000000000000000000000100000000000000000010000000000000000000000000000000000000100000000000000000010000000000000000001000000000000000000100000000000000000010000000
100000000000000000010000000000000000001000000000000000000100000000000000000010000000000000000000000000000000000000100000000000000000000000000000000000001000000000000000000000000000000000000010000000
100000000000000000000000000000000000000000000000000000000100000000000000000010000000000000000001000000000000000000000000000000000000000000000000000000001000000000000000000100000000000000000010000000
000000000000000000000000000000000000000000000000000000000100000000000000000010000000000000000001000000000000000000100000000000000000010000000000000000001000000000000000000100000000000000000000000000
100000000000000000010000000000000000001000000000000000000100000000000000000010000000000000000000000000000000000000100000000000000000000000000000000000000000000000000000000000000000000000000000000000
000000000000000000000000000000000000001000000000000000000000000000000000000000000000000000000001000000000000000000100000000000000000000000000000000000000000000000000000000100000000000000000010000000
100000000000000000010000000000000000000000000000000000000100000000000000000010000000000000000001000000000000000000100000000000000000010000000000000000000000000000000000000000000000000000000010000000
100000000000000000000000000000000000000000000000000000000100000000000000000010000000000000000000000000000000000000100000000000000000010000000000000000000000000000000000000100000000000000000010000000
100000000000000000010000000000000000000000000000000000000000000000000000000000000000000000000000000000000000000000000000000000000000000000000000000000000000000000000000000000000000000000000010000000
000000000000000000000000000000000000001000000000000000000100000000000000000000000000000000000001000000000000000000100000000000000000000000000000000000000000000000000000000100000000000000000010000000
100000000000000000010000000000000000001000000000000000000100000000000000000000000000000000000000000000000000000000100000000000000000000000000000000000000000000000000000000100000000000000000010000000
011111011101101101111110111011100011111111111011101111000001111101100110010101111110101011011011001110111000010111001101111010111101001110111001000010101011101001111011011110101110001111111101110101
100000000000000000000000000000000000001000000000000000000100000000000000000000000000000000000001000000000000000000000000000000000000010000000000000000001000000000000000000100000000000000000010000000
000000000000000000010000000000000000000000000000000000000100000000000000000010000000000000000001000000000000000000100000000000000000000000000000000000001000000000000000000000000000000000000010000000
000000000000000000010000000000000000000000000000000000000100000000000000000000000000000000000000000000000000000000000000000000000000010000000000000000000000000000000000000000000000000000000000000000
000000000000000000010000000000000000001000000000000000000000000000000000000010000000000000000001000000000000000000000000000000000000000000000000000000000000000000000000000100000000000000000000000000
100000000000000000010000000000000000001000000000000000000000000000000000000000000000000000000001000000000000000000100000000000000000010000000000000000001000000000000000000100000000000000000000000000
000000000000000000010000000000000000000000000000000000000000000000000000000000000000000000000000000000000000000000100000000000000000010000000000000000000000000000000000000100000000000000000010000000
100000000000000000000000000000000000001000000000000000000100000000000000000010000000000000000001000000000000000000100000000000000000000000000000000000001000000000000000000000000000000000000000000000
000000000000000000000000000000000000001000000000000000000000000000000000000010000000000000000000000000000000000000100000000000000000010000000000000000001000000000000000000000000000000000000000000000
100000000000000000010000000000000000000000000000000000000100000000000000000000000000000000000001000000000000000000000000000000000000000000000000000000001000000000000000000000000000000000000000000000
100000000000000000010000000000000000001000000000000000000100000000000000000010000000000000000001000000000000000000000000000000000000010000000000000000001000000000000000000100000000000000000010000000
100000000000000000000000000000000000000000000000000000000100000000000000000010000000000000000001000000000000000000100000000000000000000000000000000000001000000000000000000100000000000000000010000000
000000000000000000010000000000000000000000000000000000000000000000000000000010000000000000000000000000000000000000100000000000000000010000000000000000001000000000000000000100000000000000000000000000
100000000000000000010000000000000000000000000000000000000100000000000000000010000000000000000001000000000000000000100000000000000000000000000000000000000000000000000000000100000000000000000000000000
100000000000000000010000000000000000001000000000000000000100000000000000000000000000000000000000000000000000000000100000000000000000010000000000000000001000000000000000000100000000000000000000000000
000000000000000000000000000000000000000000000000000000000000000000000000000010000000000000000001000000000000000000000000000000000000000000000000000000000000000000000000000100000000000000000010000000
100000000000000000000000000000000000001000000000000000000000000000000000000000000000000000000001000000000000000000000000000000000000000000000000000000001000000000000000000100000000000000000000000000
100000000000000000010000000000000000000000000000000000000100000000000000000000000000000000000001000000000000000000100000000000000000010000000000000000000000000000000000000100000000000000000010000000
100000000000000000010000000000000000001000000000000000000100000000000000000000000000000000000001000000000000000000000000000000000000010000000000000000000000000000000000000000000000000000000000000000
100000000000000000000000000000000000001000000000000000000100000000000000000010000000000000000001000000000000000000000000000000000000010000000000000000001000000000000000000100000000000000000000000000
111100101001100010111101001111010111101000011100111011000100000101111011100001101101011110011001101011101101000111100011111011111111000100111101010111100011101101011111011011111111111100111011101011
000000000000000000010000000000000000001000000000000000000000000000000000000000000000000000000001000000000000000000000000000000000000000000000000000000000000000000000000000100000000000000000000000000
100000000000000000010000000000000000001000000000000000000100000000000000000000000000000000000001000000000000000000000000000000000000000000000000000000000000000000000000000000000000000000000000000000
100000000000000000000000000000000000001000000000000000000000000000000000000000000000000000000000000000000000000000100000000000000000010000000000000000001000000000000000000000000000000000000000000000
100000000000000000010000000000000000000000000000000000000100000000000000000010000000000000000000000000000000000000100000000000000000000000000000000000000000000000000000000000000000000000000000000000
100000000000000000010000000000000000000000000000000000000100000000000000000010000000000000000001000000000000000000100000000000000000000000000000000000000000000000000000000000000000000000000010000000
000000000000000000010000000000000000000000000000000000000100000000000000000000000000000000000001000000000000000000100000000000000000000000000000000000001000000000000000000100000000000000000010000000
000000000000000000000000000000000000001000000000000000000100000000000000000010000000000000000001000000000000000000100000000000000000010000000000000000001000000000000000000000000000000000000010000000
100000000000000000010000000000000000001000000000000000000000000000000000000010000000000000000001000000000000000000000000000000000000010000000000000000001000000000000000000100000000000000000010000000
000000000000000000010000000000000000000000000000000000000100000000000000000010000000000000000001000000000000000000000000000000000000000000000000000000001000000000000000000000000000000000000000000000
000000000000000000010000000000000000001000000000000000000100000000000000000010000000000000000000000000000000000000000000000000000000010000000000000000001000000000000000000100000000000000000000000000
100000000000000000000000000000000000001000000000000000000000000000000000000000000000000000000001000000000000000000100000000000000000000000000000000000000000000000000000000100000000000000000010000000
000000000000000000010000000000000000000000000000000000000000000000000000000010000000000000000000000000000000000000100000000000000000010000000000000000000000000000000000000000000000000000000010000000
100000000000000000000000000000000000001000000000000000000000000000000000000000000000000000000001000000000000000000000000000000000000000000000000000000001000000000000000000000000000000000000010000000
100000000000000000010000000000000000001000000000000000000100000000000000000010000000000000000001000000000000000000100000000000000000000000000000000000000000000000000000000000000000000000000000000000
000000000000000000010000000000000000000000000000000000000100000000000000000000000000000000000001000000000000000000100000000000000000010000000000000000001000000000000000000100000000000000000010000000
000000000000000000010000000000000000001000000000000000000000000000000000000010000000000000000001000000000000000000000000000000000000010000000000000000001000000000000000000100000000000000000000000000
000000000000000000000000000000000000001000000000000000000100000000000000000000000000000000000000000000000000000000000000000000000000000000000000000000001000000000000000000000000000000000000000000000
000000000000000000010000000000000000001000000000000000000100000000000000000010000000000000000001000000000000000000100000000000000000010000000000000000000000000000000000000000000000000000000010000000
000000000000000000000000000000000000001000000000000000000000000000000000000010000000000000000001000000000000000000000000000000000000010000000000000000001000000000000000000100000000000000000010000000
100110101111010001010001101000110010111101110110101110111111010101010010111110111110101011110111100000001011000011011001101110010110010110011110111011111110111011110010100101000001111100111110101111
100000000000000000000000000000000000000000000000000000000100000000000000000010000000000000000001000000000000000000100000000000000000000000000000000000000000000000000000000100000000000000000010000000
100000000000000000000000000000000000000000000000000000000100000000000000000000000000000000000001000000000000000000000000000000000000000000000000000000001000000000000000000000000000000000000000000000
000000000000000000000000000000000000001000000000000000000100000000000000000010000000000000000001000000000000000000100000000000000000010000000000000000000000000000000000000000000000000000000010000000
000000000000000000010000000000000000001000000000000000000000000000000000000010000000000000000000000000000000000000000000000000000000000000000000000000001000000000000000000000000000000000000010000000
000000000000000000010000000000000000001000000000000000000100000000000000000000000000000000000001000000000000000000100000000000000000010000000000000000000000000000000000000100000000000000000010000000
000000000000000000010000000000000000000000000000000000000000000000000000000000000000000000000000000000000000000000100000000000000000010000000000000000001000000000000000000100000000000000000010000000
100000000000000000010000000000000000001000000000000000000000000000000000000000000000000000000000000000000000000000000000000000000000010000000000000000000000000000000000000000000000000000000000000000
000000000000000000010000000000000000001000000000000000000000000000000000000000000000000000000000000000000000000000100000000000000000010000000000000000001000000000000000000100000000000000000010000000
100000000000000000000000000000000000001000000000000000000000000000000000000010000000000000000000000000000000000000100000000000000000010000000000000000000000000000000000000100000000000000000010000000
000000000000000000000000000000000000001000000000000000000100000000000000000010000000000000000000000000000000000000000000000000000000000000000000000000000000000000000000000100000000000000000000000000
100000000000000000010000000000000000000000000000000000000000000000000000000000000000000000000001000000000000000000000000000000000000010000000000000000001000000000000000000100000000000000000010000000
100000000000000000000000000000000000001000000000000000000100000000000000000010000000000000000001000000000000000000000000000000000000010000000000000000000000000000000000000000000000000000000010000000
100000000000000000010000000000000000001000000000000000000100000000000000000000000000000000000001000000000000000000100000000000000000010000000000000000000000000000000000000000000000000000000010000000
000000000000000000010000000000000000000000000000000000000000000000000000000010000000000000000001000000000000000000100000000000000000010000000000000000001000000000000000000000000000000000000000000000
100000000000000000000000000000000000001000000000000000000100000000000000000010000000000000000001000000000000000000100000000000000000010000000000000000001000000000000000000100000000000000000010000000
100000000000000000000000000000000000000000000000000000000100000000000000000010000000000000000000000000000000000000100000000000000000010000000000000000000000000000000000000100000000000000000010000000
100000000000000000010000000000000000000000000000000000000000000000000000000010000000000000000000000000000000000000100000000000000000010000000000000000001000000000000000000100000000000000000010000000
000000000000000000010000000000000000001000000000000000000000000000000000000000000000000000000001000000000000000000100000000000000000000000000000000000000000000000000000000000000000000000000010000000
000000000000000000010000000000000000001000000000000000000100000000000000000000000000000000000000000000000000000000100000000000000000000000000000000000000000000000000000000000000000000000000010000000
101100010010111001001101011111111111101110111111110111101110010111101100011111100011001010001101110000011111101111111010111111000100011100100110100000011101111111101100101101001100110110011011011110
100000000000000000010000000000000000000000000000000000000000000000000000000010000000000000000001000000000000000000000000000000000000000000000000000000001000000000000000000100000000000000000000000000
000000000000000000010000000000000000001000000000000000000100000000000000000010000000000000000001000000000000000000100000000000000000010000000000000000001000000000000000000100000000000000000010000000
000000000000000000010000000000000000000000000000000000000100000000000000000000000000000000000001000000000000000000000000000000000000000000000000000000001000000000000000000000000000000000000010000000
100000000000000000010000000000000000000000000000000000000100000000000000000000000000000000000001000000000000000000100000000000000000010000000000000000001000000000000000000000000000000000000010000000
000000000000000000010000000000000000001000000000000000000100000000000000000000000000000000000000000000000000000000000000000000000000010000000000000000001000000000000000000000000000000000000010000000
000000000000000000010000000000000000000000000000000000000100000000000000000000000000000000000001000000000000000000100000000000000000010000000000000000000000000000000000000000000000000000000010000000
100000000000000000010000000000000000001000000000000000000100000000000000000010000000000000000001000000000000000000100000000000000000000000000000000000000000000000000000000100000000000000000000000000
100000000000000000000000000000000000001000000000000000000000000000000000000000000000000000000001000000000000000000000000000000000000010000000000000000000000000000000000000100000000000000000010000000
100000000000000000010000000000000000001000000000000000000000000000000000000010000000000000000000000000000000000000000000000000000000000000000000000000001000000000000000000100000000000000000010000000
000000000000000000010000000000000000000000000000000000000000000000000000000010000000000000000001000000000000000000100000000000000000010000000000000000001000000000000000000100000000000000000010000000
100000000000000000010000000000000000000000000000000000000000000000000000000000000000000000000000000000000000000000000000000000000000000000000000000000001000000000000000000000000000000000000000000000
100000000000000000000000000000000000001000000000000000000000000000000000000010000000000000000001000000000000000000100000000000000000000000000000000000001000000000000000000100000000000000000010000000
000000000000000000010000000000000000001000000000000000000100000000000000000010000000000000000001000000000000000000000000000000000000000000000000000000001000000000000000000100000000000000000000000000
100000000000000000000000000000000000000000000000000000000100000000000000000000000000000000000000000000000000000000100000000000000000010000000000000000001000000000000000000000000000000000000010000000
000000000000000000000000000000000000000000000000000000000100000000000000000000000000000000000001000000000000000000000000000000000000010000000000000000000000000000000000000100000000000000000000000000
100000000000000000000000000000000000001000000000000000000100000000000000000000000000000000000001000000000000000000100000000000000000010000000000000000001000000000000000000000000000000000000010000000
100000000000000000000000000000000000000000000000000000000100000000000000000000000000000000000001000000000000000000100000000000000000010000000000000000001000000000000000000100000000000000000010000000
000000000000000000010000000000000000001000000000000000000100000000000000000010000000000000000001000000000000000000100000000000000000010000000000000000001000000000000000000100000000000000000000000000
100000000000000000000000000000000000001000000000000000000000000000000000000010000000000000000001000000000000000000100000000000000000000000000000000000001000000000000000000000000000000000000000000000
110011101011110011111001101011011101111011110001001011110111011111101111100101010111101101110111110101110111010111001110011001110010111101011011011000000111011111101001010101001101010110111111001000
100000000000000000010000000000000000001000000000000000000100000000000000000010000000000000000000000000000000000000000000000000000000000000000000000000000000000000000000000000000000000000000010000000
100000000000000000010000000000000000000000000000000000000000000000000000000010000000000000000000000000000000000000000000000000000000000000000000000000001000000000000000000100000000000000000000000000
000000000000000000000000000000000000001000000000000000000000000000000000000010000000000000000001000000000000000000100000000000000000010000000000000000000000000000000000000000000000000000000010000000
000000000000000000010000000000000000000000000000000000000000000000000000000000000000000000000000000000000000000000100000000000000000000000000000000000000000000000000000000100000000000000000010000000
000000000000000000010000000000000000000000000000000000000100000000000000000010000000000000000001000000000000000000100000000000000000010000000000000000001000000000000000000100000000000000000010000000
100000000000000000010000000000000000001000000000000000000100000000000000000010000000000000000001000000000000000000000000000000000000000000000000000000001000000000000000000100000000000000000000000000
100000000000000000010000000000000000001000000000000000000100000000000000000010000000000000000001000000000000000000100000000000000000010000000000000000001000000000000000000100000000000000000000000000
000000000000000000000000000000000000000000000000000000000100000000000000000010000000000000000001000000000000000000100000000000000000010000000000000000000000000000000000000100000000000000000000000000
000000000000000000000000000000000000000000000000000000000100000000000000000010000000000000000001000000000000000000100000000000000000010000000000000000001000000000000000000100000000000000000000000000
100000000000000000010000000000000000001000000000000000000100000000000000000010000000000000000000000000000000000000100000000000000000010000000000000000001000000000000000000000000000000000000010000000
000000000000000000000000000000000000001000000000000000000100000000000000000010000000000000000000000000000000000000000000000000000000000000000000000000001000000000000000000000000000000000000000000000
000000000000000000000000000000000000001000000000000000000000000000000000000010000000000000000000000000000000000000100000000000000000010000000000000000000000000000000000000100000000000000000010000000
000000000000000000010000000000000000000000000000000000000000000000000000000010000000000000000001000000000000000000000000000000000000010000000000000000000000000000000000000100000000000000000000000000
100000000000000000010000000000000000001000000000000000000000000000000000000000000000000000000000000000000000000000000000000000000000010000000000000000001000000000000000000100000000000000000010000000
100000000000000000010000000000000000000000000000000000000000000000000000000010000000000000000001000000000000000000100000000000000000000000000000000000001000000000000000000100000000000000000010000000
000000000000000000010000000000000000001000000000000000000000000000000000000010000000000000000001000000000000000000100000000000000000000000000000000000001000000000000000000100000000000000000000000000
000000000000000000010000000000000000000000000000000000000100000000000000000000000000000000000001000000000000000000100000000000000000010000000000000000000000000000000000000000000000000000000010000000
100000000000000000010000000000000000000000000000000000000100000000000000000000000000000000000000000000000000000000100000000000000000000000000000000000000000000000000000000100000000000000000000000000
000000000000000000010000000000000000001000000000000000000000000000000000000010000000000000000001000000000000000000100000000000000000010000000000000000001000000000000000000100000000000000000010000000
200 198
111011011101101111101011000110101011100101001110110011111010001000001101010001101011001110110111100111100111010011001010010101110010101011111001111110101101000101100111011111110110101001111111110111
100000000000000000010000000000000000001000000000000000000000000000000000000010000000000000000001000000000000000000000000000000000000000000000000000000000000000000000000000100000000000000000010000000
100000000000000000010000000000000000001000000000000000000100000000000000000010000000000000000001000000000000000000000000000000000000010000000000000000001000000000000000000000000000000000000010000000
000000000000000000010000000000000000001000000000000000000000000000000000000000000000000000000001000000000000000000000000000000000000010000000000000000001000000000000000000000000000000000000000000000
000000000000000000000000000000000000001000000000000000000000000000000000000000000000000000000001000000000000000000100000000000000000010000000000000000000000000000000000000100000000000000000010000000
100000000000000000010000000000000000000000000000000000000000000000000000000010000000000000000001000000000000000000100000000000000000010000000000000000000000000000000000000000000000000000000000000000
000000000000000000000000000000000000000000000000000000000100000000000000000000000000000000000001000000000000000000000000000000000000000000000000000000000000000000000000000000000000000000000000000000
000000000000000000010000000000000000000000000000000000000100000000000000000000000000000000000001000000000000000000000000000000000000000000000000000000000000000000000000000100000000000000000000000000
000000000000000000000000000000000000000000000000000000000100000000000000000010000000000000000001000000000000000000100000000000000000000000000000000000001000000000000000000000000000000000000010000000
100000000000000000010000000000000000001000000000000000000100000000000000000000000000000000000000000000000000000000000000000000000000010000000000000000001000000000000000000000000000000000000000000000
000000000000000000000000000000000000001000000000000000000100000000000000000010000000000000000000000000000000000000000000000000000000000000000000000000001000000000000000000100000000000000000010000000
100000000000000000000000000000000000001000000000000000000100000000000000000010000000000000000000000000000000000000100000000000000000000000000000000000001000000000000000000100000000000000000010000000
000000000000000000000000000000000000000000000000000000000000000000000000000010000000000000000000000000000000000000000000000000000000010000000000000000001000000000000000000100000000000000000000000000
100000000000000000010000000000000000001000000000000000000100000000000000000010000000000000000001000000000000000000100000000000000000010000000000000000000000000000000000000100000000000000000010000000
100000000000000000010000000000000000001000000000000000000100000000000000000000000000000000000001000000000000000000000000000000000000010000000000000000001000000000000000000000000000000000000000000000
000000000000000000000000000000000000000000000000000000000100000000000000000000000000000000000000000000000000000000000000000000000000010000000000000000000000000000000000000000000000000000000000000000
000000000000000000010000000000000000000000000000000000000100000000000000000010000000000000000001000000000000000000100000000000000000010000000000000000000000000000000000000000000000000000000000000000
000000000000000000010000000000000000000000000000000000000100000000000000000010000000000000000000000000000000000000000000000000000000010000000000000000001000000000000000000100000000000000000000000000
100000000000000000000000000000000000001000000000000000000000000000000000000000000000000000000000000000000000000000100000000000000000010000000000000000001000000000000000000000000000000000000010000000
100000000000000000010000000000000000001000000000000000000100000000000000000000000000000000000001000000000000000000100000000000000000010000000000000000001000000000000000000000000000000000000010000000
111100010111101011010110111111100011110101101000001011111011000000110010110000101111010110100011011000101101011110100111110010100001110110110011011011011111111100111110011101101101010101100110110111
100000000000000000010000000000000000001000000000000000000000000000000000000010000000000000000001000000000000000000100000000000000000010000000000000000000000000000000000000100000000000000000010000000
000000000000000000000000000000000000001000000000000000000000000000000000000000000000000000000000000000000000000000100000000000000000010000000000000000000000000000000000000100000000000000000000000000
000000000000000000000000000000000000000000000000000000000100000000000000000010000000000000000001000000000000000000000000000000000000010000000000000000001000000000000000000100000000000000000010000000
000000000000000000010000000000000000001000000000000000000100000000000000000000000000000000000001000000000000000000000000000000000000000000000000000000001000000000000000000100000000000000000010000000
100000000000000000010000000000000000001000000000000000000100000000000000000010000000000000000000000000000000000000100000000000000000010000000000000000001000000000000000000100000000000000000010000000
100000000000000000000000000000000000001000000000000000000100000000000000000010000000000000000001000000000000000000000000000000000000000000000000000000000000000000000000000100000000000000000010000000
100000000000000000010000000000000000001000000000000000000100000000000000000010000000000000000001000000000000000000000000000000000000010000000000000000001000000000000000000100000000000000000010000000
000000000000000000000000000000000000000000000000000000000000000000000000000010000000000000000000000000000000000000000000000000000000010000000000000000001000000000000000000100000000000000000000000000
100000000000000000000000000000000000001000000000000000000100000000000000000000000000000000000001000000000000000000000000000000000000000000000000000000001000000000000000000100000000000000000010000000
000000000000000000010000000000000000001000000000000000000100000000000000000010000000000000000001000000000000000000100000000000000000010000000000000000001000000000000000000000000000000000000000000000
100000000000000000000000000000000000001000000000000000000100000000000000000010000000000000000001000000000000000000000000000000000000010000000000000000001000000000000000000100000000000000000010000000
100000000000000000000000000000000000001000000000000000000100000000000000000000000000000000000001000000000000000000100000000000000000010000000000000000000000000000000000000100000000000000000010000000
100000000000000000000000000000000000000000000000000000000100000000000000000010000000000000000000000000000000000000100000000000000000010000000000000000001000000000000000000000000000000000000000000000
000000000000000000000000000000000000001000000000000000000100000000000000000010000000000000000000000000000000000000100000000000000000010000000000000000001000000000000000000100000000000000000010000000
100000000000000000000000000000000000000000000000000000000000000000000000000010000000000000000001000000000000000000100000000000000000000000000000000000001000000000000000000000000000000000000000000000
000000000000000000000000000000000000001000000000000000000100000000000000000000000000000000000001000000000000000000000000000000000000010000000000000000001000000000000000000000000000000000000010000000
100000000000000000010000000000000000000000000000000000000100000000000000000010000000000000000000000000000000000000000000000000000000000000000000000000000000000000000000000000000000000000000010000000
000000000000000000010000000000000000001000000000000000000100000000000000000010000000000000000000000000000000000000000000000000000000010000000000000000001000000000000000000000000000000000000010000000
000000000000000000010000000000000000001000000000000000000100000000000000000000000000000000000000000000000000000000000000000000000000010000000000000000001000000000000000000100000000000000000010000000
000111011011111110100010111100111111010101001011101110010111111100111011110011100110110111011111111111010111110001100011110111010100110011101001011101011011101101011010000000000111101010100110010010
000000000000000000010000000000000000000000000000000000000100000000000000000010000000000000000001000000000000000000100000000000000000010000000000000000001000000000000000000100000000000000000010000000
100000000000000000010000000000000000001000000000000000000100000000000000000010000000000000000001000000000000000000000000000000000000000000000000000000000000000000000000000100000000000000000000000000
000000000000000000010000000000000000001000000000000000000100000000000000000000000000000000000000000000000000000000000000000000000000010000000000000000000000000000000000000000000000000000000010000000
100000000000000000000000000000000000001000000000000000000000000000000000000000000000000000000001000000000000000000100000000000000000000000000000000000000000000000000000000100000000000000000010000000
000000000000000000000000000000000000000000000000000000000100000000000000000010000000000000000001000000000000000000100000000000000000000000000000000000001000000000000000000000000000000000000000000000
000000000000000000010000000000000000001000000000000000000000000000000000000000000000000000000000000000000000000000100000000000000000010000000000000000001000000000000000000000000000000000000010000000
100000000000000000010000000000000000000000000000000000000100000000000000000010000000000000000001000000000000000000000000000000000000010000000000000000001000000000000000000000000000000000000000000000
000000000000000000010000000000000000001000000000000000000100000000000000000010000000000000000001000000000000000000000000000000000000000000000000000000000000000000000000000100000000000000000010000000
100000000000000000010000000000000000000000000000000000000100000000000000000000000000000000000001000000000000000000000000000000000000010000000000000000001000000000000000000100000000000000000000000000
100000000000000000010000000000000000001000000000000000000100000000000000000010000000000000000001000000000000000000100000000000000000010000000000000000001000000000000000000000000000000000000010000000
100000000000000000000000000000000000001000000000000000000100000000000000000000000000000000000001000000000000000000000000000000000000010000000000000000001000000000000000000000000000000000000010000000
100000000000000000010000000000000000001000000000000000000000000000000000000010000000000000000001000000000000000000000000000000000000010000000000000000001000000000000000000100000000000000000000000000
100000000000000000000000000000000000001000000000000000000000000000000000000000000000000000000000000000000000000000100000000000000000010000000000000000001000000000000000000000000000000000000000000000
000000000000000000000000000000000000001000000000000000000100000000000000000000000000000000000001000000000000000000000000000000000000000000000000000000001000000000000000000100000000000000000010000000
000000000000000000000000000000000000001000000000000000000100000000000000000010000000000000000001000000000000000000100000000000000000010000000000000000001000000000000000000100000000000000000000000000
000000000000000000010000000000000000001000000000000000000000000000000000000000000000000000000001000000000000000000000000000000000000010000000000000000001000000000000000000100000000000000000010000000
000000000000000000000000000000000000001000000000000000000100000000000000000010000000000000000001000000000000000000100000000000000000010000000000000000001000000000000000000000000000000000000000000000
000000000000000000010000000000000000000000000000000000000000000000000000000010000000000000000001000000000000000000000000000000000000000000000000000000001000000000000000000000000000000000000000000000
000000000000000000000000000000000000000000000000000000000100000000000000000010000000000000000001000000000000000000100000000000000000010000000000000000000000000000000000000000000000000000000000000000
110011101111101111010000111010111010111000110101011101101111101000100010111011001110011001000000001110101011111111110101000111110011110111110000100001111001101011111110011110101011101101101011001011
000000000000000000010000000000000000001000000000000000000000000000000000000010000000000000000001000000000000000000000000000000000000010000000000000000000000000000000000000100000000000000000010000000
000000000000000000010000000000000000000000000000000000000000000000000000000000000000000000000000000000000000000000000000000000000000010000000000000000000000000000000000000100000000000000000010000000
000000000000000000000000000000000000000000000000000000000000000000000000000000000000000000000000000000000000000000000000000000000000000000000000000000000000000000000000000100000000000000000010000000
100000000000000000010000000000000000000000000000000000000100000000000000000000000000000000000000000000000000000000000000000000000000010000000000000000000000000000000000000000000000000000000010000000
100000000000000000000000000000000000001000000000000000000000000000000000000010000000000000000000000000000000000000100000000000000000010000000000000000001000000000000000000000000000000000000010000000
100000000000000000010000000000000000001000000000000000000100000000000000000010000000000000000000000000000000000000100000000000000000010000000000000000000000000000000000000100000000000000000000000000
100000000000000000010000000000000000000000000000000000000100000000000000000010000000000000000000000000000000000000000000000000000000000000000000000000001000000000000000000000000000000000000000000000
100000000000000000010000000000000000000000000000000000000100000000000000000000000000000000000001000000000000000000100000000000000000000000000000000000001000000000000000000100000000000000000010000000
100000000000000000010000000000000000001000000000000000000000000000000000000010000000000000000000000000000000000000100000000000000000010000000000000000001000000000000000000100000000000000000010000000
100000000000000000010000000000000000000000000000000000000000000000000000000000000000000000000000000000000000000000000000000000000000000000000000000000001000000000000000000000000000000000000010000000
100000000000000000010000000000000000000000000000000000000100000000000000000000000000000000000001000000000000000000100000000000000000000000000000000000001000000000000000000000000000000000000010000000
100000000000000000010000000000000000000000000000000000000100000000000000000000000000000000000000000000000000000000000000000000000000000000000000000000000000000000000000000000000000000000000010000000
000000000000000000010000000000000000000000000000000000000100000000000000000010000000000000000000000000000000000000000000000000000000000000000000000000001000000000000000000000000000000000000000000000
100000000000000000010000000000000000000000000000000000000100000000000000000000000000000000000001000000000000000000100000000000000000010000000000000000001000000000000000000100000000000000000000000000
100000000000000000010000000000000000000000000000000000000100000000000000000010000000000000000000000000000000000000100000000000000000000000000000000000001000000000000000000100000000000000000010000000
000000000000000000000000000000000000001000000000000000000100000000000000000000000000000000000000000000000000000000000000000000000000000000000000000000000000000000000000000000000000000000000010000000
100000000000000000010000000000000000001000000000000000000100000000000000000000000000000000000000000000000000000000000000000000000000000000000000000000001000000000000000000100000000000000000000000000
100000000000000000000000000000000000001000000000000000000000000000000000000010000000000000000000000000000000000000100000000000000000000000000000000000001000000000000000000000000000000000000010000000
000000000000000000010000000000000000001000000000000000000100000000000000000000000000000000000001000000000000000000000000000000000000010000000000000000001000000000000000000100000000000000000010000000
100010110111111011011010010100101111110101011100100000000000101111111010101110111111101111011011000110000011000110111100111111000010101111011011101110110101111010011000111101100011011011010001001110
000000000000000000010000000000000000001000000000000000000000000000000000000010000000000000000000000000000000000000100000000000000000010000000000000000001000000000000000000000000000000000000010000000
000000000000000000010000000000000000001000000000000000000100000000000000000010000000000000000001000000000000000000100000000000000000000000000000000000000000000000000000000100000000000000000010000000
100000000000000000000000000000000000001000000000000000000100000000000000000010000000000000000001000000000000000000100000000000000000010000000000000000001000000000000000000100000000000000000010000000
000000000000000000000000000000000000001000000000000000000100000000000000000010000000000000000000000000000000000000100000000000000000010000000000000000001000000000000000000000000000000000000000000000
100000000000000000010000000000000000000000000000000000000100000000000000000000000000000000000000000000000000000000100000000000000000000000000000000000000000000000000000000100000000000000000010000000
100000000000000000000000000000000000001000000000000000000100000000000000000010000000000000000001000000000000000000100000000000000000000000000000000000001000000000000000000100000000000000000010000000
100000000000000000010000000000000000000000000000000000000100000000000000000010000000000000000000000000000000000000100000000000000000010000000000000000001000000000000000000000000000000000000000000000
100000000000000000010000000000000000000000000000000000000100000000000000000000000000000000000000000000000000000000100000000000000000010000000000000000001000000000000000000000000000000000000000000000
100000000000000000000000000000000000001000000000000000000000000000000000000010000000000000000001000000000000000000000000000000000000000000000000000000001000000000000000000000000000000000000010000000
100000000000000000010000000000000000001000000000000000000100000000000000000010000000000000000000000000000000000000100000000000000000010000000000000000001000000000000000000100000000000000000010000000
000000000000000000010000000000000000000000000000000000000100000000000000000000000000000000000000000000000000000000100000000000000000010000000000000000000000000000000000000000000000000000000010000000
000000000000000000010000000000000000001000000000000000000100000000000000000010000000000000000000000000000000000000000000000000000000010000000000000000000000000000000000000000000000000000000010000000
100000000000000000010000000000000000001000000000000000000100000000000000000000000000000000000001000000000000000000000000000000000000010000000000000000000000000000000000000100000000000000000010000000
000000000000000000010000000000000000001000000000000000000100000000000000000010000000000000000001000000000000000000000000000000000000010000000000000000001000000000000000000100000000000000000000000000
100000000000000000000000000000000000001000000000000000000000000000000000000010000000000000000001000000000000000000100000000000000000010000000000000000000000000000000000000000000000000000000000000000
000000000000000000000000000000000000001000000000000000000100000000000000000010000000000000000000000000000000000000100000000000000000000000000000000000001000000000000000000000000000000000000010000000
100000000000000000010000000000000000001000000000000000000000000000000000000010000000000000000001000000000000000000100000000000000000010000000000000000000000000000000000000100000000000000000010000000
000000000000000000000000000000000000001000000000000000000100000000000000000000000000000000000000000000000000000000100000000000000000010000000000000000000000000000000000000000000000000000000000000000
000000000000000000010000000000000000000000000000000000000000000000000000000010000000000000000001000000000000000000000000000000000000010000000000000000001000000000000000000000000000000000000010000000
110101111111101110001000110110000101010001101011111100001101010111111010111101100010111111010011101000001101100100110010111101010100000111111000011110010111011001111110101001111110101100101111000010
100000000000000000010000000000000000000000000000000000000100000000000000000010000000000000000001000000000000000000100000000000000000010000000000000000000000000000000000000100000000000000000010000000
000000000000000000010000000000000000001000000000000000000100000000000000000010000000000000000000000000000000000000000000000000000000010000000000000000000000000000000000000000000000000000000000000000
000000000000000000010000000000000000001000000000000000000100000000000000000010000000000000000001000000000000000000000000000000000000010000000000000000000000000000000000000100000000000000000010000000
100000000000000000000000000000000000001000000000000000000100000000000000000000000000000000000000000000000000000000100000000000000000010000000000000000001000000000000000000100000000000000000000000000
100000000000000000010000000000000000001000000000000000000100000000000000000010000000000000000000000000000000000000100000000000000000010000000000000000001000000000000000000100000000000000000000000000
100000000000000000010000000000000000001000000000000000000100000000000000000010000000000000000000000000000000000000000000000000000000000000000000000000001000000000000000000000000000000000000010000000
100000000000000000010000000000000000001000000000000000000000000000000000000000000000000000000001000000000000000000100000000000000000010000000000000000001000000000000000000100000000000000000000000000
100000000000000000010000000000000000001000000000000000000100000000000000000010000000000000000000000000000000000000000000000000000000010000000000000000001000000000000000000100000000000000000000000000
000000000000000000000000000000000000001000000000000000000000000000000000000000000000000000000000000000000000000000000000000000000000010000000000000000000000000000000000000100000000000000000000000000
100000000000000000000000000000000000001000000000000000000100000000000000000010000000000000000000000000000000000000000000000000000000000000000000000000001000000000000000000000000000000000000010000000
000000000000000000010000000000000000000000000000000000000000000000000000000010000000000000000000000000000000000000000000000000000000010000000000000000001000000000000000000100000000000000000000000000
000000000000000000010000000000000000000000000000000000000000000000000000000010000000000000000001000000000000000000000000000000000000010000000000000000001000000000000000000000000000000000000000000000
100000000000000000010000000000000000001000000000000000000000000000000000000010000000000000000000000000000000000000100000000000000000010000000000000000001000000000000000000000000000000000000000000000
100000000000000000000000000000000000001000000000000000000100000000000000000000000000000000000001000000000000000000100000000000000000000000000000000000001000000000000000000100000000000000000000000000
100000000000000000010000000000000000000000000000000000000000000000000000000010000000000000000001000000000000000000100000000000000000010000000000000000000000000000000000000000000000000000000010000000
000000000000000000010000000000000000000000000000000000000100000000000000000010000000000000000001000000000000000000000000000000000000010000000000000000000000000000000000000000000000000000000010000000
100000000000000000010000000000000000001000000000000000000100000000000000000010000000000000000000000000000000000000100000000000000000010000000000000000001000000000000000000000000000000000000000000000
000000000000000000010000000000000000001000000000000000000000000000000000000000000000000000000001000000000000000000100000000000000000000000000000000000001000000000000000000000000000000000000000000000
100000000000000000010000000000000000001000000000000000000000000000000000000010000000000000000000000000000000000000100000000000000000010000000000000000001000000000000000000100000000000000000010000000
101010111000000101101100111010010101100011000101101111110101000110111011001011110001011001001010110111001111101011111111111010111101110100111100011001110111000010111110001101011011000111110101001011
100000000000000000000000000000000000001000000000000000000000000000000000000010000000000000000000000000000000000000100000000000000000010000000000000000000000000000000000000100000000000000000000000000
100000000000000000010000000000000000001000000000000000000100000000000000000010000000000000000000000000000000000000000000000000000000010000000000000000001000000000000000000100000000000000000010000000
100000000000000000010000000000000000000000000000000000000100000000000000000000000000000000000001000000000000000000100000000000000000000000000000000000001000000000000000000100000000000000000010000000
100000000000000000010000000000000000000000000000000000000000000000000000000000000000000000000001000000000000000000100000000000000000000000000000000000001000000000000000000100000000000000000000000000
100000000000000000010000000000000000000000000000000000000000000000000000000010000000000000000001000000000000000000100000000000000000000000000000000000001000000000000000000000000000000000000010000000
100000000000000000010000000000000000001000000000000000000100000000000000000010000000000000000001000000000000000000000000000000000000010000000000000000000000000000000000000100000000000000000000000000
100000000000000000010000000000000000001000000000000000000100000000000000000000000000000000000001000000000000000000000000000000000000000000000000000000000000000000000000000100000000000000000000000000
100000000000000000010000000000000000001000000000000000000000000000000000000000000000000000000000000000000000000000100000000000000000000000000000000000000000000000000000000100000000000000000000000000
100000000000000000010000000000000000000000000000000000000000000000000000000010000000000000000001000000000000000000000000000000000000010000000000000000001000000000000000000100000000000000000010000000
100000000000000000000000000000000000000000000000000000000100000000000000000010000000000000000001000000000000000000000000000000000000010000000000000000001000000000000000000000000000000000000010000000
100000000000000000010000000000000000000000000000000000000100000000000000000010000000000000000001000000000000000000100000000000000000010000000000000000000000000000000000000100000000000000000010000000
100000000000000000010000000000000000000000000000000000000000000000000000000000000000000000000001000000000000000000100000000000000000010000000000000000001000000000000000000000000000000000000010000000
000000000000000000010000000000000000000000000000000000000100000000000000000010000000000000000001000000000000000000100000000000000000010000000000000000000000000000000000000000000000000000000010000000
000000000000000000010000000000000000001000000000000000000100000000000000000000000000000000000001000000000000000000100000000000000000010000000000000000001000000000000000000100000000000000000010000000
100000000000000000000000000000000000001000000000000000000100000000000000000010000000000000000000000000000000000000000000000000000000000000000000000000001000000000000000000000000000000000000000000000
100000000000000000000000000000000000001000000000000000000100000000000000000010000000000000000001000000000000000000000000000000000000010000000000000000001000000000000000000000000000000000000000000000
000000000000000000010000000000000000001000000000000000000100000000000000000010000000000000000001000000000000000000000000000000000000000000000000000000001000000000000000000100000000000000000010000000
100000000000000000010000000000000000001000000000000000000000000000000000000010000000000000000000000000000000000000000000000000000000010000000000000000000000000000000000000100000000000000000000000000
100000000000000000000000000000000000001000000000000000000000000000000000000010000000000000000000000000000000000000100000000000000000010000000000000000000000000000000000000100000000000000000010000000
010001010110011110011110100000011101100001110100000111101100101000111001101100011101111011101110110010011010111011111011111111010010001100111111111011010011111110011101001101000001010101111011010111
100000000000000000010000000000000000001000000000000000000100000000000000000010000000000000000001000000000000000000000000000000000000010000000000000000000000000000000000000100000000000000000010000000
000000000000000000010000000000000000001000000000000000000100000000000000000000000000000000000001000000000000000000100000000000000000010000000000000000001000000000000000000000000000000000000010000000
100000000000000000010000000000000000000000000000000000000100000000000000000000000000000000000000000000000000000000000000000000000000000000000000000000000000000000000000000100000000000000000010000000
000000000000000000010000000000000000001000000000000000000000000000000000000010000000000000000001000000000000000000000000000000000000000000000000000000001000000000000000000000000000000000000010000000
000000000000000000000000000000000000001000000000000000000000000000000000000010000000000000000000000000000000000000100000000000000000010000000000000000001000000000000000000100000000000000000010000000
100000000000000000000000000000000000000000000000000000000100000000000000000010000000000000000001000000000000000000000000000000000000010000000000000000000000000000000000000100000000000000000010000000
000000000000000000010000000000000000000000000000000000000100000000000000000010000000000000000001000000000000000000000000000000000000010000000000000000000000000000000000000100000000000000000010000000
100000000000000000000000000000000000001000000000000000000100000000000000000010000000000000000001000000000000000000100000000000000000000000000000000000001000000000000000000000000000000000000000000000
000000000000000000010000000000000000001000000000000000000100000000000000000000000000000000000001000000000000000000100000000000000000010000000000000000001000000000000000000100000000000000000010000000
100000000000000000010000000000000000001000000000000000000100000000000000000000000000000000000001000000000000000000100000000000000000010000000000000000001000000000000000000100000000000000000000000000
000000000000000000000000000000000000000000000000000000000100000000000000000010000000000000000000000000000000000000100000000000000000000000000000000000000000000000000000000100000000000000000000000000
100000000000000000010000000000000000000000000000000000000000000000000000000010000000000000000001000000000000000000000000000000000000010000000000000000001000000000000000000100000000000000000010000000
000000000000000000010000000000000000001000000000000000000000000000000000000000000000000000000000000000000000000000100000000000000000010000000000000000001000000000000000000100000000000000000000000000
000000000000000000010000000000000000001000000000000000000000000000000000000010000000000000000001000000000000000000100000000000000000010000000000000000001000000000000000000000000000000000000000000000
000000000000000000000000000000000000001000000000000000000100000000000000000010000000000000000001000000000000000000100000000000000000010000000000000000001000000000000000000100000000000000000010000000
100000000000000000000000000000000000001000000000000000000100000000000000000010000000000000000000000000000000000000100000000000000000000000000000000000001000000000000000000100000000000000000000000000
000000000000000000010000000000000000001000000000000000000100000000000000000000000000000000000001000000000000000000000000000000000000000000000000000000000000000000000000000100000000000000000010000000
100000000000000000010000000000000000001000000000000000000100000000000000000000000000000000000001000000000000000000000000000000000000010000000000000000001000000000000000000100000000000000000010000000
100000000000000000010000000000000000001000000000000000000100000000000000000000000000000000000001000000000000000000100000000000000000000000000000000000000000000000000000000000000000000000000000000000
111101110111101100010011111100110001000101111111111101001011110011111110000111011101000000101110101111010010110010100110111110010101100111111110101011101111100100101100000011111100101001111101111010
100000000000000000000000000000000000001000000000000000000100000000000000000010000000000000000001000000000000000000100000000000000000000000000000000000001000000000000000000100000000000000000010000000
100000000000000000010000000000000000001000000000000000000000000000000000000010000000000000000000000000000000000000000000000000000000010000000000000000001000000000000000000100000000000000000000000000
100000000000000000000000000000000000000000000000000000000000000000000000000010000000000000000000000000000000000000000000000000000000010000000000000000000000000000000000000000000000000000000000000000
000000000000000000000000000000000000001000000000000000000100000000000000000000000000000000000001000000000000000000000000000000000000000000000000000000001000000000000000000100000000000000000000000000
100000000000000000010000000000000000000000000000000000000000000000000000000010000000000000000000000000000000000000000000000000000000000000000000000000001000000000000000000000000000000000000010000000
000000000000000000010000000000000000001000000000000000000000000000000000000000000000000000000000000000000000000000100000000000000000010000000000000000000000000000000000000100000000000000000010000000
100000000000000000010000000000000000001000000000000000000000000000000000000000000000000000000001000000000000000000100000000000000000010000000000000000001000000000000000000000000000000000000010000000
000000000000000000010000000000000000001000000000000000000100000000000000000000000000000000000001000000000000000000000000000000000000000000000000000000000000000000000000000100000000000000000010000000
100000000000000000000000000000000000001000000000000000000100000000000000000010000000000000000001000000000000000000000000000000000000010000000000000000001000000000000000000000000000000000000000000000
100000000000000000010000000000000000001000000000000000000000000000000000000000000000000000000000000000000000000000100000000000000000000000000000000000001000000000000000000100000000000000000000000000
000000000000000000010000000000000000001000000000000000000100000000000000000000000000000000000000000000000000000000000000000000000000010000000000000000001000000000000000000100000000000000000010000000
100000000000000000010000000000000000001000000000000000000100000000000000000010000000000000000001000000000000000000100000000000000000010000000000000000000000000000000000000100000000000000000000000000
100000000000000000010000000000000000000000000000000000000100000000000000000010000000000000000001000000000000000000000000000000000000000000000000000000001000000000000000000100000000000000000000000000
100000000000000000010000000000000000001000000000000000000000000000000000000000000000000000000001000000000000000000100000000000000000010000000000000000000000000000000000000100000000000000000010000000
100000000000000000000000000000000000000000000000000000000000000000000000000010000000000000000001000000000000000000100000000000000000000000000000000000001000000000000000000100000000000000000000000000
100000000000000000010000000000000000001000000000000000000100000000000000000010000000000000000001000000000000000000000000000000000000000000000000000000001000000000000000000100000000000000000000000000
000000000000000000010000000000000000001000000000000000000100000000000000000000000000000000000000000000000000000000100000000000000000000000000000000000000000000000000000000000000000000000000010000000
100000000000000000010000000000000000001000000000000000000100000000000000000010000000000000000001000000000000000000100000000000000000000000000000000000000000000000000000000000000000000000000010000000
100000000000000000010000000000000000000000000000000000000100000000000000000000000000000000000001000000000000000000000000000000000000010000000000000000001000000000000000000100000000000000000000000000
110101101101101101000111101010000101011101111010111110011100001100111010111011011110110011110100011111000011101001111001010011001001011111000101001110000110110101110010110110110000010100111111110111
100000000000000000000000000000000000001000000000000000000100000000000000000000000000000000000001000000000000000000100000000000000000000000000000000000001000000000000000000100000000000000000010000000
000000000000000000010000000000000000001000000000000000000100000000000000000000000000000000000001000000000000000000100000000000000000000000000000000000001000000000000000000000000000000000000000000000
000000000000000000010000000000000000001000000000000000000100000000000000000000000000000000000000000000000000000000000000000000000000010000000000000000001000000000000000000100000000000000000000000000
100000000000000000000000000000000000001000000000000000000100000000000000000000000000000000000000000000000000000000000000000000000000010000000000000000001000000000000000000100000000000000000010000000
100000000000000000010000000000000000000000000000000000000100000000000000000000000000000000000000000000000000000000000000000000000000000000000000000000001000000000000000000100000000000000000010000000
000000000000000000010000000000000000000000000000000000000000000000000000000000000000000000000000000000000000000000100000000000000000000000000000000000001000000000000000000100000000000000000010000000
000000000000000000000000000000000000001000000000000000000100000000000000000010000000000000000000000000000000000000100000000000000000000000000000000000000000000000000000000000000000000000000000000000
100000000000000000010000000000000000001000000000000000000100000000000000000000000000000000000001000000000000000000000000000000000000000000000000000000001000000000000000000000000000000000000010000000
000000000000000000000000000000000000000000000000000000000100000000000000000010000000000000000001000000000000000000000000000000000000000000000000000000000000000000000000000100000000000000000010000000
000000000000000000010000000000000000001000000000000000000000000000000000000010000000000000000000000000000000000000000000000000000000000000000000000000000000000000000000000100000000000000000010000000
100000000000000000010000000000000000001000000000000000000100000000000000000010000000000000000001000000000000000000100000000000000000010000000000000000001000000000000000000100000000000000000010000000
100000000000000000000000000000000000001000000000000000000100000000000000000010000000000000000001000000000000000000100000000000000000010000000000000000000000000000000000000100000000000000000010000000
100000000000000000010000000000000000001000000000000000000100000000000000000000000000000000000000000000000000000000000000000000000000010000000000000000000000000000000000000000000000000000000010000000
100000000000000000000000000000000000000000000000000000000100000000000000000010000000000000000001000000000000000000000000000000000000010000000000000000001000000000000000000100000000000000000010000000
000000000000000000010000000000000000000000000000000000000100000000000000000000000000000000000000000000000000000000100000000000000000000000000000000000000000000000000000000100000000000000000010000000
100000000000000000010000000000000000001000000000000000000100000000000000000010000000000000000001000000000000000000100000000000000000010000000000000000001000000000000000000100000000000000000000000000
000000000000000000010000000000000000001000000000000000000100000000000000000010000000000000000000000000000000000000000000000000000000010000000000000000000000000000000000000100000000000000000010000000
000000000000000000000000000000000000001000000000000000000100000000000000000000000000000000000001000000000000000000100000000000000000010000000000000000001000000000000000000100000000000000000010000000
100000000000000000000000000000000000001000000000000000000000000000000000000010000000000000000001000000000000000000000000000000000000000000000000000000000000000000000000000000000000000000000000000000
199 199
1011100110001101111011110000110111111011110101010010101110101001010100101110001000101010001111100011110111111110110110101010001111100110111011111111110011000101111101111100100110100111101101111000111
0000000000000000000100000000000000000010000000000000000000000000000000000000100000000000000000010000000000000000001000000000000000000000000000000000000010000000000000000001000000000000000000100000000
0000000000000000000100000000000000000010000000000000000000000000000000000000100000000000000000000000000000000000001000000000000000000100000000000000000000000000000000000000000000000000000000100000000
1000000000000000000000000000000000000010000000000000000001000000000000000000000000000000000000000000000000000000000000000000000000000100000000000000000000000000000000000001000000000000000000100000000
1000000000000000000000000000000000000000000000000000000001000000000000000000100000000000000000010000000000000000001000000000000000000000000000000000000010000000000000000001000000000000000000100000000
0000000000000000000100000000000000000010000000000000000001000000000000000000100000000000000000010000000000000000001000000000000000000100000000000000000000000000000000000001000000000000000000100000000
1000000000000000000100000000000000000010000000000000000001000000000000000000000000000000000000010000000000000000001000000000000000000000000000000000000010000000000000000001000000000000000000100000000
0000000000000000000100000000000000000000000000000000000000000000000000000000100000000000000000010000000000000000000000000000000000000100000000000000000000000000000000000001000000000000000000100000000
0000000000000000000100000000000000000010000000000000000000000000000000000000000000000000000000010000000000000000000000000000000000000100000000000000000010000000000000000000000000000000000000000000000
1000000000000000000000000000000000000010000000000000000000000000000000000000000000000000000000010000000000000000001000000000000000000100000000000000000010000000000000000001000000000000000000100000000
1000000000000000000100000000000000000000000000000000000001000000000000000000000000000000000000010000000000000000001000000000000000000000000000000000000010000000000000000000000000000000000000000000000
0000000000000000000100000000000000000010000000000000000000000000000000000000000000000000000000000000000000000000001000000000000000000000000000000000000010000000000000000001000000000000000000100000000
0000000000000000000000000000000000000010000000000000000001000000000000000000000000000000000000000000000000000000000000000000000000000000000000000000000010000000000000000001000000000000000000000000000
0000000000000000000100000000000000000000000000000000000001000000000000000000100000000000000000000000000000000000000000000000000000000000000000000000000010000000000000000000000000000000000000100000000
1000000000000000000100000000000000000010000000000000000000000000000000000000000000000000000000010000000000000000001000000000000000000100000000000000000010000000000000000000000000000000000000100000000
1000000000000000000000000000000000000000000000000000000001000000000000000000100000000000000000000000000000000000000000000000000000000100000000000000000000000000000000000000000000000000000000000000000
1000000000000000000100000000000000000000000000000000000000000000000000000000100000000000000000010000000000000000001000000000000000000100000000000000000010000000000000000000000000000000000000100000000
1000000000000000000100000000000000000010000000000000000000000000000000000000100000000000000000010000000000000000000000000000000000000100000000000000000010000000000000000000000000000000000000000000000
0000000000000000000100000000000000000000000000000000000001000000000000000000000000000000000000000000000000000000001000000000000000000100000000000000000010000000000000000001000000000000000000100000000
1111101000001011101011100111111011010000010101000011101101111011101100111011110010011110101011110101111101000100010111010011100111101101111010011110111010000000111011110011001101110110101110000111011
1000000000000000000000000000000000000010000000000000000001000000000000000000100000000000000000000000000000000000001000000000000000000000000000000000000010000000000000000001000000000000000000100000000
1000000000000000000000000000000000000000000000000000000001000000000000000000100000000000000000000000000000000000000000000000000000000000000000000000000000000000000000000001000000000000000000100000000
0000000000000000000000000000000000000000000000000000000000000000000000000000000000000000000000000000000000000000000000000000000000000100000000000000000000000000000000000000000000000000000000100000000
1000000000000000000100000000000000000010000000000000000001000000000000000000000000000000000000010000000000000000000000000000000000000100000000000000000000000000000000000001000000000000000000100000000
1000000000000000000100000000000000000000000000000000000001000000000000000000000000000000000000010000000000000000001000000000000000000000000000000000000000000000000000000000000000000000000000100000000
0000000000000000000100000000000000000010000000000000000001000000000000000000100000000000000000010000000000000000001000000000000000000000000000000000000010000000000000000001000000000000000000000000000
1000000000000000000100000000000000000000000000000000000001000000000000000000100000000000000000000000000000000000001000000000000000000000000000000000000010000000000000000001000000000000000000100000000
0000000000000000000000000000000000000010000000000000000001000000000000000000000000000000000000000000000000000000000000000000000000000100000000000000000000000000000000000001000000000000000000100000000
1000000000000000000000000000000000000010000000000000000001000000000000000000000000000000000000000000000000000000001000000000000000000000000000000000000010000000000000000001000000000000000000000000000
1000000000000000000000000000000000000000000000000000000000000000000000000000000000000000000000010000000000000000000000000000000000000000000000000000000010000000000000000001000000000000000000000000000
0000000000000000000100000000000000000010000000000000000000000000000000000000100000000000000000000000000000000000001000000000000000000100000000000000000000000000000000000001000000000000000000100000000
0000000000000000000000000000000000000010000000000000000001000000000000000000100000000000000000010000000000000000001000000000000000000000000000000000000010000000000000000001000000000000000000100000000
1000000000000000000000000000000000000010000000000000000001000000000000000000100000000000000000000000000000000000001000000000000000000100000000000000000010000000000000000000000000000000000000000000000
0000000000000000000100000000000000000010000000000000000000000000000000000000100000000000000000010000000000000000001000000000000000000000000000000000000010000000000000000000000000000000000000100000000
1000000000000000000100000000000000000010000000000000000001000000000000000000000000000000000000000000000000000000001000000000000000000000000000000000000010000000000000000001000000000000000000100000000
1000000000000000000100000000000000000010000000000000000000000000000000000000000000000000000000010000000000000000001000000000000000000100000000000000000000000000000000000001000000000000000000000000000
0000000000000000000100000000000000000010000000000000000001000000000000000000100000000000000000010000000000000000001000000000000000000100000000000000000010000000000000000001000000000000000000000000000
1000000000000000000000000000000000000000000000000000000000000000000000000000100000000000000000010000000000000000000000000000000000000100000000000000000010000000000000000000000000000000000000100000000
0110110011000111001110111001010000101001100100111010011100101100010111010101011101001111011000111111011110011001011101110101111111011101101110010100101011110111011111111111010100000101111101001010011
1000000000000000000100000000000000000010000000000000000000000000000000000000100000000000000000010000000000000000000000000000000000000100000000000000000000000000000000000000000000000000000000000000000
0000000000000000000000000000000000000010000000000000000001000000000000000000000000000000000000010000000000000000001000000000000000000100000000000000000010000000000000000001000000000000000000100000000
0000000000000000000000000000000000000010000000000000000001000000000000000000000000000000000000010000000000000000001000000000000000000100000000000000000010000000000000000001000000000000000000100000000
0000000000000000000100000000000000000010000000000000000000000000000000000000000000000000000000000000000000000000000000000000000000000000000000000000000010000000000000000001000000000000000000000000000
1000000000000000000000000000000000000000000000000000000000000000000000000000100000000000000000000000000000000000001000000000000000000100000000000000000000000000000000000001000000000000000000000000000
0000000000000000000100000000000000000010000000000000000000000000000000000000100000000000000000000000000000000000001000000000000000000100000000000000000000000000000000000000000000000000000000100000000
1000000000000000000100000000000000000010000000000000000001000000000000000000100000000000000000000000000000000000000000000000000000000100000000000000000000000000000000000001000000000000000000100000000
1000000000000000000100000000000000000010000000000000000001000000000000000000100000000000000000010000000000000000001000000000000000000100000000000000000010000000000000000000000000000000000000000000000
0000000000000000000100000000000000000000000000000000000000000000000000000000000000000000000000010000000000000000000000000000000000000000000000000000000010000000000000000001000000000000000000100000000
0000000000000000000100000000000000000010000000000000000001000000000000000000000000000000000000010000000000000000000000000000000000000100000000000000000010000000000000000001000000000000000000100000000
1000000000000000000000000000000000000000000000000000000000000000000000000000000000000000000000000000000000000000001000000000000000000100000000000000000000000000000000000001000000000000000000100000000
0000000000000000000100000000000000000000000000000000000001000000000000000000100000000000000000000000000000000000000000000000000000000100000000000000000000000000000000000001000000000000000000000000000
1000000000000000000100000000000000000010000000000000000001000000000000000000100000000000000000000000000000000000001000000000000000000100000000000000000010000000000000000001000000000000000000000000000
0000000000000000000100000000000000000010000000000000000000000000000000000000100000000000000000000000000000000000001000000000000000000000000000000000000010000000000000000000000000000000000000000000000
1000000000000000000100000000000000000000000000000000000000000000000000000000000000000000000000000000000000000000000000000000000000000100000000000000000010000000000000000001000000000000000000000000000
1000000000000000000000000000000000000000000000000000000001000000000000000000100000000000000000010000000000000000000000000000000000000100000000000000000010000000000000000001000000000000000000100000000
0000000000000000000100000000000000000010000000000000000001000000000000000000000000000000000000000000000000000000001000000000000000000000000000000000000010000000000000000001000000000000000000000000000
1000000000000000000100000000000000000000000000000000000001000000000000000000100000000000000000010000000000000000000000000000000000000000000000000000000010000000000000000000000000000000000000000000000
1111111111100110110110111001100100111110100100001000101101101111110011011001011011111110011101010011111101110111111101101101101011011011010111110111111000101101100101110100101111111101100110101010000
0000000000000000000000000000000000000010000000000000000000000000000000000000000000000000000000000000000000000000000000000000000000000000000000000000000010000000000000000001000000000000000000000000000
1000000000000000000000000000000000000000000000000000000000000000000000000000000000000000000000000000000000000000000000000000000000000000000000000000000010000000000000000000000000000000000000100000000
1000000000000000000100000000000000000010000000000000000001000000000000000000100000000000000000000000000000000000000000000000000000000100000000000000000010000000000000000000000000000000000000000000000
1000000000000000000000000000000000000000000000000000000000000000000000000000100000000000000000000000000000000000001000000000000000000100000000000000000000000000000000000000000000000000000000100000000
1000000000000000000000000000000000000010000000000000000001000000000000000000100000000000000000010000000000000000001000000000000000000000000000000000000000000000000000000000000000000000000000100000000
0000000000000000000000000000000000000010000000000000000001000000000000000000100000000000000000010000000000000000001000000000000000000100000000000000000010000000000000000001000000000000000000000000000
1000000000000000000000000000000000000010000000000000000001000000000000000000000000000000000000010000000000000000001000000000000000000100000000000000000000000000000000000001000000000000000000000000000
0000000000000000000000000000000000000010000000000000000001000000000000000000100000000000000000010000000000000000001000000000000000000000000000000000000000000000000000000001000000000000000000100000000
0000000000000000000000000000000000000010000000000000000000000000000000000000100000000000000000010000000000000000001000000000000000000100000000000000000000000000000000000000000000000000000000000000000
0000000000000000000000000000000000000010000000000000000000000000000000000000100000000000000000000000000000000000001000000000000000000100000000000000000000000000000000000001000000000000000000000000000
0000000000000000000100000000000000000000000000000000000001000000000000000000100000000000000000000000000000000000001000000000000000000100000000000000000010000000000000000001000000000000000000000000000
1000000000000000000000000000000000000010000000000000000000000000000000000000100000000000000000010000000000000000000000000000000000000000000000000000000010000000000000000001000000000000000000100000000
1000000000000000000000000000000000000000000000000000000001000000000000000000000000000000000000010000000000000000001000000000000000000100000000000000000010000000000000000001000000000000000000100000000
0000000000000000000000000000000000000000000000000000000001000000000000000000100000000000000000000000000000000000001000000000000000000000000000000000000010000000000000000000000000000000000000000000000
1000000000000000000000000000000000000010000000000000000001000000000000000000000000000000000000000000000000000000000000000000000000000100000000000000000010000000000000000000000000000000000000000000000
0000000000000000000100000000000000000010000000000000000001000000000000000000100000000000000000010000000000000000001000000000000000000000000000000000000010000000000000000001000000000000000000000000000
1000000000000000000000000000000000000010000000000000000001000000000000000000000000000000000000010000000000000000000000000000000000000100000000000000000000000000000000000000000000000000000000000000000
1000000000000000000100000000000000000010000000000000000001000000000000000000100000000000000000010000000000000000001000000000000000000000000000000000000010000000000000000001000000000000000000100000000
0000111011011111110111110011101010100111110110011101011001011111111101101000101101101110000001010110101011100111010110110101101010011000010000110110111001100100111101110111000110100000001001111111010
1000000000000000000100000000000000000000000000000000000000000000000000000000000000000000000000010000000000000000001000000000000000000000000000000000000010000000000000000001000000000000000000000000000
0000000000000000000100000000000000000010000000000000000001000000000000000000000000000000000000000000000000000000001000000000000000000000000000000000000010000000000000000001000000000000000000100000000
0000000000000000000000000000000000000000000000000000000001000000000000000000100000000000000000010000000000000000001000000000000000000100000000000000000010000000000000000000000000000000000000100000000
0000000000000000000000000000000000000000000000000000000001000000000000000000100000000000000000010000000000000000001000000000000000000000000000000000000000000000000000000000000000000000000000000000000
0000000000000000000100000000000000000010000000000000000001000000000000000000100000000000000000000000000000000000000000000000000000000000000000000000000000000000000000000000000000000000000000000000000
1000000000000000000100000000000000000010000000000000000000000000000000000000100000000000000000010000000000000000000000000000000000000100000000000000000010000000000000000001000000000000000000000000000
1000000000000000000000000000000000000010000000000000000000000000000000000000000000000000000000000000000000000000000000000000000000000000000000000000000010000000000000000000000000000000000000100000000
0000000000000000000000000000000000000010000000000000000000000000000000000000100000000000000000010000000000000000000000000000000000000100000000000000000010000000000000000001000000000000000000100000000
0000000000000000000000000000000000000010000000000000000001000000000000000000100000000000000000000000000000000000000000000000000000000000000000000000000000000000000000000000000000000000000000000000000
0000000000000000000000000000000000000000000000000000000001000000000000000000100000000000000000000000000000000000001000000000000000000100000000000000000010000000000000000000000000000000000000100000000
1000000000000000000100000000000000000010000000000000000000000000000000000000000000000000000000010000000000000000001000000000000000000100000000000000000010000000000000000001000000000000000000100000000
1000000000000000000100000000000000000000000000000000000001000000000000000000100000000000000000000000000000000000001000000000000000000000000000000000000000000000000000000000000000000000000000000000000
0000000000000000000100000000000000000000000000000000000001000000000000000000000000000000000000000000000000000000001000000000000000000100000000000000000010000000000000000000000000000000000000100000000
1000000000000000000000000000000000000000000000000000000001000000000000000000000000000000000000000000000000000000000000000000000000000100000000000000000010000000000000000000000000000000000000100000000
1000000000000000000000000000000000000010000000000000000000000000000000000000100000000000000000000000000000000000000000000000000000000100000000000000000010000000000000000001000000000000000000100000000
0000000000000000000100000000000000000010000000000000000000000000000000000000000000000000000000000000000000000000001000000000000000000100000000000000000000000000000000000000000000000000000000100000000
1000000000000000000100000000000000000000000000000000000000000000000000000000000000000000000000010000000000000000001000000000000000000100000000000000000000000000000000000001000000000000000000000000000
1000000000000000000000000000000000000010000000000000000001000000000000000000000000000000000000010000000000000000000000000000000000000000000000000000000010000000000000000001000000000000000000000000000
1011111110100010010101011110101111001010011011111100001001010000100001111101111111110101000101011011111000011110111101011110010110000111110001011101100111010011101010101110101000011101001101001111111
1000000000000000000000000000000000000010000000000000000001000000000000000000100000000000000000010000000000000000001000000000000000000100000000000000000010000000000000000001000000000000000000100000000
1000000000000000000000000000000000000000000000000000000000000000000000000000100000000000000000000000000000000000001000000000000000000000000000000000000010000000000000000001000000000000000000100000000
1000000000000000000000000000000000000010000000000000000000000000000000000000000000000000000000010000000000000000000000000000000000000100000000000000000000000000000000000000000000000000000000100000000
0000000000000000000000000000000000000000000000000000000001000000000000000000100000000000000000000000000000000000001000000000000000000000000000000000000010000000000000000001000000000000000000000000000
0000000000000000000100000000000000000000000000000000000000000000000000000000000000000000000000000000000000000000000000000000000000000100000000000000000000000000000000000001000000000000000000100000000
1000000000000000000100000000000000000010000000000000000000000000000000000000100000000000000000000000000000000000001000000000000000000100000000000000000010000000000000000001000000000000000000100000000
0000000000000000000000000000000000000010000000000000000001000000000000000000000000000000000000000000000000000000000000000000000000000100000000000000000010000000000000000001000000000000000000100000000
1000000000000000000000000000000000000010000000000000000001000000000000000000100000000000000000010000000000000000001000000000000000000000000000000000000010000000000000000000000000000000000000100000000
1000000000000000000000000000000000000010000000000000000001000000000000000000100000000000000000010000000000000000000000000000000000000100000000000000000000000000000000000000000000000000000000000000000
1000000000000000000100000000000000000000000000000000000001000000000000000000100000000000000000010000000000000000001000000000000000000000000000000000000010000000000000000001000000000000000000100000000
1000000000000000000100000000000000000000000000000000000000000000000000000000100000000000000000000000000000000000000000000000000000000000000000000000000010000000000000000001000000000000000000000000000
1000000000000000000000000000000000000010000000000000000001000000000000000000000000000000000000000000000000000000001000000000000000000000000000000000000010000000000000000001000000000000000000100000000
1000000000000000000100000000000000000010000000000000000000000000000000000000100000000000000000010000000000000000001000000000000000000000000000000000000000000000000000000001000000000000000000000000000
0000000000000000000000000000000000000010000000000000000000000000000000000000100000000000000000000000000000000000000000000000000000000100000000000000000010000000000000000000000000000000000000000000000
0000000000000000000100000000000000000010000000000000000001000000000000000000100000000000000000000000000000000000000000000000000000000100000000000000000010000000000000000001000000000000000000000000000
1000000000000000000000000000000000000010000000000000000000000000000000000000100000000000000000000000000000000000001000000000000000000100000000000000000000000000000000000001000000000000000000000000000
1000000000000000000100000000000000000010000000000000000000000000000000000000000000000000000000010000000000000000001000000000000000000100000000000000000000000000000000000001000000000000000000100000000
1000000000000000000100000000000000000010000000000000000000000000000000000000000000000000000000010000000000000000000000000000000000000000000000000000000010000000000000000001000000000000000000000000000
0111010001101001010011110001000100010101100101100111011110010001011001111010000001100100010110011110010100111111111011001110101100001001001111011011001111110101100110100100110111010111110111011101100
0000000000000000000100000000000000000010000000000000000000000000000000000000000000000000000000010000000000000000000000000000000000000100000000000000000010000000000000000000000000000000000000100000000
1000000000000000000100000000000000000010000000000000000001000000000000000000000000000000000000010000000000000000000000000000000000000000000000000000000010000000000000000001000000000000000000100000000
1000000000000000000000000000000000000010000000000000000001000000000000000000000000000000000000010000000000000000001000000000000000000100000000000000000010000000000000000000000000000000000000100000000
1000000000000000000100000000000000000010000000000000000000000000000000000000100000000000000000010000000000000000001000000000000000000000000000000000000000000000000000000001000000000000000000000000000
1000000000000000000100000000000000000000000000000000000001000000000000000000100000000000000000010000000000000000000000000000000000000100000000000000000010000000000000000000000000000000000000100000000
1000000000000000000100000000000000000010000000000000000001000000000000000000000000000000000000010000000000000000001000000000000000000100000000000000000000000000000000000001000000000000000000100000000
1000000000000000000100000000000000000010000000000000000000000000000000000000100000000000000000000000000000000000001000000000000000000100000000000000000010000000000000000000000000000000000000100000000
0000000000000000000100000000000000000010000000000000000000000000000000000000100000000000000000010000000000000000001000000000000000000000000000000000000000000000000000000001000000000000000000100000000
0000000000000000000000000000000000000010000000000000000000000000000000000000000000000000000000010000000000000000000000000000000000000000000000000000000000000000000000000001000000000000000000100000000
0000000000000000000000000000000000000000000000000000000001000000000000000000100000000000000000000000000000000000001000000000000000000100000000000000000000000000000000000001000000000000000000100000000
0000000000000000000000000000000000000000000000000000000001000000000000000000000000000000000000010000000000000000000000000000000000000000000000000000000000000000000000000001000000000000000000100000000
1000000000000000000100000000000000000000000000000000000001000000000000000000100000000000000000010000000000000000000000000000000000000100000000000000000010000000000000000001000000000000000000000000000
1000000000000000000000000000000000000000000000000000000001000000000000000000000000000000000000010000000000000000000000000000000000000100000000000000000000000000000000000001000000000000000000100000000
0000000000000000000100000000000000000010000000000000000000000000000000000000000000000000000000000000000000000000001000000000000000000100000000000000000010000000000000000001000000000000000000000000000
1000000000000000000100000000000000000000000000000000000001000000000000000000000000000000000000000000000000000000001000000000000000000100000000000000000010000000000000000001000000000000000000000000000
0000000000000000000100000000000000000010000000000000000001000000000000000000100000000000000000010000000000000000000000000000000000000100000000000000000010000000000000000001000000000000000000100000000
0000000000000000000000000000000000000000000000000000000000000000000000000000100000000000000000010000000000000000001000000000000000000000000000000000000010000000000000000001000000000000000000000000000
1000000000000000000100000000000000000000000000000000000001000000000000000000100000000000000000010000000000000000000000000000000000000000000000000000000000000000000000000001000000000000000000000000000
1011110100111010011110000110001110011001111100011101011010010110001010011011100010000100100001010101111010110010110000111111111101101110010111111110110110101111101101111100010111011100101010100101110
1000000000000000000000000000000000000000000000000000000001000000000000000000000000000000000000010000000000000000000000000000000000000100000000000000000000000000000000000001000000000000000000100000000
0000000000000000000100000000000000000010000000000000000001000000000000000000100000000000000000000000000000000000001000000000000000000100000000000000000000000000000000000001000000000000000000100000000
1000000000000000000000000000000000000010000000000000000000000000000000000000000000000000000000010000000000000000001000000000000000000100000000000000000000000000000000000000000000000000000000000000000
0000000000000000000100000000000000000010000000000000000000000000000000000000000000000000000000010000000000000000000000000000000000000100000000000000000000000000000000000001000000000000000000000000000
1000000000000000000000000000000000000010000000000000000001000000000000000000100000000000000000010000000000000000000000000000000000000100000000000000000010000000000000000001000000000000000000000000000
1000000000000000000100000000000000000000000000000000000000000000000000000000100000000000000000010000000000000000001000000000000000000100000000000000000010000000000000000001000000000000000000100000000
0000000000000000000100000000000000000000000000000000000001000000000000000000100000000000000000000000000000000000001000000000000000000100000000000000000000000000000000000000000000000000000000100000000
0000000000000000000100000000000000000000000000000000000001000000000000000000100000000000000000010000000000000000001000000000000000000100000000000000000010000000000000000001000000000000000000000000000
0000000000000000000100000000000000000000000000000000000001000000000000000000000000000000000000010000000000000000000000000000000000000000000000000000000010000000000000000001000000000000000000100000000
1000000000000000000100000000000000000000000000000000000001000000000000000000100000000000000000000000000000000000000000000000000000000000000000000000000010000000000000000001000000000000000000100000000
1000000000000000000000000000000000000010000000000000000001000000000000000000100000000000000000010000000000000000000000000000000000000100000000000000000010000000000000000000000000000000000000100000000
0000000000000000000000000000000000000010000000000000000001000000000000000000000000000000000000010000000000000000001000000000000000000100000000000000000010000000000000000001000000000000000000000000000
1000000000000000000000000000000000000000000000000000000000000000000000000000100000000000000000000000000000000000000000000000000000000000000000000000000010000000000000000001000000000000000000100000000
0000000000000000000100000000000000000000000000000000000001000000000000000000000000000000000000000000000000000000001000000000000000000100000000000000000010000000000000000001000000000000000000100000000
1000000000000000000100000000000000000010000000000000000001000000000000000000100000000000000000010000000000000000001000000000000000000000000000000000000000000000000000000001000000000000000000000000000
0000000000000000000000000000000000000010000000000000000001000000000000000000100000000000000000010000000000000000000000000000000000000100000000000000000000000000000000000000000000000000000000000000000
1000000000000000000000000000000000000010000000000000000000000000000000000000000000000000000000010000000000000000000000000000000000000100000000000000000000000000000000000001000000000000000000100000000
1000000000000000000100000000000000000010000000000000000001000000000000000000100000000000000000010000000000000000000000000000000000000000000000000000000010000000000000000001000000000000000000000000000
0010100111010001011101000100001111011011100111100111101110001101011111101000101011000011001111001010100101000011101111110011010101100111101111001111110101101101101101101011111110011101101100000111110
0000000000000000000100000000000000000010000000000000000001000000000000000000100000000000000000010000000000000000000000000000000000000000000000000000000000000000000000000001000000000000000000100000000
1000000000000000000000000000000000000010000000000000000001000000000000000000000000000000000000000000000000000000001000000000000000000100000000000000000010000000000000000001000000000000000000100000000
1000000000000000000100000000000000000010000000000000000000000000000000000000100000000000000000010000000000000000000000000000000000000000000000000000000010000000000000000001000000000000000000000000000
0000000000000000000100000000000000000010000000000000000001000000000000000000000000000000000000010000000000000000000000000000000000000100000000000000000000000000000000000001000000000000000000100000000
1000000000000000000000000000000000000000000000000000000001000000000000000000100000000000000000010000000000000000001000000000000000000000000000000000000010000000000000000000000000000000000000100000000
0000000000000000000100000000000000000010000000000000000001000000000000000000100000000000000000010000000000000000000000000000000000000100000000000000000010000000000000000001000000000000000000000000000
0000000000000000000100000000000000000000000000000000000001000000000000000000100000000000000000000000000000000000001000000000000000000000000000000000000010000000000000000001000000000000000000100000000
0000000000000000000100000000000000000010000000000000000001000000000000000000100000000000000000000000000000000000000000000000000000000000000000000000000000000000000000000001000000000000000000000000000
1000000000000000000100000000000000000000000000000000000001000000000000000000100000000000000000010000000000000000000000000000000000000100000000000000000010000000000000000001000000000000000000000000000
1000000000000000000100000000000000000010000000000000000000000000000000000000100000000000000000000000000000000000001000000000000000000000000000000000000010000000000000000001000000000000000000000000000
1000000000000000000100000000000000000000000000000000000000000000000000000000100000000000000000000000000000000000001000000000000000000100000000000000000000000000000000000000000000000000000000100000000
0000000000000000000100000000000000000000000000000000000000000000000000000000100000000000000000010000000000000000001000000000000000000000000000000000000010000000000000000001000000000000000000100000000
0000000000000000000100000000000000000000000000000000000001000000000000000000100000000000000000010000000000000000000000000000000000000100000000000000000010000000000000000000000000000000000000000000000
1000000000000000000000000000000000000010000000000000000001000000000000000000100000000000000000010000000000000000000000000000000000000100000000000000000010000000000000000000000000000000000000100000000
1000000000000000000000000000000000000010000000000000000001000000000000000000000000000000000000010000000000000000001000000000000000000000000000000000000010000000000000000001000000000000000000100000000
1000000000000000000000000000000000000010000000000000000001000000000000000000100000000000000000000000000000000000001000000000000000000000000000000000000010000000000000000001000000000000000000100000000
0000000000000000000100000000000000000010000000000000000001000000000000000000100000000000000000010000000000000000000000000000000000000100000000000000000000000000000000000000000000000000000000000000000
0000000000000000000100000000000000000010000000000000000001000000000000000000100000000000000000000000000000000000001000000000000000000100000000000000000010000000000000000000000000000000000000000000000
0101010101111011011010011000011110111010000100011100111001111010010100100100011110101011110001000111111111101100111001111010110101111111001101101011011000111011111001010011111101110101111010011101101
1000000000000000000100000000000000000010000000000000000000000000000000000000000000000000000000000000000000000000001000000000000000000100000000000000000010000000000000000001000000000000000000100000000
1000000000000000000100000000000000000010000000000000000000000000000000000000000000000000000000000000000000000000001000000000000000000000000000000000000000000000000000000001000000000000000000000000000
0000000000000000000100000000000000000010000000000000000001000000000000000000000000000000000000010000000000000000000000000000000000000000000000000000000010000000000000000001000000000000000000100000000
0000000000000000000000000000000000000000000000000000000001000000000000000000100000000000000000010000000000000000000000000000000000000000000000000000000010000000000000000001000000000000000000100000000
1000000000000000000100000000000000000010000000000000000001000000000000000000000000000000000000010000000000000000000000000000000000000000000000000000000000000000000000000000000000000000000000100000000
1000000000000000000100000000000000000010000000000000000001000000000000000000100000000000000000000000000000000000000000000000000000000100000000000000000000000000000000000001000000000000000000100000000
1000000000000000000000000000000000000000000000000000000001000000000000000000100000000000000000010000000000000000000000000000000000000000000000000000000010000000000000000000000000000000000000100000000
1000000000000000000100000000000000000010000000000000000000000000000000000000100000000000000000010000000000000000001000000000000000000100000000000000000010000000000000000001000000000000000000000000000
1000000000000000000100000000000000000010000000000000000000000000000000000000100000000000000000010000000000000000000000000000000000000000000000000000000000000000000000000001000000000000000000100000000
0000000000000000000100000000000000000010000000000000000001000000000000000000100000000000000000010000000000000000000000000000000000000000000000000000000010000000000000000001000000000000000000100000000
1000000000000000000000000000000000000010000000000000000000000000000000000000100000000000000000000000000000000000000000000000000000000000000000000000000010000000000000000001000000000000000000000000000
1000000000000000000100000000000000000000000000000000000000000000000000000000100000000000000000010000000000000000001000000000000000000100000000000000000000000000000000000001000000000000000000000000000
1000000000000000000100000000000000000000000000000000000001000000000000000000000000000000000000010000000000000000001000000000000000000100000000000000000000000000000000000000000000000000000000000000000
1000000000000000000100000000000000000010000000000000000001000000000000000000100000000000000000000000000000000000001000000000000000000000000000000000000000000000000000000000000000000000000000000000000
1000000000000000000000000000000000000010000000000000000001000000000000000000000000000000000000000000000000000000001000000000000000000100000000000000000000000000000000000000000000000000000000100000000
0000000000000000000100000000000000000000000000000000000001000000000000000000100000000000000000000000000000000000001000000000000000000000000000000000000010000000000000000001000000000000000000100000000
1000000000000000000100000000000000000000000000000000000000000000000000000000100000000000000000010000000000000000000000000000000000000000000000000000000010000000000000000001000000000000000000100000000
0000000000000000000100000000000000000010000000000000000000000000000000000000100000000000000000010000000000000000001000000000000000000000000000000000000010000000000000000000000000000000000000100000000
0101000001011100000001100111010000001010101110001100100100001111011111001011111010110101010110110111101111110100011111011000111101101100011011010010010001001100110111111110110110110111101111110100011
0000000000000000000100000000000000000000000000000000000000000000000000000000000000000000000000000000000000000000001000000000000000000000000000000000000010000000000000000001000000000000000000100000000
1000000000000000000100000000000000000010000000000000000001000000000000000000100000000000000000010000000000000000001000000000000000000100000000000000000010000000000000000000000000000000000000100000000
1000000000000000000000000000000000000000000000000000000001000000000000000000000000000000000000010000000000000000001000000000000000000000000000000000000010000000000000000001000000000000000000100000000
1000000000000000000000000000000000000010000000000000000001000000000000000000100000000000000000010000000000000000000000000000000000000100000000000000000010000000000000000000000000000000000000000000000
1000000000000000000100000000000000000000000000000000000001000000000000000000100000000000000000000000000000000000000000000000000000000100000000000000000010000000000000000000000000000000000000000000000
1000000000000000000000000000000000000000000000000000000001000000000000000000100000000000000000000000000000000000001000000000000000000000000000000000000010000000000000000000000000000000000000100000000
1000000000000000000100000000000000000010000000000000000000000000000000000000100000000000000000010000000000000000001000000000000000000100000000000000000010000000000000000001000000000000000000000000000
1000000000000000000100000000000000000010000000000000000001000000000000000000100000000000000000010000000000000000001000000000000000000100000000000000000010000000000000000000000000000000000000100000000
198 200
01010011010011101100011000101000110001010110011111101011100101101110111001101011110110011100111100010111110001010111001011111111110111101111110000111101111100011110111111111100011100010111011001010101
00000000000000000000000000000000000000001000000000000000000010000000000000000000000000000000000000001000000000000000000000000000000000000000100000000000000000001000000000000000000010000000000000000000
10000000000000000000100000000000000000000000000000000000000010000000000000000000100000000000000000000000000000000000000010000000000000000000100000000000000000001000000000000000000010000000000000000000
00000000000000000000100000000000000000001000000000000000000010000000000000000000000000000000000000001000000000000000000010000000000000000000000000000000000000000000000000000000000010000000000000000000
10000000000000000000100000000000000000000000000000000000000010000000000000000000000000000000000000001000000000000000000000000000000000000000000000000000000000001000000000000000000000000000000000000000
10000000000000000000100000000000000000000000000000000000000010000000000000000000100000000000000000001000000000000000000010000000000000000000100000000000000000001000000000000000000010000000000000000000
00000000000000000000000000000000000000000000000000000000000010000000000000000000100000000000000000001000000000000000000010000000000000000000000000000000000000001000000000000000000000000000000000000000
00000000000000000000100000000000000000000000000000000000000010000000000000000000000000000000000000000000000000000000000010000000000000000000100000000000000000001000000000000000000000000000000000000000
10000000000000000000100000000000000000001000000000000000000010000000000000000000000000000000000000000000000000000000000010000000000000000000000000000000000000000000000000000000000010000000000000000000
10000000000000000000100000000000000000001000000000000000000000000000000000000000100000000000000000001000000000000000000000000000000000000000000000000000000000001000000000000000000000000000000000000000
00000000000000000000100000000000000000001000000000000000000000000000000000000000100000000000000000001000000000000000000010000000000000000000100000000000000000000000000000000000000010000000000000000000
10000000000000000000000000000000000000000000000000000000000000000000000000000000100000000000000000000000000000000000000000000000000000000000100000000000000000000000000000000000000000000000000000000000
00000000000000000000100000000000000000001000000000000000000010000000000000000000100000000000000000000000000000000000000010000000000000000000100000000000000000001000000000000000000010000000000000000000
10000000000000000000000000000000000000001000000000000000000010000000000000000000000000000000000000000000000000000000000010000000000000000000000000000000000000000000000000000000000010000000000000000000
00000000000000000000000000000000000000001000000000000000000000000000000000000000100000000000000000001000000000000000000000000000000000000000000000000000000000001000000000000000000010000000000000000000
00000000000000000000000000000000000000000000000000000000000000000000000000000000000000000000000000000000000000000000000010000000000000000000100000000000000000000000000000000000000010000000000000000000
00000000000000000000100000000000000000001000000000000000000010000000000000000000100000000000000000001000000000000000000010000000000000000000100000000000000000000000000000000000000000000000000000000000
00000000000000000000000000000000000000001000000000000000000000000000000000000000100000000000000000000000000000000000000010000000000000000000100000000000000000000000000000000000000010000000000000000000
10000000000000000000000000000000000000000000000000000000000010000000000000000000100000000000000000001000000000000000000000000000000000000000100000000000000000001000000000000000000000000000000000000000
01101111110101111100011110011011011011001100111000101010101110111111100011101100111111111110111111010100011111110011111001111011111011011101011100001110101111110110011011011100011101011010011101111110
00000000000000000000100000000000000000000000000000000000000000000000000000000000100000000000000000000000000000000000000010000000000000000000100000000000000000001000000000000000000000000000000000000000
10000000000000000000000000000000000000001000000000000000000010000000000000000000100000000000000000000000000000000000000010000000000000000000100000000000000000000000000000000000000010000000000000000000
10000000000000000000100000000000000000000000000000000000000010000000000000000000100000000000000000000000000000000000000000000000000000000000000000000000000000001000000000000000000010000000000000000000
00000000000000000000100000000000000000000000000000000000000000000000000000000000100000000000000000000000000000000000000000000000000000000000100000000000000000001000000000000000000010000000000000000000
10000000000000000000000000000000000000001000000000000000000010000000000000000000100000000000000000000000000000000000000010000000000000000000100000000000000000001000000000000000000000000000000000000000
00000000000000000000100000000000000000000000000000000000000010000000000000000000000000000000000000000000000000000000000000000000000000000000100000000000000000000000000000000000000010000000000000000000
00000000000000000000100000000000000000000000000000000000000000000000000000000000100000000000000000001000000000000000000000000000000000000000100000000000000000001000000000000000000010000000000000000000
00000000000000000000100000000000000000001000000000000000000010000000000000000000100000000000000000000000000000000000000000000000000000000000100000000000000000000000000000000000000010000000000000000000
00000000000000000000100000000000000000001000000000000000000000000000000000000000000000000000000000000000000000000000000010000000000000000000000000000000000000001000000000000000000010000000000000000000
10000000000000000000100000000000000000000000000000000000000010000000000000000000100000000000000000001000000000000000000010000000000000000000100000000000000000000000000000000000000010000000000000000000
10000000000000000000000000000000000000000000000000000000000010000000000000000000100000000000000000000000000000000000000000000000000000000000000000000000000000001000000000000000000000000000000000000000
10000000000000000000100000000000000000001000000000000000000010000000000000000000100000000000000000000000000000000000000010000000000000000000100000000000000000000000000000000000000010000000000000000000
00000000000000000000000000000000000000001000000000000000000000000000000000000000100000000000000000001000000000000000000000000000000000000000000000000000000000001000000000000000000010000000000000000000
00000000000000000000100000000000000000000000000000000000000010000000000000000000000000000000000000000000000000000000000000000000000000000000000000000000000000001000000000000000000000000000000000000000
00000000000000000000000000000000000000000000000000000000000000000000000000000000000000000000000000001000000000000000000010000000000000000000100000000000000000000000000000000000000000000000000000000000
00000000000000000000000000000000000000001000000000000000000000000000000000000000000000000000000000001000000000000000000000000000000000000000100000000000000000000000000000000000000010000000000000000000
00000000000000000000000000000000000000000000000000000000000000000000000000000000000000000000000000001000000000000000000010000000000000000000000000000000000000001000000000000000000000000000000000000000
10000000000000000000100000000000000000001000000000000000000000000000000000000000100000000000000000001000000000000000000010000000000000000000000000000000000000001000000000000000000010000000000000000000
00101101001110111101101100110111100011101010111100100101101110001000110001110110011000111100010010011100101111111111111000010110001001010111110111010111111011111111011011101110011100110000101001111001
10000000000000000000100000000000000000001000000000000000000000000000000000000000100000000000000000000000000000000000000010000000000000000000100000000000000000001000000000000000000010000000000000000000
10000000000000000000000000000000000000000000000000000000000000000000000000000000100000000000000000001000000000000000000010000000000000000000100000000000000000000000000000000000000010000000000000000000
00000000000000000000100000000000000000000000000000000000000010000000000000000000000000000000000000001000000000000000000000000000000000000000000000000000000000001000000000000000000010000000000000000000
00000000000000000000000000000000000000000000000000000000000010000000000000000000000000000000000000000000000000000000000010000000000000000000000000000000000000001000000000000000000010000000000000000000
10000000000000000000100000000000000000000000000000000000000000000000000000000000100000000000000000000000000000000000000010000000000000000000000000000000000000000000000000000000000010000000000000000000
00000000000000000000100000000000000000001000000000000000000000000000000000000000100000000000000000000000000000000000000000000000000000000000000000000000000000001000000000000000000010000000000000000000
10000000000000000000100000000000000000000000000000000000000000000000000000000000000000000000000000001000000000000000000010000000000000000000100000000000000000001000000000000000000000000000000000000000
10000000000000000000100000000000000000000000000000000000000000000000000000000000100000000000000000001000000000000000000010000000000000000000100000000000000000001000000000000000000010000000000000000000
00000000000000000000000000000000000000001000000000000000000010000000000000000000000000000000000000001000000000000000000000000000000000000000100000000000000000000000000000000000000010000000000000000000
00000000000000000000000000000000000000000000000000000000000010000000000000000000000000000000000000000000000000000000000010000000000000000000100000000000000000001000000000000000000010000000000000000000
00000000000000000000100000000000000000001000000000000000000010000000000000000000100000000000000000001000000000000000000000000000000000000000100000000000000000001000000000000000000010000000000000000000
10000000000000000000100000000000000000000000000000000000000000000000000000000000000000000000000000001000000000000000000010000000000000000000100000000000000000001000000000000000000010000000000000000000
10000000000000000000000000000000000000001000000000000000000000000000000000000000000000000000000000000000000000000000000000000000000000000000100000000000000000000000000000000000000010000000000000000000
10000000000000000000100000000000000000001000000000000000000010000000000000000000000000000000000000001000000000000000000010000000000000000000100000000000000000000000000000000000000000000000000000000000
00000000000000000000100000000000000000000000000000000000000010000000000000000000000000000000000000000000000000000000000000000000000000000000100000000000000000000000000000000000000010000000000000000000
10000000000000000000100000000000000000000000000000000000000000000000000000000000100000000000000000000000000000000000000010000000000000000000100000000000000000001000000000000000000010000000000000000000
00000000000000000000100000000000000000001000000000000000000010000000000000000000100000000000000000000000000000000000000000000000000000000000100000000000000000001000000000000000000010000000000000000000
10000000000000000000100000000000000000000000000000000000000000000000000000000000100000000000000000001000000000000000000000000000000000000000000000000000000000001000000000000000000000000000000000000000
10001101101100011011110011101101110111110011001101001111011110011100111110111011110011010011001110011000111010100101110110011111101110111111110000100110111101101111110000010010111111110111110101110000
00000000000000000000100000000000000000001000000000000000000000000000000000000000000000000000000000001000000000000000000000000000000000000000100000000000000000000000000000000000000010000000000000000000
00000000000000000000100000000000000000001000000000000000000000000000000000000000000000000000000000000000000000000000000000000000000000000000100000000000000000000000000000000000000010000000000000000000
10000000000000000000100000000000000000000000000000000000000010000000000000000000100000000000000000001000000000000000000010000000000000000000100000000000000000001000000000000000000010000000000000000000
10000000000000000000100000000000000000001000000000000000000000000000000000000000100000000000000000001000000000000000000000000000000000000000100000000000000000001000000000000000000010000000000000000000
10000000000000000000000000000000000000000000000000000000000000000000000000000000000000000000000000001000000000000000000010000000000000000000100000000000000000001000000000000000000000000000000000000000
10000000000000000000100000000000000000000000000000000000000000000000000000000000000000000000000000001000000000000000000000000000000000000000100000000000000000000000000000000000000010000000000000000000
10000000000000000000000000000000000000001000000000000000000000000000000000000000000000000000000000000000000000000000000000000000000000000000100000000000000000001000000000000000000010000000000000000000
00000000000000000000000000000000000000000000000000000000000010000000000000000000100000000000000000001000000000000000000010000000000000000000100000000000000000001000000000000000000000000000000000000000
10000000000000000000100000000000000000001000000000000000000000000000000000000000100000000000000000001000000000000000000010000000000000000000100000000000000000000000000000000000000010000000000000000000
00000000000000000000100000000000000000000000000000000000000010000000000000000000100000000000000000000000000000000000000010000000000000000000100000000000000000000000000000000000000010000000000000000000
10000000000000000000100000000000000000001000000000000000000000000000000000000000100000000000000000001000000000000000000010000000000000000000000000000000000000000000000000000000000010000000000000000000
10000000000000000000100000000000000000000000000000000000000010000000000000000000000000000000000000001000000000000000000000000000000000000000000000000000000000000000000000000000000000000000000000000000
10000000000000000000000000000000000000001000000000000000000000000000000000000000100000000000000000000000000000000000000000000000000000000000100000000000000000000000000000000000000010000000000000000000
00000000000000000000000000000000000000000000000000000000000000000000000000000000100000000000000000001000000000000000000000000000000000000000000000000000000000001000000000000000000000000000000000000000
00000000000000000000100000000000000000000000000000000000000000000000000000000000100000000000000000001000000000000000000000000000000000000000100000000000000000001000000000000000000000000000000000000000
10000000000000000000000000000000000000000000000000000000000010000000000000000000000000000000000000001000000000000000000010000000000000000000000000000000000000000000000000000000000010000000000000000000
10000000000000000000000000000000000000000000000000000000000010000000000000000000100000000000000000000000000000000000000010000000000000000000100000000000000000000000000000000000000000000000000000000000
10000000000000000000100000000000000000001000000000000000000000000000000000000000000000000000000000000000000000000000000010000000000000000000100000000000000000001000000000000000000010000000000000000000
01111110011010000110101101101101011001001111111111000000101111111110001111101101111011001111101000011001101011101110101111010000001101001100010110110111010010001011111011111101110111110110111110100011
00000000000000000000100000000000000000000000000000000000000000000000000000000000100000000000000000001000000000000000000010000000000000000000000000000000000000001000000000000000000010000000000000000000
00000000000000000000000000000000000000000000000000000000000010000000000000000000100000000000000000001000000000000000000000000000000000000000100000000000000000000000000000000000000000000000000000000000
00000000000000000000000000000000000000001000000000000000000000000000000000000000000000000000000000001000000000000000000010000000000000000000000000000000000000001000000000000000000010000000000000000000
10000000000000000000100000000000000000000000000000000000000010000000000000000000100000000000000000000000000000000000000010000000000000000000100000000000000000000000000000000000000010000000000000000000
10000000000000000000000000000000000000001000000000000000000010000000000000000000000000000000000000001000000000000000000010000000000000000000100000000000000000000000000000000000000000000000000000000000
10000000000000000000100000000000000000001000000000000000000000000000000000000000000000000000000000000000000000000000000010000000000000000000000000000000000000000000000000000000000000000000000000000000
10000000000000000000000000000000000000000000000000000000000000000000000000000000000000000000000000000000000000000000000010000000000000000000000000000000000000001000000000000000000010000000000000000000
00000000000000000000100000000000000000000000000000000000000000000000000000000000100000000000000000001000000000000000000010000000000000000000100000000000000000001000000000000000000000000000000000000000
10000000000000000000100000000000000000001000000000000000000010000000000000000000100000000000000000000000000000000000000000000000000000000000000000000000000000001000000000000000000010000000000000000000
10000000000000000000100000000000000000000000000000000000000010000000000000000000100000000000000000000000000000000000000000000000000000000000100000000000000000001000000000000000000000000000000000000000
10000000000000000000000000000000000000001000000000000000000010000000000000000000000000000000000000001000000000000000000000000000000000000000100000000000000000000000000000000000000000000000000000000000
10000000000000000000000000000000000000001000000000000000000010000000000000000000100000000000000000000000000000000000000000000000000000000000100000000000000000001000000000000000000000000000000000000000
10000000000000000000100000000000000000000000000000000000000010000000000000000000100000000000000000001000000000000000000000000000000000000000000000000000000000001000000000000000000010000000000000000000
00000000000000000000100000000000000000000000000000000000000000000000000000000000100000000000000000001000000000000000000010000000000000000000000000000000000000001000000000000000000000000000000000000000
10000000000000000000000000000000000000001000000000000000000010000000000000000000100000000000000000001000000000000000000010000000000000000000000000000000000000001000000000000000000010000000000000000000
10000000000000000000000000000000000000001000000000000000000010000000000000000000100000000000000000000000000000000000000000000000000000000000000000000000000000001000000000000000000010000000000000000000
10000000000000000000100000000000000000000000000000000000000000000000000000000000000000000000000000001000000000000000000000000000000000000000100000000000000000001000000000000000000010000000000000000000
00000000000000000000100000000000000000000000000000000000000010000000000000000000100000000000000000001000000000000000000000000000000000000000000000000000000000000000000000000000000000000000000000000000
00100110001101011010000110001001110010100100010101110101100011001010010110111111101001110100011011001100001010100001011111110011101100010111110011111011110101100000010111111010010111010011100011110011
00000000000000000000000000000000000000000000000000000000000010000000000000000000000000000000000000001000000000000000000010000000000000000000100000000000000000001000000000000000000010000000000000000000
10000000000000000000100000000000000000001000000000000000000010000000000000000000100000000000000000001000000000000000000000000000000000000000000000000000000000000000000000000000000000000000000000000000
00000000000000000000100000000000000000000000000000000000000010000000000000000000000000000000000000001000000000000000000010000000000000000000100000000000000000000000000000000000000010000000000000000000
00000000000000000000100000000000000000001000000000000000000000000000000000000000100000000000000000000000000000000000000010000000000000000000000000000000000000000000000000000000000010000000000000000000
10000000000000000000100000000000000000001000000000000000000000000000000000000000000000000000000000000000000000000000000010000000000000000000100000000000000000000000000000000000000010000000000000000000
10000000000000000000000000000000000000001000000000000000000000000000000000000000100000000000000000001000000000000000000010000000000000000000100000000000000000000000000000000000000000000000000000000000
00000000000000000000100000000000000000001000000000000000000010000000000000000000100000000000000000001000000000000000000000000000000000000000100000000000000000000000000000000000000010000000000000000000
10000000000000000000100000000000000000000000000000000000000010000000000000000000100000000000000000000000000000000000000010000000000000000000100000000000000000001000000000000000000010000000000000000000
10000000000000000000000000000000000000001000000000000000000000000000000000000000000000000000000000001000000000000000000010000000000000000000100000000000000000001000000000000000000000000000000000000000
10000000000000000000000000000000000000001000000000000000000010000000000000000000100000000000000000000000000000000000000000000000000000000000000000000000000000001000000000000000000010000000000000000000
10000000000000000000100000000000000000001000000000000000000010000000000000000000000000000000000000001000000000000000000010000000000000000000100000000000000000001000000000000000000010000000000000000000
00000000000000000000100000000000000000001000000000000000000010000000000000000000100000000000000000001000000000000000000000000000000000000000000000000000000000001000000000000000000010000000000000000000
00000000000000000000000000000000000000000000000000000000000000000000000000000000100000000000000000001000000000000000000000000000000000000000000000000000000000001000000000000000000010000000000000000000
00000000000000000000100000000000000000001000000000000000000010000000000000000000100000000000000000001000000000000000000010000000000000000000100000000000000000001000000000000000000010000000000000000000
10000000000000000000000000000000000000000000000000000000000010000000000000000000100000000000000000001000000000000000000010000000000000000000000000000000000000000000000000000000000010000000000000000000
10000000000000000000100000000000000000001000000000000000000000000000000000000000100000000000000000000000000000000000000000000000000000000000100000000000000000001000000000000000000000000000000000000000
10000000000000000000100000000000000000001000000000000000000010000000000000000000100000000000000000001000000000000000000000000000000000000000100000000000000000000000000000000000000010000000000000000000
10000000000000000000000000000000000000001000000000000000000000000000000000000000100000000000000000001000000000000000000000000000000000000000100000000000000000001000000000000000000010000000000000000000
00001010101001001101101000011011111001110111100000111001111001001001001011111001110100101000010100111011000110101000101110110011011101111110101000010101011110000100110000011010010010000101101110000001
10000000000000000000000000000000000000001000000000000000000010000000000000000000100000000000000000000000000000000000000010000000000000000000000000000000000000001000000000000000000000000000000000000000
00000000000000000000000000000000000000000000000000000000000000000000000000000000000000000000000000001000000000000000000010000000000000000000100000000000000000000000000000000000000000000000000000000000
10000000000000000000100000000000000000001000000000000000000000000000000000000000100000000000000000000000000000000000000010000000000000000000100000000000000000000000000000000000000010000000000000000000
10000000000000000000000000000000000000001000000000000000000010000000000000000000100000000000000000001000000000000000000000000000000000000000100000000000000000001000000000000000000000000000000000000000
10000000000000000000100000000000000000001000000000000000000010000000000000000000100000000000000000001000000000000000000000000000000000000000100000000000000000001000000000000000000010000000000000000000
10000000000000000000100000000000000000001000000000000000000010000000000000000000000000000000000000000000000000000000000010000000000000000000000000000000000000000000000000000000000010000000000000000000
10000000000000000000000000000000000000000000000000000000000000000000000000000000100000000000000000000000000000000000000010000000000000000000100000000000000000001000000000000000000000000000000000000000
00000000000000000000000000000000000000001000000000000000000010000000000000000000000000000000000000001000000000000000000010000000000000000000100000000000000000001000000000000000000000000000000000000000
00000000000000000000100000000000000000000000000000000000000010000000000000000000100000000000000000001000000000000000000010000000000000000000100000000000000000001000000000000000000000000000000000000000
00000000000000000000100000000000000000000000000000000000000000000000000000000000100000000000000000000000000000000000000010000000000000000000000000000000000000001000000000000000000000000000000000000000
10000000000000000000100000000000000000001000000000000000000010000000000000000000000000000000000000001000000000000000000000000000000000000000100000000000000000001000000000000000000010000000000000000000
00000000000000000000100000000000000000000000000000000000000010000000000000000000000000000000000000000000000000000000000000000000000000000000100000000000000000001000000000000000000000000000000000000000
00000000000000000000100000000000000000001000000000000000000010000000000000000000000000000000000000001000000000000000000010000000000000000000100000000000000000000000000000000000000000000000000000000000
00000000000000000000000000000000000000000000000000000000000010000000000000000000100000000000000000001000000000000000000000000000000000000000100000000000000000001000000000000000000010000000000000000000
00000000000000000000000000000000000000001000000000000000000000000000000000000000100000000000000000001000000000000000000010000000000000000000000000000000000000000000000000000000000000000000000000000000
10000000000000000000100000000000000000000000000000000000000010000000000000000000000000000000000000001000000000000000000010000000000000000000100000000000000000000000000000000000000000000000000000000000
00000000000000000000100000000000000000001000000000000000000010000000000000000000000000000000000000000000000000000000000000000000000000000000000000000000000000000000000000000000000010000000000000000000
10000000000000000000000000000000000000001000000000000000000000000000000000000000100000000000000000001000000000000000000010000000000000000000100000000000000000000000000000000000000010000000000000000000
01011111101111101000000011101010000100010011101101110010100111100000010100111110111101111010111111100011011011011010111110010100111001001000100010100111111011011010110010111101101111101111101010110110
10000000000000000000000000000000000000001000000000000000000010000000000000000000000000000000000000000000000000000000000010000000000000000000100000000000000000001000000000000000000010000000000000000000
00000000000000000000100000000000000000000000000000000000000010000000000000000000100000000000000000001000000000000000000000000000000000000000000000000000000000000000000000000000000000000000000000000000
10000000000000000000000000000000000000001000000000000000000010000000000000000000100000000000000000001000000000000000000000000000000000000000000000000000000000001000000000000000000010000000000000000000
10000000000000000000100000000000000000001000000000000000000010000000000000000000100000000000000000001000000000000000000010000000000000000000100000000000000000001000000000000000000010000000000000000000
00000000000000000000000000000000000000001000000000000000000010000000000000000000100000000000000000001000000000000000000010000000000000000000100000000000000000000000000000000000000000000000000000000000
10000000000000000000100000000000000000001000000000000000000010000000000000000000000000000000000000000000000000000000000000000000000000000000000000000000000000000000000000000000000010000000000000000000
00000000000000000000100000000000000000001000000000000000000010000000000000000000000000000000000000000000000000000000000010000000000000000000000000000000000000001000000000000000000000000000000000000000
10000000000000000000000000000000000000000000000000000000000010000000000000000000100000000000000000001000000000000000000000000000000000000000000000000000000000001000000000000000000010000000000000000000
10000000000000000000000000000000000000001000000000000000000000000000000000000000100000000000000000000000000000000000000010000000000000000000100000000000000000000000000000000000000000000000000000000000
10000000000000000000100000000000000000001000000000000000000010000000000000000000000000000000000000001000000000000000000010000000000000000000100000000000000000001000000000000000000010000000000000000000
10000000000000000000100000000000000000001000000000000000000010000000000000000000100000000000000000000000000000000000000010000000000000000000100000000000000000000000000000000000000010000000000000000000
00000000000000000000100000000000000000000000000000000000000000000000000000000000100000000000000000001000000000000000000000000000000000000000000000000000000000001000000000000000000010000000000000000000
10000000000000000000000000000000000000000000000000000000000000000000000000000000000000000000000000000000000000000000000010000000000000000000100000000000000000000000000000000000000000000000000000000000
00000000000000000000100000000000000000001000000000000000000010000000000000000000000000000000000000001000000000000000000000000000000000000000100000000000000000000000000000000000000010000000000000000000
10000000000000000000100000000000000000001000000000000000000010000000000000000000100000000000000000001000000000000000000000000000000000000000000000000000000000000000000000000000000010000000000000000000
10000000000000000000100000000000000000000000000000000000000000000000000000000000100000000000000000001000000000000000000010000000000000000000100000000000000000000000000000000000000000000000000000000000
00000000000000000000000000000000000000001000000000000000000000000000000000000000000000000000000000001000000000000000000010000000000000000000100000000000000000000000000000000000000010000000000000000000
10000000000000000000100000000000000000000000000000000000000010000000000000000000100000000000000000001000000000000000000010000000000000000000100000000000000000001000000000000000000000000000000000000000
10110101111111000110001011101111011110101010111000010000100101110011000111111111111011111110100100110111010110001111001010100011111011011001011111000110101110010000100101100011111100110110001111101011
10000000000000000000100000000000000000000000000000000000000000000000000000000000100000000000000000000000000000000000000010000000000000000000000000000000000000001000000000000000000000000000000000000000
10000000000000000000000000000000000000001000000000000000000000000000000000000000000000000000000000001000000000000000000000000000000000000000000000000000000000001000000000000000000000000000000000000000
10000000000000000000100000000000000000001000000000000000000000000000000000000000100000000000000000001000000000000000000010000000000000000000100000000000000000000000000000000000000000000000000000000000
10000000000000000000100000000000000000000000000000000000000010000000000000000000100000000000000000001000000000000000000000000000000000000000100000000000000000000000000000000000000010000000000000000000
00000000000000000000100000000000000000001000000000000000000010000000000000000000000000000000000000001000000000000000000010000000000000000000100000000000000000001000000000000000000010000000000000000000
10000000000000000000100000000000000000001000000000000000000000000000000000000000100000000000000000001000000000000000000000000000000000000000100000000000000000000000000000000000000010000000000000000000
10000000000000000000100000000000000000001000000000000000000000000000000000000000100000000000000000000000000000000000000000000000000000000000100000000000000000001000000000000000000010000000000000000000
00000000000000000000100000000000000000001000000000000000000010000000000000000000000000000000000000001000000000000000000010000000000000000000100000000000000000000000000000000000000010000000000000000000
00000000000000000000000000000000000000001000000000000000000010000000000000000000100000000000000000001000000000000000000010000000000000000000100000000000000000001000000000000000000010000000000000000000
10000000000000000000000000000000000000001000000000000000000010000000000000000000100000000000000000001000000000000000000000000000000000000000000000000000000000001000000000000000000000000000000000000000
10000000000000000000000000000000000000000000000000000000000010000000000000000000000000000000000000000000000000000000000010000000000000000000100000000000000000001000000000000000000010000000000000000000
10000000000000000000100000000000000000000000000000000000000010000000000000000000000000000000000000001000000000000000000010000000000000000000100000000000000000001000000000000000000010000000000000000000
10000000000000000000000000000000000000001000000000000000000010000000000000000000100000000000000000001000000000000000000010000000000000000000000000000000000000001000000000000000000010000000000000000000
10000000000000000000100000000000000000000000000000000000000000000000000000000000000000000000000000000000000000000000000000000000000000000000000000000000000000000000000000000000000010000000000000000000
10000000000000000000100000000000000000001000000000000000000010000000000000000000000000000000000000000000000000000000000010000000000000000000000000000000000000000000000000000000000010000000000000000000
10000000000000000000100000000000000000001000000000000000000010000000000000000000100000000000000000000000000000000000000010000000000000000000100000000000000000000000000000000000000000000000000000000000
00000000000000000000000000000000000000000000000000000000000000000000000000000000000000000000000000000000000000000000000010000000000000000000100000000000000000001000000000000000000000000000000000000000
10000000000000000000000000000000000000001000000000000000000010000000000000000000000000000000000000001000000000000000000010000000000000000000000000000000000000001000000000000000000010000000000000000000
01011101110011111110101110110110111110010101001011001000010111111101101110111110110101101011110111100110000011101101111111111110100011110111001110111010100110110101001001001011110111001000110111111011
10000000000000000000100000000000000000000000000000000000000000000000000000000000000000000000000000000000000000000000000010000000000000000000100000000000000000001000000000000000000000000000000000000000
00000000000000000000000000000000000000001000000000000000000000000000000000000000100000000000000000000000000000000000000000000000000000000000100000000000000000000000000000000000000000000000000000000000
10000000000000000000000000000000000000001000000000000000000010000000000000000000100000000000000000001000000000000000000000000000000000000000000000000000000000001000000000000000000010000000000000000000
10000000000000000000100000000000000000000000000000000000000010000000000000000000100000000000000000000000000000000000000000000000000000000000000000000000000000001000000000000000000010000000000000000000
00000000000000000000100000000000000000000000000000000000000000000000000000000000100000000000000000001000000000000000000010000000000000000000000000000000000000001000000000000000000000000000000000000000
10000000000000000000100000000000000000001000000000000000000010000000000000000000000000000000000000000000000000000000000010000000000000000000000000000000000000001000000000000000000000000000000000000000
10000000000000000000100000000000000000000000000000000000000000000000000000000000100000000000000000000000000000000000000010000000000000000000100000000000000000001000000000000000000010000000000000000000
00000000000000000000000000000000000000000000000000000000000010000000000000000000100000000000000000001000000000000000000010000000000000000000100000000000000000001000000000000000000010000000000000000000
10000000000000000000000000000000000000000000000000000000000000000000000000000000100000000000000000001000000000000000000010000000000000000000100000000000000000001000000000000000000010000000000000000000
00000000000000000000100000000000000000001000000000000000000000000000000000000000100000000000000000000000000000000000000010000000000000000000100000000000000000000000000000000000000000000000000000000000
10000000000000000000100000000000000000001000000000000000000000000000000000000000100000000000000000000000000000000000000010000000000000000000000000000000000000001000000000000000000010000000000000000000
10000000000000000000100000000000000000001000000000000000000000000000000000000000000000000000000000000000000000000000000010000000000000000000100000000000000000000000000000000000000010000000000000000000
00000000000000000000000000000000000000001000000000000000000000000000000000000000100000000000000000001000000000000000000010000000000000000000100000000000000000001000000000000000000000000000000000000000
10000000000000000000100000000000000000001000000000000000000010000000000000000000100000000000000000001000000000000000000010000000000000000000100000000000000000001000000000000000000010000000000000000000
10000000000000000000100000000000000000001000000000000000000010000000000000000000100000000000000000001000000000000000000000000000000000000000100000000000000000000000000000000000000010000000000000000000
00000000000000000000000000000000000000000000000000000000000000000000000000000000100000000000000000001000000000000000000010000000000000000000100000000000000000001000000000000000000010000000000000000000
10000000000000000000000000000000000000001000000000000000000010000000000000000000000000000000000000001000000000000000000010000000000000000000000000000000000000000000000000000000000010000000000000000000
10000000000000000000100000000000000000001000000000000000000000000000000000000000000000000000000000001000000000000000000010000000000000000000100000000000000000001000000000000000000010000000000000000000
11100111010011001111111101111101100010101011101001100101010101101101101001110001011011001111011110111011000101110011101110111000000100111100000110010011011011010001001010110010110111111100101111101111
10000000000000000000000000000000000000000000000000000000000010000000000000000000100000000000000000000000000000000000000010000000000000000000000000000000000000000000000000000000000000000000000000000000
10000000000000000000100000000000000000001000000000000000000010000000000000000000100000000000000000001000000000000000000000000000000000000000000000000000000000000000000000000000000000000000000000000000
10000000000000000000000000000000000000000000000000000000000010000000000000000000100000000000000000000000000000000000000000000000000000000000000000000000000000001000000000000000000000000000000000000000
10000000000000000000100000000000000000001000000000000000000010000000000000000000000000000000000000000000000000000000000000000000000000000000100000000000000000000000000000000000000000000000000000000000
10000000000000000000000000000000000000001000000000000000000000000000000000000000000000000000000000000000000000000000000000000000000000000000000000000000000000001000000000000000000000000000000000000000
10000000000000000000000000000000000000000000000000000000000010000000000000000000000000000000000000000000000000000000000010000000000000000000100000000000000000001000000000000000000000000000000000000000
10000000000000000000100000000000000000001000000000000000000010000000000000000000100000000000000000000000000000000000000000000000000000000000100000000000000000001000000000000000000010000000000000000000
198 200
01110111110100100110110011010001001111001100010010001101100100101110001111010101101001100111111100101110101101011111110011101111111110011010011011001100100010101111111001110110000101101000111101110111
10000000000000000000100000000000000000001000000000000000000000000000000000000000000000000000000000001000000000000000000010000000000000000000100000000000000000001000000000000000000010000000000000000000
10000000000000000000100000000000000000000000000000000000000000000000000000000000100000000000000000000000000000000000000000000000000000000000100000000000000000001000000000000000000010000000000000000000
00000000000000000000000000000000000000001000000000000000000000000000000000000000100000000000000000001000000000000000000010000000000000000000000000000000000000000000000000000000000010000000000000000000
10000000000000000000000000000000000000001000000000000000000010000000000000000000100000000000000000001000000000000000000010000000000000000000000000000000000000001000000000000000000010000000000000000000
00000000000000000000100000000000000000000000000000000000000010000000000000000000000000000000000000000000000000000000000010000000000000000000100000000000000000000000000000000000000000000000000000000000
10000000000000000000100000000000000000001000000000000000000010000000000000000000000000000000000000001000000000000000000010000000000000000000100000000000000000001000000000000000000000000000000000000000
00000000000000000000000000000000000000001000000000000000000010000000000000000000100000000000000000000000000000000000000000000000000000000000000000000000000000001000000000000000000010000000000000000000
00000000000000000000100000000000000000000000000000000000000010000000000000000000100000000000000000000000000000000000000000000000000000000000100000000000000000001000000000000000000000000000000000000000
10000000000000000000000000000000000000000000000000000000000010000000000000000000100000000000000000001000000000000000000010000000000000000000100000000000000000001000000000000000000010000000000000000000
00000000000000000000100000000000000000001000000000000000000010000000000000000000000000000000000000001000000000000000000010000000000000000000000000000000000000000000000000000000000010000000000000000000
00000000000000000000100000000000000000000000000000000000000000000000000000000000100000000000000000001000000000000000000010000000000000000000100000000000000000001000000000000000000000000000000000000000
10000000000000000000000000000000000000001000000000000000000010000000000000000000000000000000000000000000000000000000000000000000000000000000100000000000000000000000000000000000000010000000000000000000
10000000000000000000100000000000000000001000000000000000000010000000000000000000100000000000000000001000000000000000000000000000000000000000100000000000000000000000000000000000000010000000000000000000
00000000000000000000100000000000000000001000000000000000000000000000000000000000100000000000000000001000000000000000000010000000000000000000100000000000000000001000000000000000000000000000000000000000
10000000000000000000000000000000000000001000000000000000000010000000000000000000000000000000000000000000000000000000000010000000000000000000000000000000000000001000000000000000000010000000000000000000
10000000000000000000000000000000000000001000000000000000000010000000000000000000000000000000000000001000000000000000000010000000000000000000100000000000000000000000000000000000000000000000000000000000
00000000000000000000100000000000000000000000000000000000000000000000000000000000100000000000000000001000000000000000000010000000000000000000100000000000000000001000000000000000000000000000000000000000
00000000000000000000100000000000000000001000000000000000000000000000000000000000000000000000000000000000000000000000000000000000000000000000000000000000000000001000000000000000000000000000000000000000
10111100110011010111001110110001101101001111111001010011101011010111100011100101101101011001111001011111001111101011101100111001111101011001010100110111010111000110100111101001111001110100100011110110
00000000000000000000100000000000000000001000000000000000000000000000000000000000000000000000000000001000000000000000000010000000000000000000000000000000000000001000000000000000000000000000000000000000
10000000000000000000000000000000000000000000000000000000000010000000000000000000100000000000000000001000000000000000000000000000000000000000000000000000000000001000000000000000000000000000000000000000
10000000000000000000100000000000000000000000000000000000000010000000000000000000000000000000000000001000000000000000000010000000000000000000100000000000000000001000000000000000000000000000000000000000
10000000000000000000100000000000000000001000000000000000000000000000000000000000000000000000000000000000000000000000000010000000000000000000000000000000000000001000000000000000000000000000000000000000
10000000000000000000000000000000000000000000000000000000000000000000000000000000100000000000000000000000000000000000000010000000000000000000000000000000000000001000000000000000000010000000000000000000
00000000000000000000100000000000000000000000000000000000000010000000000000000000000000000000000000000000000000000000000010000000000000000000100000000000000000000000000000000000000000000000000000000000
10000000000000000000000000000000000000001000000000000000000000000000000000000000000000000000000000001000000000000000000010000000000000000000100000000000000000000000000000000000000010000000000000000000
10000000000000000000100000000000000000000000000000000000000010000000000000000000100000000000000000001000000000000000000010000000000000000000100000000000000000000000000000000000000000000000000000000000
10000000000000000000100000000000000000001000000000000000000010000000000000000000100000000000000000001000000000000000000000000000000000000000100000000000000000001000000000000000000000000000000000000000
10000000000000000000100000000000000000000000000000000000000000000000000000000000100000000000000000001000000000000000000000000000000000000000000000000000000000001000000000000000000010000000000000000000
10000000000000000000100000000000000000000000000000000000000000000000000000000000000000000000000000001000000000000000000010000000000000000000100000000000000000000000000000000000000010000000000000000000
10000000000000000000100000000000000000001000000000000000000000000000000000000000000000000000000000001000000000000000000010000000000000000000000000000000000000000000000000000000000010000000000000000000
00000000000000000000100000000000000000000000000000000000000000000000000000000000000000000000000000001000000000000000000000000000000000000000000000000000000000001000000000000000000010000000000000000000
10000000000000000000100000000000000000001000000000000000000010000000000000000000100000000000000000001000000000000000000000000000000000000000100000000000000000001000000000000000000010000000000000000000
10000000000000000000100000000000000000001000000000000000000000000000000000000000000000000000000000001000000000000000000000000000000000000000000000000000000000001000000000000000000000000000000000000000
10000000000000000000000000000000000000000000000000000000000010000000000000000000100000000000000000001000000000000000000000000000000000000000100000000000000000001000000000000000000010000000000000000000
10000000000000000000100000000000000000000000000000000000000010000000000000000000100000000000000000001000000000000000000010000000000000000000100000000000000000001000000000000000000010000000000000000000
00000000000000000000100000000000000000001000000000000000000000000000000000000000100000000000000000001000000000000000000000000000000000000000100000000000000000001000000000000000000010000000000000000000
10100010011001110111001100010010100011000111010100111101001010100110001111111111000000011111101100111000001011101001101010011111010100100011011111101000001001000110110011110000101001101100111010110111
10000000000000000000100000000000000000000000000000000000000010000000000000000000000000000000000000000000000000000000000010000000000000000000000000000000000000000000000000000000000010000000000000000000
10000000000000000000000000000000000000000000000000000000000000000000000000000000100000000000000000001000000000000000000010000000000000000000100000000000000000000000000000000000000000000000000000000000
10000000000000000000000000000000000000000000000000000000000010000000000000000000100000000000000000001000000000000000000010000000000000000000100000000000000000000000000000000000000010000000000000000000
10000000000000000000100000000000000000000000000000000000000000000000000000000000100000000000000000001000000000000000000010000000000000000000000000000000000000001000000000000000000010000000000000000000
10000000000000000000000000000000000000000000000000000000000000000000000000000000000000000000000000000000000000000000000000000000000000000000000000000000000000001000000000000000000010000000000000000000
10000000000000000000000000000000000000001000000000000000000010000000000000000000100000000000000000001000000000000000000010000000000000000000100000000000000000001000000000000000000010000000000000000000
10000000000000000000100000000000000000000000000000000000000000000000000000000000000000000000000000000000000000000000000000000000000000000000100000000000000000000000000000000000000010000000000000000000
00000000000000000000100000000000000000000000000000000000000000000000000000000000100000000000000000001000000000000000000010000000000000000000100000000000000000001000000000000000000010000000000000000000
10000000000000000000100000000000000000001000000000000000000010000000000000000000000000000000000000001000000000000000000010000000000000000000100000000000000000001000000000000000000010000000000000000000
00000000000000000000000000000000000000001000000000000000000010000000000000000000000000000000000000000000000000000000000010000000000000000000000000000000000000001000000000000000000000000000000000000000
10000000000000000000000000000000000000001000000000000000000010000000000000000000100000000000000000000000000000000000000010000000000000000000100000000000000000001000000000000000000000000000000000000000
00000000000000000000100000000000000000001000000000000000000010000000000000000000000000000000000000000000000000000000000010000000000000000000100000000000000000000000000000000000000010000000000000000000
00000000000000000000000000000000000000001000000000000000000010000000000000000000100000000000000000001000000000000000000010000000000000000000100000000000000000001000000000000000000000000000000000000000
00000000000000000000000000000000000000000000000000000000000010000000000000000000100000000000000000001000000000000000000000000000000000000000000000000000000000001000000000000000000010000000000000000000
10000000000000000000000000000000000000001000000000000000000010000000000000000000000000000000000000000000000000000000000010000000000000000000100000000000000000001000000000000000000010000000000000000000
10000000000000000000100000000000000000001000000000000000000000000000000000000000000000000000000000001000000000000000000010000000000000000000000000000000000000001000000000000000000010000000000000000000
00000000000000000000100000000000000000000000000000000000000010000000000000000000100000000000000000000000000000000000000000000000000000000000000000000000000000001000000000000000000000000000000000000000
00000000000000000000000000000000000000001000000000000000000010000000000000000000000000000000000000000000000000000000000010000000000000000000000000000000000000001000000000000000000010000000000000000000
11101101001110101010001000111010111010111110000101111101001100101011110011101111011010100010000111101000110010000010111011011011110011001101101101111110111001111100111111101011011010010111101011011101
10000000000000000000100000000000000000000000000000000000000010000000000000000000100000000000000000000000000000000000000010000000000000000000100000000000000000001000000000000000000010000000000000000000
10000000000000000000100000000000000000001000000000000000000000000000000000000000000000000000000000001000000000000000000000000000000000000000000000000000000000000000000000000000000010000000000000000000
10000000000000000000000000000000000000001000000000000000000010000000000000000000000000000000000000001000000000000000000000000000000000000000100000000000000000000000000000000000000000000000000000000000
10000000000000000000100000000000000000001000000000000000000010000000000000000000000000000000000000001000000000000000000010000000000000000000100000000000000000001000000000000000000010000000000000000000
10000000000000000000000000000000000000000000000000000000000010000000000000000000100000000000000000001000000000000000000000000000000000000000000000000000000000000000000000000000000000000000000000000000
00000000000000000000100000000000000000001000000000000000000010000000000000000000100000000000000000001000000000000000000010000000000000000000100000000000000000001000000000000000000010000000000000000000
10000000000000000000100000000000000000001000000000000000000000000000000000000000100000000000000000000000000000000000000010000000000000000000000000000000000000001000000000000000000010000000000000000000
00000000000000000000100000000000000000000000000000000000000010000000000000000000000000000000000000001000000000000000000010000000000000000000000000000000000000001000000000000000000010000000000000000000
10000000000000000000000000000000000000000000000000000000000010000000000000000000100000000000000000000000000000000000000000000000000000000000100000000000000000001000000000000000000010000000000000000000
10000000000000000000000000000000000000001000000000000000000010000000000000000000000000000000000000000000000000000000000000000000000000000000100000000000000000000000000000000000000000000000000000000000
10000000000000000000100000000000000000001000000000000000000010000000000000000000000000000000000000001000000000000000000000000000000000000000100000000000000000000000000000000000000010000000000000000000
10000000000000000000100000000000000000001000000000000000000010000000000000000000100000000000000000001000000000000000000010000000000000000000000000000000000000001000000000000000000010000000000000000000
00000000000000000000100000000000000000001000000000000000000000000000000000000000000000000000000000001000000000000000000010000000000000000000100000000000000000000000000000000000000000000000000000000000
10000000000000000000000000000000000000001000000000000000000000000000000000000000100000000000000000001000000000000000000010000000000000000000000000000000000000000000000000000000000000000000000000000000
00000000000000000000000000000000000000000000000000000000000010000000000000000000100000000000000000001000000000000000000010000000000000000000000000000000000000000000000000000000000010000000000000000000
10000000000000000000100000000000000000000000000000000000000010000000000000000000000000000000000000001000000000000000000010000000000000000000000000000000000000001000000000000000000000000000000000000000
10000000000000000000100000000000000000000000000000000000000000000000000000000000100000000000000000001000000000000000000010000000000000000000000000000000000000001000000000000000000010000000000000000000
10000000000000000000100000000000000000001000000000000000000010000000000000000000100000000000000000000000000000000000000010000000000000000000100000000000000000001000000000000000000010000000000000000000
11111011111001100100111111111111010011000001111001010001101011010111110110010010111011110010101100101101011001101110001001000111001110110110111111110011010101100101110101101111010001110100100000010101
10000000000000000000000000000000000000000000000000000000000000000000000000000000000000000000000000001000000000000000000010000000000000000000000000000000000000001000000000000000000010000000000000000000
10000000000000000000100000000000000000001000000000000000000010000000000000000000100000000000000000001000000000000000000010000000000000000000100000000000000000000000000000000000000010000000000000000000
00000000000000000000100000000000000000001000000000000000000010000000000000000000100000000000000000001000000000000000000010000000000000000000100000000000000000001000000000000000000010000000000000000000
10000000000000000000100000000000000000001000000000000000000010000000000000000000100000000000000000001000000000000000000000000000000000000000100000000000000000001000000000000000000010000000000000000000
00000000000000000000100000000000000000001000000000000000000010000000000000000000100000000000000000000000000000000000000000000000000000000000000000000000000000000000000000000000000010000000000000000000
00000000000000000000000000000000000000000000000000000000000010000000000000000000000000000000000000001000000000000000000000000000000000000000100000000000000000001000000000000000000010000000000000000000
10000000000000000000000000000000000000001000000000000000000000000000000000000000100000000000000000000000000000000000000000000000000000000000000000000000000000001000000000000000000010000000000000000000
00000000000000000000100000000000000000001000000000000000000010000000000000000000100000000000000000000000000000000000000010000000000000000000100000000000000000000000000000000000000010000000000000000000
00000000000000000000000000000000000000001000000000000000000010000000000000000000100000000000000000000000000000000000000010000000000000000000100000000000000000001000000000000000000000000000000000000000
00000000000000000000100000000000000000001000000000000000000000000000000000000000100000000000000000000000000000000000000010000000000000000000100000000000000000001000000000000000000000000000000000000000
00000000000000000000100000000000000000001000000000000000000000000000000000000000000000000000000000000000000000000000000000000000000000000000100000000000000000000000000000000000000000000000000000000000
10000000000000000000000000000000000000001000000000000000000010000000000000000000100000000000000000001000000000000000000010000000000000000000100000000000000000001000000000000000000010000000000000000000
10000000000000000000100000000000000000000000000000000000000010000000000000000000100000000000000000001000000000000000000000000000000000000000000000000000000000000000000000000000000010000000000000000000
00000000000000000000000000000000000000001000000000000000000010000000000000000000000000000000000000001000000000000000000010000000000000000000100000000000000000000000000000000000000000000000000000000000
00000000000000000000100000000000000000000000000000000000000000000000000000000000100000000000000000000000000000000000000010000000000000000000100000000000000000000000000000000000000010000000000000000000
00000000000000000000100000000000000000001000000000000000000010000000000000000000000000000000000000001000000000000000000010000000000000000000100000000000000000001000000000000000000000000000000000000000
10000000000000000000100000000000000000000000000000000000000010000000000000000000100000000000000000001000000000000000000000000000000000000000100000000000000000001000000000000000000000000000000000000000
10000000000000000000100000000000000000000000000000000000000010000000000000000000100000000000000000000000000000000000000000000000000000000000100000000000000000000000000000000000000000000000000000000000
11111100010111010011101100100010100001101101001110010010101101101001010100101011010011010111101001111001110011011111110100011010100101000110010110000011100110101011101101100001011010111111001111010000
10000000000000000000000000000000000000000000000000000000000010000000000000000000000000000000000000000000000000000000000010000000000000000000100000000000000000001000000000000000000000000000000000000000
00000000000000000000000000000000000000001000000000000000000000000000000000000000100000000000000000000000000000000000000000000000000000000000100000000000000000000000000000000000000000000000000000000000
00000000000000000000100000000000000000001000000000000000000000000000000000000000000000000000000000000000000000000000000000000000000000000000100000000000000000001000000000000000000000000000000000000000
00000000000000000000100000000000000000000000000000000000000010000000000000000000100000000000000000001000000000000000000010000000000000000000100000000000000000001000000000000000000010000000000000000000
10000000000000000000100000000000000000001000000000000000000010000000000000000000000000000000000000000000000000000000000010000000000000000000100000000000000000001000000000000000000010000000000000000000
00000000000000000000100000000000000000001000000000000000000010000000000000000000000000000000000000001000000000000000000010000000000000000000000000000000000000000000000000000000000000000000000000000000
10000000000000000000100000000000000000000000000000000000000000000000000000000000100000000000000000000000000000000000000000000000000000000000100000000000000000000000000000000000000010000000000000000000
00000000000000000000100000000000000000001000000000000000000000000000000000000000100000000000000000001000000000000000000000000000000000000000000000000000000000001000000000000000000000000000000000000000
10000000000000000000100000000000000000000000000000000000000000000000000000000000100000000000000000000000000000000000000010000000000000000000000000000000000000001000000000000000000000000000000000000000
00000000000000000000100000000000000000000000000000000000000000000000000000000000000000000000000000000000000000000000000000000000000000000000100000000000000000000000000000000000000000000000000000000000
00000000000000000000000000000000000000000000000000000000000000000000000000000000100000000000000000001000000000000000000010000000000000000000100000000000000000001000000000000000000000000000000000000000
10000000000000000000100000000000000000000000000000000000000010000000000000000000100000000000000000000000000000000000000010000000000000000000100000000000000000000000000000000000000010000000000000000000
00000000000000000000000000000000000000001000000000000000000010000000000000000000000000000000000000001000000000000000000010000000000000000000000000000000000000001000000000000000000000000000000000000000
00000000000000000000000000000000000000001000000000000000000000000000000000000000100000000000000000000000000000000000000010000000000000000000100000000000000000001000000000000000000000000000000000000000
10000000000000000000100000000000000000001000000000000000000010000000000000000000100000000000000000001000000000000000000010000000000000000000100000000000000000001000000000000000000010000000000000000000
00000000000000000000000000000000000000001000000000000000000010000000000000000000000000000000000000000000000000000000000000000000000000000000100000000000000000001000000000000000000010000000000000000000
10000000000000000000100000000000000000000000000000000000000010000000000000000000000000000000000000001000000000000000000010000000000000000000100000000000000000001000000000000000000010000000000000000000
00000000000000000000000000000000000000001000000000000000000000000000000000000000100000000000000000001000000000000000000010000000000000000000000000000000000000001000000000000000000000000000000000000000
01000000110001110111011111100111101000101000111110100000001011110111000101101000011111110011010101011010001110011100001011111111101111101010110110110111001001010110111000101101110110011010000001100011
00000000000000000000000000000000000000000000000000000000000000000000000000000000000000000000000000001000000000000000000000000000000000000000000000000000000000001000000000000000000000000000000000000000
00000000000000000000000000000000000000001000000000000000000010000000000000000000100000000000000000000000000000000000000000000000000000000000000000000000000000001000000000000000000010000000000000000000
10000000000000000000100000000000000000000000000000000000000010000000000000000000100000000000000000001000000000000000000000000000000000000000100000000000000000000000000000000000000000000000000000000000
00000000000000000000100000000000000000000000000000000000000000000000000000000000100000000000000000001000000000000000000010000000000000000000100000000000000000001000000000000000000000000000000000000000
10000000000000000000100000000000000000001000000000000000000010000000000000000000100000000000000000001000000000000000000010000000000000000000100000000000000000001000000000000000000010000000000000000000
10000000000000000000000000000000000000001000000000000000000010000000000000000000100000000000000000001000000000000000000000000000000000000000100000000000000000001000000000000000000000000000000000000000
10000000000000000000000000000000000000001000000000000000000000000000000000000000100000000000000000001000000000000000000010000000000000000000100000000000000000001000000000000000000010000000000000000000
10000000000000000000100000000000000000000000000000000000000000000000000000000000000000000000000000000000000000000000000000000000000000000000100000000000000000001000000000000000000010000000000000000000
10000000000000000000100000000000000000000000000000000000000010000000000000000000100000000000000000000000000000000000000000000000000000000000100000000000000000000000000000000000000000000000000000000000
10000000000000000000100000000000000000001000000000000000000010000000000000000000100000000000000000000000000000000000000010000000000000000000100000000000000000001000000000000000000000000000000000000000
00000000000000000000000000000000000000000000000000000000000010000000000000000000100000000000000000001000000000000000000010000000000000000000000000000000000000000000000000000000000000000000000000000000
00000000000000000000100000000000000000000000000000000000000010000000000000000000000000000000000000001000000000000000000000000000000000000000100000000000000000000000000000000000000010000000000000000000
00000000000000000000100000000000000000000000000000000000000010000000000000000000100000000000000000001000000000000000000010000000000000000000100000000000000000001000000000000000000010000000000000000000
10000000000000000000100000000000000000001000000000000000000000000000000000000000100000000000000000001000000000000000000010000000000000000000100000000000000000000000000000000000000010000000000000000000
00000000000000000000100000000000000000001000000000000000000010000000000000000000000000000000000000001000000000000000000010000000000000000000000000000000000000001000000000000000000010000000000000000000
00000000000000000000100000000000000000001000000000000000000010000000000000000000100000000000000000000000000000000000000010000000000000000000100000000000000000001000000000000000000000000000000000000000
00000000000000000000100000000000000000000000000000000000000010000000000000000000100000000000000000000000000000000000000010000000000000000000100000000000000000001000000000000000000000000000000000000000
00000000000000000000000000000000000000001000000000000000000010000000000000000000000000000000000000000000000000000000000000000000000000000000000000000000000000001000000000000000000010000000000000000000
11011011100110100111111111011010001101110101110011101001100111100101000111111100110001011100010001101101011111101010110101001011101110111000101111011101001011110111010111111111111011110111101100001010
00000000000000000000000000000000000000001000000000000000000000000000000000000000100000000000000000000000000000000000000010000000000000000000100000000000000000001000000000000000000010000000000000000000
00000000000000000000000000000000000000001000000000000000000010000000000000000000100000000000000000000000000000000000000000000000000000000000100000000000000000001000000000000000000000000000000000000000
00000000000000000000000000000000000000001000000000000000000010000000000000000000100000000000000000000000000000000000000010000000000000000000000000000000000000001000000000000000000010000000000000000000
10000000000000000000100000000000000000001000000000000000000010000000000000000000000000000000000000000000000000000000000010000000000000000000100000000000000000000000000000000000000010000000000000000000
10000000000000000000100000000000000000000000000000000000000000000000000000000000100000000000000000001000000000000000000010000000000000000000000000000000000000000000000000000000000010000000000000000000
10000000000000000000100000000000000000001000000000000000000000000000000000000000000000000000000000001000000000000000000000000000000000000000000000000000000000001000000000000000000010000000000000000000
10000000000000000000100000000000000000001000000000000000000010000000000000000000100000000000000000001000000000000000000000000000000000000000100000000000000000001000000000000000000000000000000000000000
00000000000000000000100000000000000000000000000000000000000010000000000000000000100000000000000000000000000000000000000010000000000000000000000000000000000000000000000000000000000000000000000000000000
00000000000000000000000000000000000000000000000000000000000000000000000000000000000000000000000000001000000000000000000010000000000000000000100000000000000000001000000000000000000010000000000000000000
10000000000000000000100000000000000000001000000000000000000000000000000000000000100000000000000000001000000000000000000010000000000000000000000000000000000000000000000000000000000010000000000000000000
00000000000000000000100000000000000000000000000000000000000000000000000000000000100000000000000000001000000000000000000000000000000000000000100000000000000000000000000000000000000010000000000000000000
00000000000000000000000000000000000000001000000000000000000010000000000000000000000000000000000000001000000000000000000010000000000000000000100000000000000000000000000000000000000000000000000000000000
10000000000000000000000000000000000000001000000000000000000000000000000000000000000000000000000000000000000000000000000000000000000000000000100000000000000000000000000000000000000010000000000000000000
00000000000000000000100000000000000000001000000000000000000010000000000000000000000000000000000000001000000000000000000010000000000000000000100000000000000000001000000000000000000000000000000000000000
10000000000000000000100000000000000000001000000000000000000000000000000000000000100000000000000000001000000000000000000000000000000000000000100000000000000000001000000000000000000010000000000000000000
10000000000000000000100000000000000000000000000000000000000010000000000000000000100000000000000000001000000000000000000010000000000000000000000000000000000000001000000000000000000000000000000000000000
00000000000000000000100000000000000000001000000000000000000010000000000000000000100000000000000000001000000000000000000000000000000000000000100000000000000000001000000000000000000010000000000000000000
10000000000000000000100000000000000000001000000000000000000000000000000000000000000000000000000000001000000000000000000010000000000000000000100000000000000000001000000000000000000010000000000000000000
00111111100101001111111100101111011111110101100111000010101111110100011101110110000011111010111011001010011111101100000011111101110101101111100111110100111101010101110111111001111011011010111100010111
00000000000000000000100000000000000000001000000000000000000010000000000000000000100000000000000000000000000000000000000000000000000000000000100000000000000000001000000000000000000000000000000000000000
10000000000000000000000000000000000000000000000000000000000010000000000000000000100000000000000000001000000000000000000000000000000000000000000000000000000000000000000000000000000000000000000000000000
00000000000000000000100000000000000000001000000000000000000010000000000000000000100000000000000000000000000000000000000000000000000000000000100000000000000000000000000000000000000010000000000000000000
00000000000000000000100000000000000000001000000000000000000000000000000000000000000000000000000000001000000000000000000010000000000000000000000000000000000000001000000000000000000000000000000000000000
00000000000000000000100000000000000000001000000000000000000000000000000000000000100000000000000000000000000000000000000010000000000000000000000000000000000000000000000000000000000010000000000000000000
10000000000000000000100000000000000000001000000000000000000010000000000000000000100000000000000000001000000000000000000010000000000000000000000000000000000000000000000000000000000000000000000000000000
00000000000000000000000000000000000000000000000000000000000000000000000000000000000000000000000000001000000000000000000000000000000000000000100000000000000000001000000000000000000010000000000000000000
00000000000000000000100000000000000000001000000000000000000010000000000000000000100000000000000000001000000000000000000010000000000000000000100000000000000000001000000000000000000000000000000000000000
00000000000000000000100000000000000000001000000000000000000010000000000000000000100000000000000000000000000000000000000000000000000000000000100000000000000000001000000000000000000010000000000000000000
10000000000000000000100000000000000000001000000000000000000000000000000000000000100000000000000000001000000000000000000010000000000000000000100000000000000000000000000000000000000000000000000000000000
10000000000000000000100000000000000000001000000000000000000000000000000000000000100000000000000000001000000000000000000010000000000000000000000000000000000000001000000000000000000000000000000000000000
10000000000000000000100000000000000000000000000000000000000000000000000000000000000000000000000000000000000000000000000010000000000000000000000000000000000000001000000000000000000010000000000000000000
00000000000000000000100000000000000000001000000000000000000000000000000000000000100000000000000000000000000000000000000010000000000000000000100000000000000000001000000000000000000010000000000000000000
00000000000000000000000000000000000000000000000000000000000010000000000000000000100000000000000000000000000000000000000010000000000000000000000000000000000000001000000000000000000000000000000000000000
10000000000000000000100000000000000000000000000000000000000010000000000000000000000000000000000000001000000000000000000010000000000000000000000000000000000000001000000000000000000010000000000000000000
10000000000000000000100000000000000000001000000000000000000010000000000000000000100000000000000000001000000000000000000010000000000000000000100000000000000000000000000000000000000010000000000000000000
00000000000000000000100000000000000000001000000000000000000010000000000000000000000000000000000000001000000000000000000000000000000000000000100000000000000000000000000000000000000010000000000000000000
10000000000000000000000000000000000000001000000000000000000000000000000000000000100000000000000000001000000000000000000000000000000000000000000000000000000000000000000000000000000000000000000000000000
01001110000111110110000110011101000001110101010011011101001000100111101011001001110111011011010010110101011100101011011111111000111000010010110111111000011111010100010011011011011101010101110100000101
00000000000000000000000000000000000000001000000000000000000000000000000000000000000000000000000000001000000000000000000000000000000000000000100000000000000000000000000000000000000010000000000000000000
10000000000000000000000000000000000000000000000000000000000000000000000000000000000000000000000000000000000000000000000010000000000000000000000000000000000000000000000000000000000010000000000000000000
10000000000000000000000000000000000000001000000000000000000010000000000000000000000000000000000000001000000000000000000000000000000000000000000000000000000000001000000000000000000010000000000000000000
00000000000000000000100000000000000000000000000000000000000010000000000000000000000000000000000000001000000000000000000000000000000000000000100000000000000000001000000000000000000000000000000000000000
10000000000000000000100000000000000000001000000000000000000000000000000000000000000000000000000000001000000000000000000000000000000000000000000000000000000000000000000000000000000010000000000000000000
00000000000000000000100000000000000000000000000000000000000010000000000000000000100000000000000000000000000000000000000000000000000000000000100000000000000000001000000000000000000010000000000000000000
10000000000000000000000000000000000000000000000000000000000000000000000000000000000000000000000000000000000000000000000010000000000000000000100000000000000000001000000000000000000010000000000000000000
00000000000000000000100000000000000000000000000000000000000010000000000000000000000000000000000000000000000000000000000010000000000000000000000000000000000000000000000000000000000010000000000000000000
00000000000000000000000000000000000000000000000000000000000010000000000000000000100000000000000000001000000000000000000010000000000000000000100000000000000000000000000000000000000010000000000000000000
10000000000000000000100000000000000000001000000000000000000000000000000000000000000000000000000000000000000000000000000010000000000000000000000000000000000000001000000000000000000000000000000000000000
10000000000000000000100000000000000000000000000000000000000010000000000000000000100000000000000000001000000000000000000000000000000000000000000000000000000000000000000000000000000010000000000000000000
10000000000000000000100000000000000000001000000000000000000010000000000000000000000000000000000000000000000000000000000010000000000000000000100000000000000000001000000000000000000000000000000000000000
10000000000000000000000000000000000000001000000000000000000000000000000000000000000000000000000000001000000000000000000010000000000000000000100000000000000000000000000000000000000010000000000000000000
00000000000000000000100000000000000000001000000000000000000000000000000000000000000000000000000000000000000000000000000000000000000000000000100000000000000000001000000000000000000010000000000000000000
10000000000000000000100000000000000000001000000000000000000000000000000000000000100000000000000000001000000000000000000000000000000000000000100000000000000000000000000000000000000000000000000000000000
10000000000000000000100000000000000000000000000000000000000010000000000000000000000000000000000000001000000000000000000000000000000000000000100000000000000000001000000000000000000010000000000000000000
10000000000000000000100000000000000000000000000000000000000010000000000000000000000000000000000000001000000000000000000010000000000000000000100000000000000000001000000000000000000010000000000000000000
00000000000000000000000000000000000000000000000000000000000010000000000000000000100000000000000000000000000000000000000000000000000000000000100000000000000000000000000000000000000000000000000000000000
10100100111011011111000101110111111111001011110001011101101001110101001101000111011110010011000011100101111100100101101111010110111101111111111110100001111100001100011100001101111001001111001011011001
00000000000000000000100000000000000000001000000000000000000010000000000000000000100000000000000000001000000000000000000010000000000000000000100000000000000000001000000000000000000000000000000000000000
00000000000000000000100000000000000000001000000000000000000010000000000000000000000000000000000000001000000000000000000000000000000000000000100000000000000000001000000000000000000010000000000000000000
10000000000000000000100000000000000000000000000000000000000000000000000000000000000000000000000000001000000000000000000000000000000000000000000000000000000000001000000000000000000010000000000000000000
10000000000000000000000000000000000000000000000000000000000010000000000000000000100000000000000000000000000000000000000010000000000000000000000000000000000000000000000000000000000010000000000000000000
00000000000000000000000000000000000000001000000000000000000000000000000000000000000000000000000000001000000000000000000010000000000000000000100000000000000000001000000000000000000000000000000000000000
10000000000000000000000000000000000000000000000000000000000010000000000000000000000000000000000000001000000000000000000010000000000000000000100000000000000000001000000000000000000010000000000000000000
10000000000000000000000000000000000000001000000000000000000010000000000000000000000000000000000000000000000000000000000000000000000000000000100000000000000000001000000000000000000010000000000000000000
