884805281
833384785
373553992
579529081
221459815
933667718
256728584
824177974
792009051
822026393
23572685
144477293
665213277
32608330
226883324
884775061
738743288
884141280
156449260
82404768
408615548
430456148
25981698
307870828
906540463
191549001
867491254
819947418
227728702
404352843
370740135
542304402
217352244
459441403
755702004
633752854
182637687
929577456
147616110
92663630
704992626
90518337
909798320
803689866
934014516
47234444
499966
670837241
51721460
889169790
804840572
762462129
430338482
11166249
130252467
920024062
330436711
782618769
203966528
491630742
679171417
862579313
906188743
534477124
96631540
919018819
100666778
389988110
275483715
393723549
354709801
104759780
252659872
109610478
108100972
56760833
111111315
925408070
438611783
233562758
432643843
87343927
57025956
847281590
100444959
646004668
243684715
499877280
400923200
403674145
668279084
398512893
935742474
496531594
729079525
200354191
14646721
71206324
119991136
183537572
741242977
935807234
992994549
797828353
771292176
766909206
162400903
572268759
479789924
775187823
52081812
948042697
679384843
684265903
625390951
216580563
418407496
895834351
484136271
206594804
361969769
176197813
671675873
99872904
562416669
747004429
585230837
872341478
376731963
27694533
195465094
694520033
534343439
632602949
701244783
860000415
546898114
123366461
530866334
822242065
54348079
758884091
872052474
176974618
758743467
13480613
564355711
687975760
636295242
8234490
747342449
959569331
125585241
79238096
713943033
135401989
47630157
271585272
858727515
888630710
276281031
290743854
106414460
51000093
68667336
290005175
789803003
471357461
969993050
393918994
501917051
559494984
287094469
504546808
490578452
768458062
865523599
560432310
81330774
792603177
658907636
20921480
577652128
340503886
348047502
843914660
10559869
72473666
206866936
711899724
99657201
45621879
895068581
812563313
720727468
718821581
829075144
140255450
149176598
687406392
928620241
849447648
801299890
588327074
417774346
276215514
267482998
996077979
837316270
736501833
198282506
584484182
281795312
723736490
232428818
257939712
811371664
843498713
62556055
193228435
516526399
197535246
677941153
920832931
918858028
711311749
832304329
534745627
805354911
829736117
362400366
115533074
655263841
345100181
820836682
975786295
210580076
730974371
614904040
761460871
899363054
620692068
927870279
584258126
277924814
642269937
923001219
197260949
924485381
543919351
715543590
701603484
478996268
726684383
131636602
647431126
430836484
432125471
501134666
676394847
334644870
878555494
475443519
968402546
745060860
840437474
84686879
240765626
836091417
991911789
68541834
444724301
560819702
60186045
792974583
359801919
174691141
57166782
981021376
698862742
179522014
28980485
258500690
887843041
400153746
851089258
4654419
22518880
870791570
202293540
117320458
486417573
475913888
286066429
707677062
755021704
661804521
544418210
277781052
485742193
949806706
173465931
834156709
238528246
826276090
916004760
994161063
494636439
212167159
167553010
132657054
933806673
887775477
685316192
480855654
770552001
43029044
273345549
285361676
535713821
740092098
88775432
842116961
761558230
58034204
152392189
786107302
170423540
159538499
636799822
508309364
685869679
371307914
930806270
967717640
555576213
845501530
383838792
321279466
182012336
187452836
474556003
133726081
348894131
355380467
718244462
461090603
816495950
631734523
263086577
353315747
737383892
182922103
798397214
480201206
576051401
606265549
987648167
805988509
987986731
278952461
802539072
757866597
801038924
654387545
993406824
887035506
865034318
702017405
711217697
3711682
140028272
952136041
907711173
802791465
810674561
13139660
684728211
327215449
448532203
717906936
51312317
864402491
764222963
314382972
991321217
283024961
589665389
798989639
683697361
419632903
661201850
843577460
393307915
351806722
322181841
210508185
776899232
498016040
961424426
375643177
513500533
770774569
86763749
197621874
807282982
29145374
481508620
750316724
395554933
986791626
16613777
706869814
57174176
277982706
882305676
211769511
381744294
591137647
735813890
633199740
557612800
892313443
214056400
968359258
313967487
778545406
333204554
213856834
803713926
767699868
370471014
974610865
344531115
897725899
779892793
823633818
37968048
260816223
306246907
635081283
125133244
661026302
7346491
640244377
613351542
455396166
660151950
544679121
494088038
374813992
667862242
57184674
715608254
864128712
263641352
578257797
916043628
963025683
884464749
69474704
722542831
626299690
408135134
425504018
860255186
651174108
565792854
548900617
109065182
565319374
242270801
933431280
413215688
789713365
352498947
120534765
713976474
711950328
422915646
241893407
36631779
449689493
323593420
876680021
225757411
495543672
757960764
783619412
469153107
386419797
769991711
285501777
584356548
866216905
237105050
344500866
965161153
4742331
714858298
567918189
60594634
149668586
974586764
79159825
618467041
645637769
37544856
786685825
757184427
390309000
769122524
315408153
98962847
136857544
543119601
368529962
376938785
513744318
870979800
519211846
551942929
514512832
953448332
398862250
128051354
31083968
840345021
745070191
422335094
77653115
236795853
108392412
556722375
136955192
533261496
652733309
111126016
775801473
115755608
196425487
197115250
166017023
498836626
992383013
904315596
727697849
919619497
737018813
57367748
85176992
308509645
891356169
571794717
218447911
457875373
430473158
806455572
965697861
607695686
456845074
513233524
918325952
985692439
31239436
881331757
409341896
87854479
515421986
699013135
432879300
709114697
302881165
631755261
62410397
538113307
161316111
665929031
540707556
753863141
342984607
447350124
837068498
10603980
170101809
538206700
933006888
262554768
351463582
622201295
30534164
776368326
524352254
128213348
714760237
857117218
404670522
808166101
797408307
419108520
1870814
267095640
469429830
700834656
277608809
350555662
414269931
578086612
152231144
133286371
261898260
274836806
497407170
930595235
893756375
694812992
308845572
997463887
36064241
119976623
433406106
978341871
393030811
627562757
618328101
888730361
584092018
563465208
205807146
762873328
356671282
398776140
524990872
949267881
344050362
499078125
514843922
590034614
625259859
985677011
509507478
640932737
429207154
846457289
471540940
998256723
300810981
957408525
348672108
848652300
489709520
93709581
600556427
249657305
376693454
980066041
547991602
260490014
391345659
712021595
600469643
566377834
10271389
437037229
424720665
433664652
120118710
720627484
556804746
758879618
506600079
659291280
194585053
468659143
630665459
829380694
968296240
575715378
295228307
552357376
735178265
677743729
324866018
235376456
605170259
720439422
807829366
457580744
453286184
589731769
921711053
831714943
271256361
55829270
279002870
10964567
236422932
386529131
283125731
3853695
231519185
983092345
965020330
190444012
176466025
653696687
967723715
384228920
334999082
285211157
130799405
147669861
122101849
692136522
975354450
687349376
607996361
421335390
240119436
153248161
7272358
306161063
6247982
483513151
107516997
33333077
431898598
355307906
953073632
383944737
215057786
589645307
622870978
287920562
731068319
845862193
485974612
963329454
444101892
611687718
942495536
426568708
341436780
781244366
739782704
882014865
160374166
537629178
803536067
798307770
319769228
88522342
827839349
971764149
559704115
777429406
156967061
239845179
718628999
622147102
517391989
746886763
67098017
566231145
14182042
650316934
498281739
259269267
572087235
111552813
551478445
198897406
106008953
916275646
261472632
882186967
503160400
535221886
232661673
897327460
532205654
872020395
132925300
701027968
335593411
350573361
986699424
569197152
16001156
757636861
79355854
380176902
118481654
23601472
353208148
747900936
672294119
87335066
62675649
360077310
840962050
978097485
93733664
615560452
381683524
525031795
132705313
305004253
802663369
859479484
207691884
555643370
952106236
522077586
655408144
505323541
396209487
256338706
365707695
107355163
924257396
393006865
876110443
358364865
181054560
533345450
256784815
526354637
868799570
522334934
809295579
15736035
424184994
305011481
534526554
779873880
211940612
177141117
918956371
881036803
890643370
734358168
271179769
735624628
176692067
582463777
706523723
990706295
774884186
433687576
857665005
640331082
932411633
74346849
544527320
263726025
216120808
561372271
747052432
44850660
578377097
114928214
689109642
350181048
733340935
8562
916900633
590105022
369774642
928303665
776240269
746359315
942045202
821169001
193565361
651631868
592920232
893280058
687940623
92834793
806336640
789810432
773817244
841854660
681095793
520897035
991081472
821240566
324683318
232719992
972705749
77131392
704021178
437572498
524165508
653804714
877080636
367324126
457906784
534409715
398365676
986057418
72098260
649949808
24476946
221574486
359378252
690942243
228564486
983012264
729906382
878937445
707597977
762833913
197786855
238987357
133542211
31101190
314940049
859566074
162697216
913730173
924797316
303270479
281454486
888991667
358350083
406220815
859734387
173030895
318625422
755974874
712528478
725910940
446607038
954555258
933394840
963601801
798999511
874402797
203323781
286804242
72259503
155325145
928726616
686744599
798292551
609912172
625018619
729541105
794870211
298309166
784089490
325744773
75601306
715860603
732200107
510691619
978966415
383837578
77511660
344667983
780053016
101379248
189862632
808494140
670971656
375375953
193310451
128704681
589483892
458389776
501917310
181904007
194527667
727820979
860032137
578048015
286087511
753812132
49285619
921917949
331054197
83105364
76521798
633347367
554305912
150668317
275687730
854488138
692093735
767323806
162765656
138772483
401853699
307412838
883983891
313534563
788113380
446139594
539206644
313214530
518472272
844674498
973633497
312862681
567569615
207119488
160757883
79901293
115193510
368516539
574944853
481971018
921886695
799355161
486660821
83950116
590154160
576965187
611307575
334032985
577339690
578065303
190887584
30987145
711021802
40668454
916757037
924101493
540015177
427067095
800304332
543703598
6229746
435119093
790685681
620850619
791472643
435423676
356423767
660910741
390420386
584837007
763386014
233662551
836689383
279179214
766578030
2117028
950921017
847148520
78730636
182396439
468667054
722113196
717437351
295382461
303837046
12014008
527819036
825607239
121094556
467359973
277330698
964906980
101355959
184147130
516872843
138252142
752940370
379753014
404081497
78496773
151393849
407211458
498483220
469500058
749417759
509742795
284842508
506236106
816296218
554191801
739545366
266381115
483029413
227400847
902361954
238208988
518658450
365972385
46666033
316809754
317161882
393495214
753652159
987262049
608011151
769090720
778324755
713817677
939414276
315812674
455085117
769669408
627641617
845277962
904584855
111859137
139487267
36614831
866547100
131987615
792258924
932216155
977171203
992649119
147018962
534874264
727112687
138569927
989052663
145195352
124896563
29552603
183731327
847044294
284235874
322975353
172965598
471692435
623091676
962898551
359521337
484378279
944820981
17749472
261021443
843357495
960011312
617037916
241401738
154766714
259936203
366521839
317722426
536883060
559387807
138250216
64947795
229533557
677631721
553828458
372491828
246560860
725310553
864598270
540269776
164033565
553407114
98436860
472175963
729057691
73857010
96765972
297891918
154172864
852509317
686607784
30637063
233883316
986458675
498244746
707494150
651672463
27277803
855635631
160605669
528896742
492108323
625175300
617162739
70870076
788873425
680578708
901410568
824735151
508240941
377575323
41284136
222959338
34421038
555697398
161885795
181492205
556119775
405894444
673700213
527787356
276644164
227379735
762999783
4215072
454823335
270172752
5967753
809301393
691956752
46069396
679615717
682810555
440155537
596572498
61855728
493415832
733620525
175101627
891119895
852444140
46684470
904391625
378895657
899773829
645091040
571501106
313846922
553608136
401235389
733026441
84433436
676492285
476952949
440297521
416876339
908243920
736917724
723989978
490704453
105143686
741426985
296705456
775849458
486750585
762754498
557950018
373919407
419632222
931265099
513776696
627277436
557061877
413302119
258359665
405091411
794765580
25602535
17352698
281134652
850980753
940519999
121043214
611549404
645108295
583277900
287388695
168846847
174558451
893067134
348799335
792482361
967462280
380707885
368319125
695849149
208533842
324663185
520089369
625928487
497274614
137582963
308795784
483934333
451015065
939214606
874355888
910246565
794705568
617364788
112179503
332715846
983961095
916116238
625401012
455845533
362780986
375506933
859261230
913307365
619346985
325983309
41951933
389830955
267151322
310578324
522100773
296652044
106653697
630457755
946449320
606983312
261854776
255466835
115771414
265674129
779198066
688955643
836481702
115183666
367078310
720268448
852529414
188871173
860351968
533903518
221077228
453888994
637563851
485496393
157881601
10205369
332735407
958259066
621991935
849459326
283544828
857492496
912395812
182081353
379575154
192515416
188806275
728671781
479255556
725640239
386327041
153173505
504185183
221640003
429301711
57231646
188555782
843436080
503598483
543789237
713287170
883063728
787316868
954206588
590934482
823039628
52445589
566019958
650136745
470889636
774847047
178529265
900371390
194022396
756186497
917900562
954234317
906438204
348572323
113575993
596364127
619361668
996948648
439812238
5625847
98583032
285478195
875246482
457141858
951275107
706455618
349635965
419314909
846076268
869877206
942355887
892813651
730398955
771808270
163043535
154180158
47005226
133908247
616647712
275510684
556270929
723495919
780891737
869745098
407395916
141754064
614392102
549491360
188904253
891532638
976067750
858914270
858876500
276682377
990455192
526708964
354241894
39101583
567847301
662797067
819209876
892284975
715014170
383112872
5254612
549430785
752693894
302274724
306366026
288207607
632618372
980214991
632650251
296841589
667286414
476951324
487541666
15966445
12425461
895513416
954959114
896119308
382697974
609756710
527680958
459362498
323640405
13445099
387623450
445052562
471175761
305478836
203093263
169934650
575586079
999928397
751313396
623741079
88107488
440166590
885899387
314456221
495398891
445830256
542801270
794361424
233975596
7927335
758545114
527687957
193941680
190335164
648832647
850210118
730179222
682086718
250490334
866144917
278603438
260349168
777766972
678308492
919160368
68424727
243185564
356479892
905805170
574172296
608893798
625368269
872408150
661155507
913392845
710490573
285920680
960036410
291815274
711009968
235536594
599325449
261993538
563981140
238849786
375098315
208779823
945866939
797686120
716050883
938985180
859917470
126648592
812228074
355600480
260184802
474769817
762370629
59933222
966152284
645655986
334676462
680515458
215277679
37539634
908033985
663022161
642496677
599772108
794454606
275885202
859275116
405860165
261131792
466529835
526000639
925875066
377237563
686879135
699193482
330173897
905999648
271611996
86158889
385728707
623954493
187690212
917460579
374799119
299173335
501293227
230275898
121766967
660557730
426172779
193360330
202601047
634957549
736954561
190740822
829554538
3119674
651353696
138184946
704531152
526003527
177112680
510995954
873641838
435205487
135811942
273046923
680368929
60438
875520837
201533581
521546922
313539593
941427062
491473118
328033515
373918342
72110087
523283538
813565703
736087190
158722980
342720045
295154281
541089690
995769670
896800210
581907256
243472122
454997361
176749603
957266771
993839400
502186912
434966594
210298866
154805853
560091063
504084189
420120844
647831690
643675564
903947122
493052428
799610167
952029282
596213998
774307738
272933641
383782810
996870426
570459075
292200365
231283008
784009114
154391890
984730680
979403545
646961218
689301686
424671015
409482448
512584777
405019516
644904065
366271155
265302470
572501841
375426578
457166555
997472656
902269505
452481751
934734368
284007566
135956602
816836667
955563369
85818528
430785012
69383463
174500767
53893918
506754347
827429046
365384006
790016792
472662975
747812896
446020402
644880926
174559100
650171581
459641648
731111457
103904255
176421459
693984264
508605758
909251228
794726236
146921688
676307108
365606729
823156581
242569628
7291688
728337056
475185298
646127082
746202941
987643856
237569153
13918832
69246741
321720765
152381063
903210096
462742314
414020791
752964800
956323630
482302660
643442119
989789541
400401472
52513609
737940259
122782731
354615746
76971314
621449218
421253480
204921141
439463969
47331161
275577074
88657299
902628395
459142724
720483312
222120299
763071224
848564966
719564407
988660466
896480314
131290967
78964367
840491682
711025207
680951545
933182883
824446399
977206488
678416797
891199223
766489665
304080437
268191728
801233694
43484148
706452159
205233052
709660251
125066000
840463514
238633432
881516049
239476107
448344766
92444577
72985928
428333715
451190143
47622476
110592582
137423455
23822372
301764029
956697894
929967381
785107477
538264282
846744788
751672656
181094368
33477285
774359631
471912479
509101817
776669420
60263957
958559812
204199744
638780280
457472341
185562515
578230585
310143877
290166336
847680970
350501980
370885095
728349732
914631123
29051589
139428917
347021463
914640630
913309942
540825310
541744981
103610293
29554579
864721470
306223462
425076852
983978118
192876207
594569122
977117473
228754209
805764813
303359943
116828889
429298546
76841277
428634158
115546922
66618119
4838353
952086803
673698367
471425909
430351441
544548204
905947392
944119174
417447986
986346740
91864691
988928824
620160625
147974225
474043916
471347697
834204083
263009955
228450774
351163100
270587801
151137711
732138893
778958541
669924567
241124647
129278727
645159605
253596790
703744525
131166687
21240282
537683943
872671862
728272366
192455432
563822229
587064209
491525579
272681459
763621381
689728264
452474374
115364196
880694820
842517574
223264761
25494876
682218056
590480950
394829945
758422084
777784625
168100557
138986204
422067726
393492668
836120689
63732838
301126428
323936367
760354010
474038509
461755029
88643496
723660198
340679687
20115991
863328206
303786534
970502713
893203762
274548348
678283409
416402806
728039731
555810911
887910619
205936437
767462227
281472066
362916562
197149932
832673092
139650791
436960337
470899808
236187207
415197153
202272480
259396835
714979224
967575407
511124460
620444502
701797465
701761418
977065468
435127178
186760087
727088778
997431051
305501704
724673324
921131041
367815532
397086823
12642151
741644500
781301757
17858757
761990020
225082636
2850789
547006659
330501566
830903669
793783510
316057014
356970765
296837423
35234158
523804911
728188569
241916908
234464972
801625504
633778705
981028508
285892186
476855423
150852658
227625884
956588604
119652492
455909109
954230438
927385767
190974045
390090464
343410634
118155158
571306862
717212253
756726680
999620431
934416755
851480365
966429821
599436122
442291548
610666221
837208761
567280131
834533924
574285371
473597360
396416459
20656637
944509253
276571786
956627465
657345419
721694958
801119500
50670518
199615396
63159764
206112566
614719757
338818283
847958170
889852079
37374150
930344036
456989431
553025567
640037268
444095137
79808575
719754330
441895743
231496783
7455395
951057003
144439806
579124726
702437537
742621034
577938279
157085742
346028488
581651265
307454122
103674300
882866863
437339323
88669864
537647830
760330605
253759893
7200236
871964899
24547463
108214839
577248152
823885288
340249920
670903403
958322182
784495675
390293662
759327098
674071104
802025262
959162366
328318807
428614999
846616343
684535224
517959091
753770264
868177749
972404278
492918594
1888583
718686483
9260101
817504288
908547966
275588761
84884238
376924626
771004105
453973934
597748238
647259100
875568739
485227655
392631438
432329584
186728242
873516891
768248611
340491812
707649707
548332486
494789464
587311649
661095391
678817639
676685123
850236512
786023501
869504643
121521305
281779094
479201526
510521093
390768430
171235530
733696783
314106048
759858545
242447672
903887888
344413025
676761175
497550197
582410367
908769729
358071402
21793299
118640358
813239181
396138944
382057550
5511697
344320888
121066436
254091370
14398163
624031103
19112616
442367617
169951777
883659596
3054961
317542563
941362604
651327285
508249538
973663123
876065187
75280246
325221167
175478689
400966429
677172756
958911497
942377424
272340711
123126699
31269822
564157915
893364492
15451293
694741605
834088845
987005911
598649202
498973202
259165047
291262490
240047463
131073099
545598608
774139842
955644815
300551236
409051556
173272569
942070099
640218179
22313392
217848055
844395093
548191069
977630087
787304038
253931595
320857132
683134448
252045319
47074361
195212646
594261882
706834683
957051175
476377256
629544848
439615822
911934740
497523693
993110578
762054964
192886589
292315288
586565824
934087890
892270009
437406659
308210198
815702194
976734629
666715096
338663875
4223614
386010978
446507692
941228311
330243714
992806586
119824701
307505521
989897094
52066190
304229129
873991201
351886820
297661108
46467882
392143217
420606640
418574568
224396826
400527799
754903553
614777663
673845869
18426399
763191971
946260942
180500805
160708062
39801471
69634934
684315487
42318280
567270828
204932541
992172789
189004785
795984836
310198272
372915366
811718076
86081631
425967986
853543810
944324651
768289861
512434192
765281248
560281013
167161334
206789125
647189301
566148442
452600618
303155310
988078333
681948874
924220028
328311681
389728304
787665358
107804381
467129739
445138202
846666798
757417230
709825291
534630247
30350570
831178108
841994067
685803183
633757504
724908733
751079710
352531633
299074755
988063933
871090056
960846700
273911993
522836210
840670903
937222538
648355203
443160378
549651414
116975713
725747594
448246119
808822228
144375271
658521997
492504543
683771203
386404781
811155173
164177830
951312805
255714848
960693893
532376797
133466567
237644224
619279431
366650701
83260545
433131225
334295934
545158283
503872748
205893105
151409054
36222476
92632729
935712403
617824993
624495907
363409801
980585028
292927027
723882962
77290750
187652158
682275353
193305658
730235474
705861563
400293870
870707093
216667850
98795537
92029293
638290368
591242015
706904482
813878971
939855446
255896848
625912996
409463309
521820162
556373100
145805701
448333176
144504400
952183225
904530054
804934097
622754119
329138111
300356942
21172306
195994042
931801259
702936107
101884429
883127077
588588232
789992979
825178259
14837013
404224186
280876759
390603661
499116861
11014948
636159262
112526588
657641112
427269093
227070918
809129055
2154588
575837932
176969431
47215844
139270936
703394467
817709465
904953577
103084814
35144591
392289749
736188728
275603867
642354534
388950883
167342462
132623389
954443891
128271913
425654409
196042220
25275009
803427983
417260850
902199356
254684773
662303981
589291826
953434142
446085658
301083583
213521433
262254819
561968539
123464844
812927627
374431070
922536719
950444753
928561910
948463807
232438391
538560806
628687
693499329
231670387
579880982
984128483
488420383
818216438
821596892
640676824
148444429
227723573
560920769
239888658
688290395
307795649
551656027
863472498
38381871
203156170
50135298
471555405
126389650
715950959
366457176
551558087
140918967
748849988
659775101
178297373
524896773
158959145
152503736
773706920
649273429
278706597
593810722
698317412
839334782
366018245
949014800
515027089
949883216
849160610
140282359
793277834
105207721
956397895
993772987
496637993
891582359
920050102
956026590
210457646
100968517
226053674
786922544
528655177
250098530
676011317
938078969
746957457
512784759
809196566
116629236
566332043
133239143
206965089
751551218
683119313
665841166
585282239
916679986
383291134
997184730
165974251
427737381
133707854
804846923
27022410
575105842
156942857
437812659
174485664
19263877
266478927
2180489
482811316
481710710
479000704
7363376
790758731
317285476
484284816
164485339
538486555
845692684
717966278
347761251
492304333
364561702
588340259
788711780
190860031
103567911
398094879
322541328
343782832
908817683
116204843
684628296
948833145
188242985
422418487
87601136
6800947
738596472
459832006
52034235
626719606
463458475
599461568
915829063
135114118
199647599
591862211
520726218
319812570
986788948
839436219
483845134
335655467
991783097
874960938
325709783
137178926
370491728
922612188
112971451
205030720
974539926
480755047
733348165
181084202
404550798
979289838
317136295
408076004
278034314
893833788
295717946
899511507
523865606
346346667
882954708
622179069
163319530
453855327
475418331
661343650
182889318
434091272
861478082
836736333
576468690
411590554
645035046
40352794
595264336
215577411
711552265
920033621
605184336
559850428
740699008
194542478
433911955
408216600
669155558
45224597
841189179
720675588
953426179
633465613
91595312
489318850
300699227
169700098
892308990
450838870
261132535
702827093
822446846
85006647
481327527
818415588
760838041
518692837
787665594
133530353
437553042
984559430
636566944
163041530
853933467
790814269
805720634
371754451
957839207
835568070
240062745
425911598
59217287
952965940
144001831
912362621
228038298
889973267
442013214
628538976
505433290
934169814
522037290
697418507
773962015
705615654
359079857
872477085
768418402
386385479
625851331
147276196
380476780
811139245
407049007
37541529
831793224
322003227
612472940
48307683
724982892
841524865
122780538
869639633
870681578
68140039
857524258
764198109
754111976
388863755
381926160
754591743
209948314
915333424
819619479
784601643
90631007
391628998
947174849
949853375
925430879
488212523
284218998
386906087
429147709
256701136
603070956
918040566
284618776
31166101
585600783
780672916
928557377
135569817
506765632
466795948
997817650
554612506
553119332
606270754
124300538
731277796
224323349
237457243
59206113
309820935
126291413
899115532
192203035
789573673
236851659
717674343
200431902
84181309
233255098
501544179
269259624
888672237
49221942
958180997
255157349
448215466
291188151
298413761
155637574
47058965
196479967
721523909
839647619
287664295
137167056
612505834
316229705
239416
815001049
897737999
657043074
749043218
669980757
618137146
595903673
608316991
597102482
268003403
689688827
669772083
294307516
153100948
685184113
177943328
485082859
687285271
968529571
684551371
372845326
981073483
334650269
713172938
941485646
468152868
782205297
20412281
980079182
69924813
663465825
722519596
521089155
965286740
998074310
680769590
588971344
983520486
530026597
610791368
431168057
374798548
193594155
217809637
155569059
843886203
124578516
512528655
419691103
704877390
870794484
850728911
401806100
399335253
344704769
680156012
246018170
746153858
276204363
392861170
448331330
738610946
608885055
629981971
21599592
218380359
990021083
167701480
257809415
118247187
153521887
549603049
515805214
517392721
273849061
481909594
222441774
746669304
714115077
794226660
395958150
116857875
206564374
243612521
96279658
625455137
102931648
278777661
565806917
526373368
45426903
332371577
648822111
921634208
967272439
992706319
869017568
11104307
925954648
324788441
620475664
747594988
419802687
89314684
547384219
387291242
980048403
56315282
67163882
760954740
416800324
558137508
255973052
318123272
701977952
442221929
855034702
389945516
242407378
482670376
336520765
113501076
124589875
60381781
400884781
302263007
181641618
721333927
159895285
348938123
915661109
304122372
900162167
892321179
803580964
33504331
88080259
805233597
92360830
975125867
190300187
991896817
697319417
354354983
883417035
302370039
522099157
579164954
317120860
28037569
314691500
611712233
719759149
65555641
88956820
622823580
595431262
226875675
271672556
518191898
854958594
266993419
776074370
787457211
822491114
707707636
464956889
642450209
278932373
348532838
751342552
453690339
130492449
678866004
157591285
163363857
660150564
390704663
962280408
318848647
865567998
686841502
76607529
175747547
853278118
827756881
667868115
25871552
676136606
580283710
75242027
967533582
914482006
407744838
299718588
574495792
845563585
297585191
129632887
10682105
687372398
688026300
205594576
410335109
408884577
662011186
668454981
668063294
128898323
71467015
288250816
164526120
394503853
627617468
582144418
707146075
490758072
884757944
164895457
165849620
808713450
657697867
294451786
112615926
206706810
7432443
686992325
42954833
194360790
670577461
407557911
289539531
109716531
578109449
647058410
764481779
300961872
678655956
573753095
495789393
195635025
612826327
496410211
542193699
631251563
713822762
544300733
188341103
612804418
306656549
670216736
66708750
848984369
18909490
871794733
413399322
715412056
893669298
909896707
309690624
885875615
919227504
17445633
581065903
111068177
587239480
996012703
402764958
855087511
360732307
724929085
702657807
262991744
4935016
360474663
854206326
528780658
754808344
500968580
377143781
11948523
775039042
159758971
754486172
506599105
22639760
277231720
148438982
401250807
709037071
692130732
493200712
717803779
267760504
904755800
46569672
68524303
537459774
980319081
542152520
360400734
151851504
12145801
333544118
530957047
780479806
834331819
590518477
837038560
780718296
856119008
586069547
544304413
871469081
776752968
430230454
274070324
504974481
424624788
801724269
455289017
880345340
239659729
67008307
469812844
380789278
991169647
896938079
561170291
559905806
597343533
90478368
98146866
654654404
270194256
560164841
980174606
986432458
367689241
587296210
368683746
380016126
401371446
812870442
864826425
698949432
592977954
171941574
921698302
572424698
755731895
528294521
372499714
823583574
632355764
667815288
604824368
150940080
344533730
981029577
742121144
749065630
831778320
295723431
306825945
257246377
897792361
21331455
533378926
443735280
24005094
115925110
627179175
541358160
851165124
317056482
820867806
991206913
957619236
684258136
77507564
688776994
773235228
921422978
993625220
425944251
79236764
555586207
175113408
36837376
2125203
164375347
584921019
575754650
629985315
115823833
836611761
704596277
443832075
649566477
291708052
899450252
456990100
255823675
246621402
384479773
515884732
383378087
653627598
57863302
860021203
936031553
193203211
449208066
29554878
994756340
964503121
831549232
763363523
884436940
927246077
496257633
131779587
822670093
75941914
433278210
807669309
14989636
859923778
447407284
952492662
622576744
275568104
35307654
705804354
738459435
129397263
940811110
818213533
699842691
537873574
421388100
121053794
386074983
605741500
846175678
779953328
330825669
646519324
902515171
940001973
458856339
128720336
589386165
497261744
731666249
935080004
363547242
998925223
734737729
619428001
673968435
91572076
817648737
637150152
699912019
50941131
914660458
110307711
48224475
816173138
76079837
298865587
706628856
4854125
354282949
525651438
637329996
384070941
555029239
43862734
859044133
214672175
370703751
750922886
988822979
554732663
401259520
493810763
750469088
930573477
552007879
200154842
760260793
609869227
384566054
828616476
707633219
296580850
519308131
608959809
345815731
660625408
991213413
475906909
183983695
642663665
149147012
951765518
855357802
958284724
674616405
816757739
523285584
405378175
467705657
343737083
836294995
956414755
883324307
447413285
942272221
996343436
685657927
367604980
120109346
504588005
316191372
500766450
436438913
596160200
590780722
191355246
990965989
960348413
965962563
333081017
307971914
995312439
68602248
672493689
616387154
474772319
664789854
759173237
966193188
531118242
159990520
67001891
384100292
480463777
408518062
563897686
387657484
646100641
133752075
352446077
977026199
259505154
97211240
80519755
132625937
567120420
490480945
969839802
777003993
761193935
643164890
449255807
379561763
318997629
536716723
277274482
662857110
205464328
889095077
336642232
350742241
13236689
389116957
401134649
175399910
496780801
349970463
969600958
882737251
548433003
457705721
344904037
147605251
569681155
749523435
404741547
490171345
941560157
829681574
539342128
590914857
943922131
247689057
731306387
979590453
953662382
605470708
741180746
22608237
842837574
207499250
515618549
670764426
455607351
968090722
11237659
848371241
429582695
584766460
949518848
329153055
325720915
549874074
948430442
908248476
646248233
856558145
267584895
140908041
851845437
746884044
949870607
143346819
435766694
824070945
712978666
811346507
752072109
893771299
467506806
517283285
836884189
803868760
219427418
654132045
362008592
679603762
340208793
263153073
633025746
672787587
430998411
543695936
214512303
85628237
755329412
64189144
183833984
730431625
25186137
673741634
195277668
814505606
974856293
619695700
273272830
603445661
811514169
813652968
150960558
212410759
433271623
118308816
639177453
16218699
305146895
687108504
485809399
524795545
238542039
150876751
198907232
838681867
239167135
45317252
10270583
944609101
975830578
591567825
554081196
875546416
195940999
37156540
229765831
360143609
916167545
740951867
120541618
326909985
771543291
324463350
278462964
495719604
866778591
461753900
576790758
562659003
390049273
326955916
320846595
174880229
29532981
815224037
900340843
655958053
615000889
487460830
134360688
676233462
8578386
97083473
462667880
267119803
527924192
615819382
480628456
835413739
30268002
390607352
515239446
858437441
899964769
122217562
318112445
566338335
179699545
800229087
128227308
834699231
384214881
195065193
913751445
370084765
549411417
340104252
913141551
110879626
143870339
794043303
110982137
558768080
137268659
879738204
328399419
782796570
249945288
939815013
638162324
239920398
993515474
965908221
868496445
706743307
281444437
938662263
6263820
740809523
896446674
185788172
817557004
555992742
119093789
646145900
430893478
972148258
313604731
380057174
257462710
995285979
51864853
727828982
83400598
75775164
701479723
974285508
626768827
799037781
470369746
351582168
869585285
576496248
716082129
206798279
741307569
409592827
200606827
938445583
862276642
693541074
15271948
522213682
964263706
476443595
711515998
790000905
632006607
201930548
842919354
221672681
479754912
446214955
151368505
232054722
31822067
243319121
895382762
131616021
787133115
415889925
816329581
795303686
986305622
476305548
986512286
401876329
770563470
438651733
4926892
605915643
375496351
676254029
338866750
214256381
811331479
580591052
987490327
18416101
29610800
46066412
300663805
472893635
262390305
80897979
537085946
965806909
147267072
882164850
42435519
585991027
719049379
909270235
641170016
635690864
932517816
542563895
94199449
445646147
905713208
974856719
685047320
48214182
58161176
3546455
801023622
997536046
976906840
667393378
574064815
15605312
910778493
87795055
98446315
726203271
647821052
517497951
975501092
783578016
705075868
999021359
840109460
439160248
540775547
454543105
226965053
887653049
273161741
703248772
774906779
922237517
663686938
353011724
4301094
381228827
729776283
63130486
670411091
150797400
358068965
18239890
277999285
856064705
569468131
353970569
473688000
616688372
620777510
118442122
119259985
851331928
159567703
895795127
238958252
388581471
109650895
543350181
705363449
270493802
767299908
291249545
963494457
970352968
921133807
397872554
897055090
13358059
701637467
969452568
452964679
210034528
461714529
423244886
114694012
280408229
602266040
242334420
389580674
535941350
904247935
325560258
84925071
339444024
677103704
731999376
173804917
430154447
356822049
913172566
806450
974136452
134325432
50585470
592377318
705080188
473000215
94689631
436221154
284977878
487844432
944464938
299033942
317629257
851148876
512552850
619629961
738440890
439577817
449389779
103223319
761463160
797515173
309400532
923067214
761976991
336094075
256968144
705572784
533457385
561351545
756296062
506139985
520769852
475280628
464298548
554712763
807000724
24057414
858690131
118326253
917686053
965023979
164612897
575932848
663261160
392167668
447290235
287160942
233734698
268236292
910858580
108898355
886894372
500180273
365099280
257987726
679273387
121559129
190178957
170464483
631200188
6604379
217668151
92757460
159740491
153708663
184522884
957580801
129485389
182446271
836767277
893344977
593764342
111239194
327379668
866321528
527302515
640276986
454310050
820194373
966248755
471993003
567184101
313460969
739791265
757125967
188498541
667031966
240298403
997272681
757922590
456802553
711202908
767163502
729020828
821307102
906283757
580501747
850164628
506781391
630894969
16687066
143558091
366409253
860525239
992886056
108464960
380842709
285063993
704084222
763138116
462031625
817683209
958802191
519546427
711111751
362777600
233238212
270769329
819130530
692098007
248039265
986016353
347063195
60070637
864584107
334416746
799001392
94470840
364449989
601855440
366988206
332928796
548771738
456454950
899943465
432837342
188490740
796117720
257379006
227105139
544963107
733194027
742124330
598779338
342327801
483185306
841803778
331675516
41844232
6627862
919270417
986935597
253290845
928814350
517791468
782352116
82450236
852698366
516447621
15401243
781618348
997506330
570798473
429633996
153656848
404502997
931999289
326191823
829834794
167648953
198274835
356344233
868351253
360781435
880508640
449497049
552488033
998467873
482644094
678494392
478409609
239707492
378305433
677364211
938822078
362404002
825297915
357650215
300582149
222446954
518909260
618110788
688387289
559571904
983875108
667860421
436437041
44556621
260536008
270270052
794678654
883155400
53140337
722585682
642214928
985438845
452330241
154675534
58113957
599591469
170294700
694453911
620140766
931014005
892111442
108711501
457528114
729088678
315865121
675593777
196947454
706336791
297303591
746048558
51265731
766898022
636010344
548325036
142426066
284908266
90637494
589650059
534458848
454824335
761854487
635310004
692216336
101925783
124063683
227476412
600446837
690472950
179844772
969146442
205942953
458995604
998417443
961946951
305478067
237417293
771283156
651886763
651958991
808285548
548921551
425952894
221357348
844487884
916316924
610339046
178371072
851715570
614412541
910610554
536395483
110463585
143684869
983908558
381753459
747990266
216791726
49769224
852178982
997747044
468414609
406205753
620418913
84641206
733386714
333040830
518406355
440488885
317634211
187567873
984802517
305305791
908929344
373829237
171566358
279736394
7694726
802626487
434810793
320610948
608204077
765627941
182983420
185958226
64235837
13073973
16698882
194152589
906786825
612602735
860816866
721860879
948624513
323026592
860319220
3563272
284206708
600492263
618877269
306216871
724320816
544693334
486828394
956234270
82886982
78321897
637147440
660512360
126515876
829216578
438071039
810100431
775672387
548996841
958817652
105983179
12590568
455039136
207745055
266288355
774888946
219827736
435123001
655694842
313954641
166525981
36611752
363131077
863339342
479992730
446294183
898546809
272245957
889630760
606794434
456286385
396093281
82184321
594078994
102877027
268243389
209699591
604706400
491727175
986058386
122557557
631197093
386461502
285092073
519635084
853759704
275263911
481564993
657095103
618660804
642405706
825212709
588454309
833149236
623005033
987022861
465975019
279265904
420608228
327869992
155726978
742483375
446058070
850142585
34905899
182783151
213129177
552443812
56853421
954838411
592877599
181815198
921953124
264615146
495596047
896375943
517221234
399262096
673264350
686387196
579566004
463298685
87578861
458339307
916088742
227844720
938126276
555769075
166976208
647416737
914278973
903465578
550804601
993013284
98743633
934523335
424694308
47212746
852524866
198595627
625209696
759850106
591190309
600654631
543825852
889188488
425692190
929799912
558671260
958957898
47292225
850378378
188838530
752508706
296203932
183553260
917872225
694432836
126402660
207806610
641672123
878234524
594379580
400459434
977994276
859858124
295058079
377516966
536618640
676232273
227133705
80139025
501051241
223081241
734739749
273267873
97435995
478102948
251152151
332074246
4329272
624768497
635147400
217013903
343509219
214833203
889016896
473635213
754901813
83244940
996343287
324805583
716747434
743136307
92585805
39655186
379658112
653036170
456731359
612906473
429709106
313022082
90362819
199863564
476374810
830365507
5852691
619393535
413663330
347054395
703378830
696925367
261486423
529010429
181768756
176116531
513514448
726299486
328192392
638259564
816078576
379014042
555765517
426505612
986433665
546899220
668619242
972607339
925294289
86043746
175583908
19277559
548192242
206476784
733021752
144133268
944123837
210915616
360319644
975604050
131134107
8107732
68630477
488379693
414154850
854147178
308319952
821998818
589443913
102979139
739842638
726260395
630593269
61268008
862552378
810521527
936806368
605237171
264674686
505357574
236616760
275477961
714532267
142354801
194360686
380990420
389821926
185979812
428120580
652326020
675985614
396481941
375146667
851029411
859106747
193369951
959675071
885166553
645593386
210543321
471665858
3678849
692422020
593114813
248444925
548171366
920399046
669452516
457452239
391836861
268369741
651561155
687719007
161170660
7256458
491930043
255673993
118581582
897098710
198840773
534228566
392367885
486757755
650049559
432575612
433636077
862016651
820902361
595473053
251133036
451634096
332609363
195648589
167469314
106258632
15268643
475154971
933364037
723166080
699037577
569932986
64076404
606027471
902530901
861980077
779465163
732861946
713628010
601987099
508974190
422874421
80666708
7291772
344372030
857610034
151867808
538023789
525162479
358785079
969737532
505872673
598230672
418600764
731972129
703982571
214762923
559144709
479120260
800358941
473542968
254475667
42834425
63350473
981529324
707957813
852942642
342367024
957020225
800491081
179215933
77352593
106215240
560015715
415234490
60517243
366441387
773953006
642058043
947368095
254890263
657442722
241435198
146247717
936362378
798352889
754758637
155540305
762162368
469774684
430413759
636465225
398381526
839805785
435295260
577524335
334712735
253916266
156066083
93329141
956540305
421150007
630534413
630913314
365401619
121456768
320650973
633417704
353294459
52400956
207336237
611131461
543144020
708949046
666268546
672327145
842685233
122622828
509254583
407306640
908591247
813216533
142341200
451212135
403019749
465322536
405579924
873744271
989564074
713856937
833059696
865174825
870237382
906952261
221062108
36980960
460643240
256414226
688089091
177431200
748458892
246332064
466853133
991944172
494654993
72431830
466883067
405955106
831826489
893045885
277632589
363006406
352835367
786303876
857514233
304530487
64703691
848939515
876883644
536602587
221849739
219567283
462955773
414651329
580099180
166205848
888125271
794968138
391359297
520677494
237681446
314616034
929282737
456712556
286448681
866328193
965310829
735399101
598476935
424957315
414640310
402728935
120613183
234259931
167656808
855414753
548790455
754585587
197035617
173198693
900952768
748948663
141834055
939774486
649533983
539120038
464531998
167864884
181632170
535999705
578249482
572450000
750673048
11060743
571965843
503329279
16321423
393205477
452087525
500939123
494289312
518339310
888164363
31486780
193613468
935415625
964204157
168953369
971436425
137119308
683107847
173072569
713782761
576930920
721754319
765236625
418342932
729828494
30874238
116346379
312867988
598051537
778596834
621605955
302160611
660647534
463286660
233719825
591207080
921446616
330911009
609555858
936846847
94791759
868452949
314491203
906731516
983314922
259345515
271326106
824739472
407509184
413773278
149704720
627602139
248321285
876457483
949955180
913535081
164963383
241259993
413731733
67526376
825250052
32804603
753546649
582493745
874002419
279795855
930359152
836721427
110606396
896272506
516422330
574376105
469648624
534108069
647468832
377425119
831354012
597251120
121982032
21837450
485437400
911964291
869507288
210000927
208585996
584915608
576204512
59137497
207559771
841785259
39764409
371837465
246394074
911450405
995939687
528119930
5003892
441244711
641138396
605701309
806047691
435196719
808264744
231278491
129288282
610204876
828151773
50011391
565615547
601684329
798248565
588190427
723259122
565903582
188838765
327383135
487087959
700447821
419813012
759527993
325957016
477103349
334410654
137053411
783911714
42246505
340791332
812469978
247753869
872512489
701847717
755367718
347997221
942755269
483011563
750973168
331105050
759591043
881078172
724009334
836159015
40013668
193455849
98355343
529570582
922564857
210826815
84705483
346792560
865149145
668794822
545944609
21850236
43318237
370638078
396661380
899360132
239727036
30763240
456794438
132086353
462325165
61971194
101342446
535303411
247300360
602796679
212611334
921448628
613721757
43944182
166497774
590599766
422744685
626539443
531275077
457282648
874986807
513286079
934377977
82593312
749638230
81394575
508366396
797187887
452165513
560380835
710808114
563152802
891016415
943079574
47687759
722590408
719986631
537081989
788893237
382097636
760277840
611516914
513379307
71499171
312091690
856340289
451578591
768757664
51172671
588701831
852425693
598384406
16055635
218877154
578149562
974839090
698717126
600835446
294430431
606756788
933701017
57904304
647789618
713060724
314560570
924365716
821207880
947026714
351887082
627889145
595143572
471856424
358645063
224742105
644810049
787081745
71327369
407990026
446115709
263118503
652089992
548549312
153933136
631612881
757749110
170745961
266200451
202625382
366167407
176754504
643004643
67379926
827786091
247964219
156119311
48032086
893521810
685806788
742739766
429220832
351824777
914724825
140854384
329798360
23953261
414207675
202019294
769530700
178131395
321463909
446791508
888052957
246891479
550891056
525113857
222879196
67766400
828113804
207888455
130575580
192453625
64588547
713585606
134533681
233336690
595489460
948849020
228381058
878553692
75149491
599036553
843677832
313940401
572821290
557656186
695566982
295439220
757457983
503111135
754717532
500246014
89042229
660987144
660959617
745211293
863170429
577951710
354648246
123397815
539433992
422768980
800405108
329705484
604372795
332004857
482409464
356554625
865944229
55684910
703081799
577482452
825139327
19687964
721191932
19140488
581285300
282103152
789559119
197879743
615652524
434886964
388885418
991514467
385659532
687707048
745052697
828229189
28696384
498889137
583754224
245350756
893042235
182263827
204566044
632003259
964074055
58511445
8497644
701607373
131004496
408213185
844753776
353446122
477450627
543927509
782964094
27061518
393512205
701966896
161758253
579029801
456747742
341143536
900157437
574267416
359014588
783724900
806853793
36559706
190449059
467852011
753881781
349753085
637891209
141315053
945300622
89570112
987375331
264672943
404758746
505999518
23390409
234444923
333174170
249677696
419871541
643280562
857945596
29435760
322048602
921593396
916014493
98746098
533322055
156794012
685246138
805730869
443150635
403483298
329481906
921013621
595334497
55422322
627161530
998089683
897343573
264732463
466087952
865263408
706815090
61559477
749573929
401208463
662729832
879582574
346247297
50486432
604962047
822013463
554095677
915256848
214587706
741057707
901400122
332651879
12630367
319336173
877514074
97809541
623603019
261888234
691060955
39629592
592413549
324234480
669207815
8389753
288260822
830898537
387192583
16869941
124562068
76091520
565705892
172613777
183545049
365880196
538860585
297278711
832068286
49170177
850121440
887633541
291564715
293267234
399716525
462302434
652260578
233499799
330493285
268027242
330159848
735422169
748513566
465787502
451073599
312803146
9428038
71515857
495492803
606808229
270129285
681294980
875280379
731357194
323104374
526485098
706450227
149732491
347160605
638567811
605963933
687706504
973905313
430575652
702083104
139068425
288697082
39079569
460224056
78598662
271355620
690027824
189466191
782251768
675525394
663141683
18237898
429179296
424026858
453359212
489953132
327923536
461061613
232921254
438351574
359457148
686777707
231655346
315716214
744779849
456106751
63059394
492096210
745200007
8458997
75905887
53544218
195475147
401914956
279017165
741125096
793684641
458534416
510258995
328833514
735111399
9854518
188600619
802631253
188440180
944543545
290698195
49581756
199080178
545469063
432126063
63926429
913811296
465944200
624998218
294460937
198714785
889791291
57129793
129034752
399279670
750809963
748861022
153451069
204153721
631834050
457990874
637268824
904655376
550124853
734938341
315673941
723845306
317453156
777295653
70352569
267689624
561292546
420867961
333487764
657812818
480034092
638563513
799209802
829888573
102783995
115705866
590336756
945294417
877378534
318092954
941269214
84946234
693715178
763785667
668463340
208002972
941846069
472848085
495063647
651574818
278216400
26401155
583795350
823918963
837462648
619386782
284470880
513383442
721003183
238912920
429363281
277819503
120248343
657212540
309654333
101019170
626333289
327796733
912172258
592448389
296886435
401193033
686040217
185371195
351447983
579264886
589089798
552817389
728514213
993613151
62511924
855335734
857695951
600805152
34613893
963703607
408940878
697760110
929760738
7767903
430503460
102731234
40552709
787167044
34438613
770043546
756175828
493913138
65362001
951968139
51606612
502552507
965951375
232362003
746402713
747401069
892003256
411226
104833094
973078873
420969068
228963592
188021009
172104350
495919448
67865745
440412960
727318143
931806948
680076236
859904895
386898141
837831841
349979151
2329400
668458459
557799210
622493284
781196578
548013234
973041119
747321142
685214903
324050982
904691316
211294424
421376956
388036665
419209300
94089456
605395109
3607287
898328676
871833623
11459872
359533882
47058303
392836016
247683589
901967344
796803854
288668368
88295588
34367542
491800469
610703611
126063204
114178366
141299540
74786539
389800983
19230222
884399613
810245244
320351633
976306195
239188565
216229633
537283567
209409703
261272998
30964437
345789989
937762627
988465132
720651715
463074057
828556187
280498207
270906152
671787384
94672489
927606500
45724286
935648522
950191240
648583293
664032247
39546208
547427295
891930066
760046045
455128540
332827399
352884615
684917035
23678713
805372351
649566222
869451680
344353118
455319052
461691523
925861188
80712322
350782857
271162557
832491434
718219573
39923588
408892254
27532696
836120503
369942313
331217662
85758580
103602829
709935657
100274589
218806764
550959691
507279284
374656861
628286363
717808425
524972501
473241739
280637447
399984387
614326346
675259251
646596268
453960248
268985151
418194556
990257654
312657780
799787398
523344211
565508257
938806478
707979
420533572
382199538
705070203
311468348
889396758
919118613
388673369
256324396
418608446
630152270
992312208
354439536
56686196
510205162
647276392
177155548
993115043
443148583
346349427
420857664
457864025
659914187
920231191
618578469
886888781
798651490
261760280
513987516
347905962
10751533
460770088
817641928
720704389
234537178
165909885
982984612
106310468
79939739
792252030
892543213
35626275
313100806
467205546
660056775
763417741
927038334
694684343
336475567
445854045
812111834
65304430
115005156
106771540
421921153
246552668
573878252
643987324
505893084
137922082
922070225
919377140
321125642
916789081
511604445
589710888
606498859
697745562
72354987
227652226
474753930
947576349
94609883
794959324
431620698
768510198
680233946
683151751
101472196
733705962
683083265
721075943
215065227
549938550
264561933
987123026
493821999
983171665
558501595
88960810
656366141
861666755
787266173
562462675
255704643
341520697
913151881
618326126
791683187
472861706
832213682
411448175
23785443
79436358
494335482
715027461
509456399
534316268
718080818
580470527
453429082
408023624
643923464
247726331
203656506
945550828
160964549
978522424
593099045
416195134
134871447
700671250
211156701
204794588
785052717
568619283
306826238
676181195
925407669
81456532
94740016
764926066
697961275
580270346
194911585
491352299
310968502
453572166
741729692
315453432
915501685
324286241
218657543
936332452
156970590
599777425
220204612
699265705
573342332
838176336
582124593
137526505
469092716
593737425
504177252
66975154
551824885
73882666
52285898
699885039
623836437
258278012
203073829
131696759
698414472
646682810
468118494
924287518
147779522
835265841
486508282
764982502
91145913
720836024
757222886
296676461
873209378
146700984
459315394
742454213
934879155
673044603
338810211
727673839
187894954
801023464
885405293
102866936
312412126
920925617
829227932
985435392
137858558
683869484
366338161
560794054
687863710
497797617
171685584
969154605
402429361
79453106
291233680
323425764
175489442
316918987
19181913
535518087
19477765
940488861
872181264
840114165
270439550
164848184
766110199
386177470
371894499
173009829
109148944
429534372
903188802
734486898
301674949
921967426
508763600
241957787
969631296
643985993
450883642
430575989
677389923
173762998
955052359
821082910
810912684
736524869
373545039
640420680
747900878
354863689
212232505
413634330
228477816
277227998
692560223
673591780
542721892
487860856
367685633
269091869
301323982
754995930
804053440
565703562
936553827
413330730
70925823
177257043
475280550
445521718
960708713
447235819
435935374
621765669
448140653
965445430
617543813
130346775
731521056
277794856
687453293
325126986
711967189
619916679
977020145
632894833
922552807
369268560
589816769
79714215
423853619
703017527
473700762
455266871
67513964
773315457
763552569
465568176
662769025
801340109
224692449
403956297
493824930
71080444
569802546
358729649
430582436
140919605
389359836
619403317
648207358
842880249
325565780
689702995
95848954
550336858
652046631
921789217
8119603
334590346
422971007
685784360
616619262
202817561
51964598
401451825
786975735
364026347
627832498
506317630
215931349
558346828
473711983
563723710
983415262
244608427
460110835
150967966
278793809
839680104
620096198
103834985
380273659
60097516
392690080
804201893
402605237
498349909
942325474
380894147
196407117
582406869
330500360
615692642
290593619
386198256
552968267
896952638
318066764
593187280
304841141
798562412
292826299
143051789
951430646
557201096
808941636
536319082
285831851
795930414
641182509
552981438
312481447
586822272
689648250
587808759
236248861
449766944
971664449
414550274
663592814
185738285
993778680
809654727
202426803
857646750
554993503
849091633
880435763
561509264
740638649
747713424
954680831
738186376
538071005
262803764
754800889
517416595
645263395
698456218
693939048
109062347
552232492
362671932
144442069
944915778
952127670
942609988
993640654
688166092
452556919
179462393
368043968
723870704
87807394
96884418
258223087
569563856
85561358
822136072
222726854
656839428
783727890
231471059
90145320
365923737
567026665
198738879
415131701
416151491
535822382
313958326
956868363
928935330
54051846
562136444
366569809
613842564
859021742
386334569
926849560
642936650
421022230
136435541
16980919
701047463
681744835
278433940
550056063
305186189
996019207
87120843
225058432
260038050
497005214
424836898
795567231
386189378
167867022
428398879
328930334
635172068
399097629
792763954
946718523
74119671
699103325
982543753
130384296
520314143
225613483
690870456
248356474
294436888
940164219
218375084
479438047
367827842
881022202
218752803
596602789
115939968
405161207
323836227
132966703
790527554
510112626
805607795
818540444
995160022
255246072
984785585
236153884
690676765
605669431
444803749
279972667
565665675
579294236
903611334
223182886
195935898
57340145
851879689
686559745
924135555
277236020
893158688
512665738
916085152
161223527
934868542
64727616
182094165
128530743
226663475
896961042
870080760
119232539
72177813
230648260
72021405
89776568
296631900
640863701
122015150
637613309
909986992
359627429
353923175
568676356
213756642
733392316
820112504
706836356
913075425
429783402
648167657
871413556
351161394
128097689
78440767
341983268
678675712
667849869
843014257
758234642
410483130
620102873
703927738
605362386
183029842
503726424
682243882
112969416
900929495
9023119
511660521
96872621
807114984
359714403
565482030
9520871
765877309
47980805
963190824
287170689
74296794
103075351
703926475
127269661
504333749
946067809
394821929
257983297
11208874
714407110
628431753
258507890
187540483
644739388
812608041
645802735
731672214
251555038
242477348
489025389
567094933
165800009
627567172
110340760
909266962
942043524
15257962
703375440
875557225
910185117
62144983
755521866
830888938
544493447
524489864
226003426
487700171
491654792
777480594
576852561
929119988
610334952
885391380
2956286
711476337
265035141
34523433
285748130
394117149
459316190
459451328
425676835
175762527
38318617
527337750
685201588
9081059
748946356
217359900
821612892
419063709
258406111
476554001
580465614
376578677
353169558
381700761
28673537
108117957
147308308
38479746
244046967
902029849
67718509
519974058
68343039
767070062
409333448
710242936
108545743
170909968
726437851
559358579
284843485
821994673
585008370
943904438
751461513
103558948
647566080
604684261
407358052
900921193
832821867
138951207
476659113
603037225
527013552
440457193
752131469
579966107
296757695
421255809
271934295
451751124
270847123
243565533
605973619
350672252
447226892
854883735
306532547
544468523
175349759
49582231
529678732
126071257
374497565
580492449
946674637
214935165
678497458
456239622
735346660
708675427
977881871
91718552
574460069
862895768
552829293
654990151
221806836
318432271
166699886
583504768
741891895
219201396
191871903
119841785
607782873
273516161
849548845
845835862
785301711
788794914
748756923
222624983
346980529
556843718
382949085
895087374
78032128
486893183
603055425
618744431
655705338
858997413
75022280
260881237
975034916
546749810
903116494
776574157
450488550
945937729
536876053
852797633
906753585
486043776
741079714
556329642
809594481
68569085
466476473
887254969
968132496
451070336
72016461
471793315
823229480
873734710
90464015
182304519
494409889
156071565
951678925
833773968
682752922
440890137
472902410
623545292
331570279
121174053
960743180
680911816
971984545
722253308
269464340
629365099
964088852
265540101
642871635
369287635
286465803
518120673
187928789
750826554
266827831
523930997
946805059
90991455
870966794
369530947
312572099
179588777
949918626
95318632
857934072
914730121
783912728
93930778
124659312
65386904
28263500
489583392
127176613
129036264
889989459
183363418
304667507
904086149
309609903
356137644
433688598
58305669
283292172
660516037
792799190
520746882
306418878
178283806
502513831
28180471
220082800
96842483
857975547
130880634
94951733
139073900
361560907
606946153
235842745
952425529
359327745
611604067
112964023
31886001
727517141
606782386
768358650
272456561
221891132
595852846
32619973
624036818
406758098
255407879
913097143
745027929
203764034
68442184
888427489
693208218
939638714
955917527
355819359
812563415
21506126
166785047
9462644
217771338
274182246
53361850
807440739
132409284
118829695
887623342
273758909
551930515
820718776
274177652
192602203
763444739
785979030
697583549
719231860
629382161
700973616
252921758
18883130
575046850
89009411
251737785
125266136
88187860
903082195
829714810
619749463
203236934
185160819
228898328
846900582
128065563
499416163
688688391
32724770
521639436
145799681
538674488
999917023
737867791
366276834
876786617
556404584
664433963
786948807
281860900
86664570
105546558
641435993
597386393
979435741
914156080
625248370
893943482
810447135
164356404
749600702
212974982
763376678
878709096
637163707
195769684
973982174
493863366
988873120
547269887
472543419
146403569
417147734
569879485
547983900
461904098
234265280
644729192
773577829
577308013
187490307
512646306
31696649
454847332
294850601
89315593
869317081
736192651
553390996
930641929
913029766
301237461
818947091
298880317
639581475
303560278
568430712
370023293
93415008
497568106
131682815
268137348
949036472
854548231
100475645
481490092
430794166
551943222
113993589
128949742
591466111
495177247
677774884
765292767
496248383
177072259
320647167
694991531
45797093
487624721
192000209
875169026
296043819
859134995
649984299
612977662
467117398
333688838
675294469
168786781
819456503
430610026
136812898
363791420
505834414
99653494
630150443
224814083
219379336
519598196
56293045
776327949
909710470
570714583
137080946
106170623
121901455
793998945
65887504
29228877
733743881
430241951
823179826
381156921
199751699
637977393
423174939
70326671
204913297
130571834
115947646
992943168
154530413
743852244
911178686
237981243
507588799
820502736
845470434
981547533
163749282
935977653
92586839
463714084
927921719
839950998
751057607
743916902
60433108
4149412
463209737
237128219
714023049
5607596
848223058
690164385
451908391
866900278
866876714
259301581
407235843
883360837
969405171
823502793
611130272
147832776
163896052
259523420
792311459
565947339
311848792
392762851
530701990
542685345
854274345
577630315
754185480
12669693
606476506
144162688
746076333
452965789
337759296
100092866
953266014
309020765
175450272
233740293
79876630
830017515
160938962
384608246
671376918
671251188
632482696
585903639
535435073
666052160
64276153
48477874
732483578
564169364
475841095
860334
146906732
535325495
774811578
592851063
194923644
964280173
514210064
98068372
716573223
114944086
593626156
308806218
386965586
166896483
811350036
823882279
459293334
699076405
972958668
698237119
617751937
979363551
376907224
569370466
680046714
104534608
16078679
499027501
447779367
102592503
825740833
385081786
578843487
249793218
728488661
669972778
942522042
937604521
187884268
868097217
725419638
391469620
667279002
476625155
448797410
71537480
687482794
51966233
729126386
297556018
876777269
470948334
424892593
163298540
256865727
597966049
986452395
946033497
230887438
635110670
765343491
947080553
733179924
820539204
679846337
298358592
861089893
130094211
539976593
571217132
529882140
334292650
634213547
905241335
244887108
468955141
132227662
647062880
598927532
875552464
46046082
403345847
104069682
822749360
174631738
315552260
542070764
757872845
985038842
684700907
165572493
284285853
328300457
673948911
992280083
157503778
210272955
49892646
532704377
257238345
622572960
916552304
529104934
627258325
591391705
123731316
392941807
220039675
271031008
739121735
676188485
560834937
142650908
539648754
260584117
336789498
618942082
939562512
430075116
913269344
199860942
957325477
777573782
478717280
458702638
294365925
342737231
186102258
962570944
723757571
504472738
820271658
203216673
610269893
502903063
526172385
754488004
111762824
340786928
632313274
493019572
624289799
936884854
617712041
729762603
110247764
647632039
857552301
212255136
936975389
202939902
801215462
131511385
251860036
640093054
457135730
860036995
1335324
154103637
538104805
684690153
504177326
533671722
213792940
245243104
206547194
709154489
817885414
436683060
987431727
408167956
228164620
348778731
819075272
65852336
859608602
670531843
988508542
741592432
993247524
619610642
279945936
837089980
902945289
585917012
757433368
452369992
601998837
418651951
13948682
348566086
398181307
480688368
38123820
156433765
785750969
192766645
761218941
969974849
484465668
819642473
293974103
435799953
203214
359038218
157497232
704728345
698298660
45172383
262662816
223593680
971852841
560314749
850481123
583660747
987544436
603658172
636536987
68923472
167603195
504562250
210100961
997786593
961560092
7215104
602858477
51594687
30717207
671671377
313100790
298861780
605545545
690621897
271405744
473383576
162708415
162755350
516430056
541314783
571874644
594811761
516982269
172035037
162756656
985529229
940468176
870535720
345995099
924903057
838532518
137007840
832297729
724108077
733945739
259598609
336589724
829472650
386378473
483004844
291460787
38978068
567933835
176957672
817660192
606396651
687380398
548591405
474140999
311217650
580228424
470139087
102942196
226497379
579361130
498578521
721307805
542131642
924976154
385998064
633505616
441413419
466469257
750389363
802742229
922456179
751641552
832626804
686706761
122709943
652944354
261555188
515674014
725798682
493958622
622702683
530478865
16577331
977786412
812205126
715549701
901959034
816799539
191970759
453789098
841743087
618451157
540177021
781201664
572233854
934209726
335814397
504966229
919758169
957208608
567014521
766795612
862057936
785640102
99815157
763768713
835778007
125954548
427858222
668497198
28541055
773694151
618677503
780396052
412347293
533534526
541165561
306778656
794919785
845969513
132985636
498226806
131382607
611658851
234172161
498645807
905752691
393222992
12360354
500070916
61184778
432633730
52082964
29202902
418584429
980659375
372387428
767896812
868287413
60824044
833714880
38651970
955277562
874053754
195153912
779284872
755686166
224187969
258256092
865030150
834453349
236407866
201146645
655626170
170088399
192252674
116324756
989498700
271834248
667732964
699967254
490955217
21464285
178128202
272276519
823170687
173121648
203802856
3653656
476749347
278811755
493676515
375267675
606209051
415517640
937696331
485985328
84116579
211896076
343565148
609371386
541060253
518877712
179173931
433091187
198736765
222926835
551722098
132126866
926658249
312024264
319404162
478393569
369386289
167124718
203151449
223550542
146916826
460711397
881065742
990519241
151648659
556950706
91528481
840170477
511197218
585532731
238921953
676523393
744945372
959313287
241073494
131414491
496142899
873208379
457840975
284512334
143985929
614204893
572295474
552634944
191695945
871098186
924561417
379420834
667541857
385937417
942938655
304271103
554259990
505803382
439490826
687977239
601362291
208366192
937258622
173561101
837072202
35939901
323272860
48442489
807477147
287921163
602239461
987965978
701496540
719419510
207337357
829410211
448261099
198957185
338259749
487658719
159853478
121796225
288328905
47166796
631527934
32242608
957494485
570915538
889856928
858820742
396221755
125113347
589717489
362101170
435852811
750102563
667901522
245033562
819162626
132028781
579694861
388248288
757674834
154894645
588628932
587222438
976186204
333914595
929504168
326205000
130776321
291281804
703428326
404504346
794395197
595871284
583852229
493414095
434546121
991339513
33109723
193674636
416203589
220578254
614559315
407894915
823720207
703689428
525943162
190572814
833742358
727962482
506591374
336155251
238126359
473113573
130358574
800606007
322095544
914347341
614979351
747136508
24927705
33353445
666666232
458076012
476401565
680247168
813202499
705254010
538770285
226281999
26330949
833457632
616881494
622126958
562424073
964255152
167202071
941033738
422357192
30978076
584075528
184768704
657865628
317677325
504691161
819372109
140020531
14140836
633488525
185722444
987661156
753866894
250675524
797052719
657742676
764269839
514997803
669446375
737588073
660812880
107727182
765552536
590989681
165642704
173647993
852262998
37882758
470086347
520041711
379767118
439058489
848445116
396958024
636753453
116982889
95233943
232768343
404682300
764915889
508284513
226351585
439085524
238050765
863776729
856540741
769702106
180095815
767592823
809552417
701622740
915336669
643011656
511086012
702137016
79975199
805502079
285421998
171542290
141346903
690638885
270185862
466385359
743483345
560094441
374322898
335311331
131112418
286192431
985724613
942569217
606222099
494259718
238554825
989770403
291583075
61720340
887787314
529538400
182719313
640355014
900898235
661874699
640639571
696407602
929956445
784800279
574115245
902421693
219689440
321224307
44951992
281625335
443721106
365085725
85242264
5833604
194760459
520776077
628643335
571005000
815176151
198702365
788141161
746962989
560723916
399376030
798751555
174382551
101152860
268769570
14873796
294066662
254150224
817016232
643043823
791494740
569554611
20555781
957796075
377436209
828083627
266374927
865653329
556439033
23272098
331297464
948277911
895082400
141106465
963979665
754418090
215767384
794453084
975946404
642021562
774451804
60947553
258815729
997776348
586051473
42846648
406639860
425180314
326735801
236287681
356162932
601990597
244828474
961639947
278107602
129731196
695118896
283051110
1617333
48419012
546278407
676176533
68353032
487038985
906709184
957519716
716648618
640569447
835150866
577223822
877505486
4759238
760464052
514434382
703181503
133736907
23774965
763645784
356937965
183085623
861531007
614197770
969292059
165935449
993125508
842454790
425218009
810011018
853817131
616829756
769848145
224023615
586542322
9055912
391520837
536098131
707680190
521547611
59051948
835253528
150955930
497496223
287416728
381814797
30577880
423889840
30783482
63849181
800721994
186654967
104819869
501188796
162046281
940153451
677364628
435336263
831823065
809414189
602882235
356598487
928486380
382800020
233125648
280761426
416082748
972370310
827670861
276739762
512777923
967151054
651769824
251045966
540613496
635189318
29613973
306255525
937603944
170763418
387998487
871772510
483377292
949799419
929893986
400212297
62950243
536305474
467113409
32980335
181874409
742982323
392506012
279797083
530559787
792584884
615330286
346649092
259185385
873008448
571310141
132877170
689711247
696351892
782846628
423244593
6015600
883484520
887636491
593742080
95066411
162971667
810415313
124127385
618169495
105331690
879503805
19919411
764436328
750039143
909984656
806688639
933536267
661731697
87951932
230506520
801187236
516754175
906395552
184868263
188865945
383894454
983202801
422064540
686664414
482029651
673536605
109715004
437110506
433412354
880303480
276564882
48388870
790736513
813925881
484648638
897974799
580885332
929401402
441638983
211530986
81247211
786198497
216629480
510509268
103015279
45405842
265788715
339389013
802321611
561067061
982811276
464083901
123159803
384892155
478180114
18555485
202388500
870345195
621459470
323437546
696009951
21294276
929588676
265146219
755191037
655845384
937538525
923105981
722929517
954000275
748640203
912975323
88357027
930420019
966470907
315473560
769305008
351515259
407534594
880742223
957938140
884719627
383465850
260528780
336187155
625147427
83422563
300755439
996500066
117512950
769130356
984528750
694273134
577444755
546637883
682279583
351466037
539661083
39321571
863211837
887881699
539767978
421235665
18447083
81123408
988722024
569133528
781078706
913477731
446188812
818429832
654676587
439090429
751179619
490608276
307445483
62812424
661998365
504403948
778590319
921116342
358871934
943963339
609411537
189597244
831131794
161542093
902155435
768419004
681265805
745682173
712455701
472226793
488018042
633981842
737662064
651025435
82711935
168862421
61025123
827060582
73150650
186232928
521312061
544423326
810528112
992904427
274314936
296958221
926302675
805053513
697906065
874416420
782785769
570230899
925943800
419177011
22868248
363391920
483696956
224619919
577301525
539464766
910297248
792073357
568690669
798476872
853125475
177331282
722407373
952952287
118731982
976796874
974881979
548955639
514562261
716513346
80226148
694703364
444599493
87469121
822690119
763873495
811417647
100066937
739391305
892629150
57709618
844344447
198816098
793142593
42178249
378601703
411535299
827336983
467020987
134900128
516322091
647846034
351637077
77631453
926840774
237558433
482626971
967385578
664303763
752682702
806556143
676641251
955566194
435507898
213149206
168106302
728569423
89300624
929405566
184391665
316280466
201793033
885660407
781977181
271667521
618376383
381417473
375434851
296902351
496815412
385991411
309688535
516840462
508024568
706364028
823286581
462439233
7521363
186176799
362350503
343834884
947815300
108292659
883441112
835638154
722344814
237131277
60153679
467483303
561798862
97729597
282639492
525261615
189009622
385665005
362944138
480080048
788177702
907616690
415648794
560564969
995335637
525478433
256320596
345543136
95777998
633303811
14847088
568416879
197864544
331481872
286236836
558890706
181896186
783885853
34961258
97112402
494125566
472736280
542129622
833698634
865638370
288398235
536521514
242508467
290608160
372617513
71100296
370251291
311263507
577353439
135520755
258595743
420425272
57910322
342109544
890710400
554886909
812975216
317651506
552821214
668893964
385882015
799468530
678331251
230199611
479352637
387311462
547594282
260264746
843711636
339610517
826694349
714320651
994078666
350691068
933607072
199204204
85593029
852026938
392845568
599785811
280963022
113815594
717850674
419647032
852333045
438210097
762130813
951860071
543932527
330063876
95246596
995639710
436382726
615405674
678909252
974146172
442333437
402619706
292491653
684087538
532843301
405791477
396718712
568381906
738998973
504150477
566213962
271857978
540258104
561958522
101778911
808810589
977057610
703450458
824444983
154648357
465615586
723257170
381248653
134808214
34713579
676037647
296829371
650260778
421105668
997092099
45132176
940770461
554113915
731622138
194769630
954760598
120540440
695923865
493502711
132080010
508383210
988289167
798327677
588802917
770865285
162643722
814819572
732709030
64308839
366307640
343526542
178769213
596813150
549120694
20005906
638920851
582327630
246123302
460561431
718697879
872967559
233261767
557937494
53492332
506813640
389071016
46525538
868412415
170899293
639488288
216506215
416129455
27613312
726095465
153274678
959989652
116992167
137118965
707025349
98199578
591251962
909920949
908269029
235025598
1735191
231005930
495161421
825395755
993838888
295567653
391742612
793041976
49934524
683732375
911645314
700539895
309254543
93091583
195262823
227721356
500266779
881642623
922668670
506668177
218654923
370328532
613366055
345542342
118332852
930494980
707366951
265555385
886464144
65814092
986759266
138945589
661110049
445103348
653274415
687237158
463104107
776345225
900301649
572537455
138423516
318342294
501836522
154661512
692546677
471685636
812055494
727429944
998977201
73734462
999675517
269608232
493761194
280864351
354863078
884825131
105749578
751230483
839373536
467791809
154237645
776491109
899287794
235321818
763385570
611997212
630262210
625748523
908291914
449192534
944523361
916333261
886955237
653919680
540260366
12690795
307929866
992325771
670646012
831747466
333425655
190875497
618866707
942939451
817487971
205307123
930106818
671871592
665505566
207897609
601977744
867129338
569572992
417507310
581987993
734964060
293396935
541598238
267895908
19767838
145675647
626664923
539407032
852117705
999278869
785666188
251266077
990425529
409601510
216286041
581145318
861423755
710467143
107437782
769655115
364943468
939632291
206131924
130530809
916837021
783100983
223312676
375285099
575836463
629718398
809082818
142045781
314284283
963096344
440001855
853090362
639963353
847745366
995210959
132754870
137813916
918980526
801129840
335966666
771012184
338258966
156939392
616465293
485139611
309611342
136862353
174867621
980185359
460839320
508810519
871786491
361836754
141330256
664181572
147395982
121292607
489759568
608064361
320937273
320759338
755475248
839386366
210663459
306634584
544941571
670152154
491949075
929430022
479475658
721373565
497200998
795792939
338531893
143532997
202249637
684824952
445067074
779429221
243429367
201010038
684538338
885384131
515627705
787738435
521687226
964022484
477284439
202855733
642745383
509575822
768488470
348167701
946195162
506279933
208793281
783821760
360221610
4415448
298590896
975884637
89300307
823040348
579044827
815408198
582279298
291438991
244068205
855067612
566778978
619153428
567291422
61569522
649297656
422309863
259768329
523193453
808228170
94891920
558364420
562110776
257165969
112027900
957082120
343754448
935808352
410655213
986573108
149062979
520133424
994190635
895219513
669746566
904932241
293407076
985037534
766370675
858831062
41922735
949911561
761199693
468192711
16052789
429637563
595061291
300570792
696158383
929418532
109847087
768876854
25969249
941038495
683231936
696603671
690640030
946887520
519848696
82236576
323645692
553497345
6310601
433227598
649938839
855315489
14354292
734681960
656772257
545596156
81643886
355624392
889681912
42175045
150018132
625665201
382272359
701711834
299922252
681394960
995975535
686730546
758725078
87161367
887452321
459290345
676045376
293982106
822880286
744014588
199397775
785155546
479916487
244525462
88950735
788715242
441009598
977183969
419315195
986577148
5841643
472016659
489856561
951729741
369498937
82865205
600364347
100276322
963764414
846551087
139816696
593251034
177197192
118398473
187242421
203014249
881049469
544861558
267744679
501764364
169677772
71068992
197453016
250859400
960406702
616453462
799695815
836833236
656860023
355184690
49196273
456928131
983647342
233618263
565774077
890756018
663373655
705338480
731463309
630797748
149374389
124943920
367656441
319879405
309087759
350548900
138637032
649989309
737911362
159646451
642292426
43556533
774761662
156290911
452542518
246657395
258371645
202219307
667805852
984895655
465922677
161563143
647673304
420775516
677770239
159649396
203231116
24735775
563632242
300267954
79462460
712577363
909334160
598267903
574899828
395235782
837608647
90533277
794282993
377282940
532666755
484316251
761555284
488411702
600526209
331092466
223322525
940628636
206587489
386524201
694877900
913107212
548253841
502086230
153812238
910268552
442559516
291753192
181882802
363561890
533063833
949181007
774916958
523754129
473122461
278513343
535662915
820590315
809699969
426864625
542888529
336583723
27376136
567298444
743210857
800030112
125503464
662173308
19624656
637129641
291583626
996511292
984545901
563756104
59193264
976537769
801073886
827732685
679168583
983458886
134627163
198392339
349429053
283401428
125163223
639059058
892715491
953370220
883901691
156808483
941650673
230958981
259258638
583219821
413714384
264606382
496620153
766344730
974451022
246701734
722041637
895462628
580191184
460816559
208597474
199282517
733300453
828034832
191965661
366906512
572117148
405439702
540515843
747827082
384984187
365551995
792911485
640142632
765040476
574378492
223044323
285962191
115717103
602222251
532325685
663883734
56194288
870462551
691782779
962904430
29906288
389915430
167118842
685620467
760964867
833963733
523449365
493754775
98585749
748958965
961532546
563919429
984698398
17189630
588343606
601529041
742185834
517988176
878407050
440425756
402827768
940790102
942359693
251876882
33495462
493866368
457454401
563373201
149436904
668290179
283101842
666990191
306471270
644011706
747391569
550693379
174486879
565104845
892264800
783339481
393544264
219412135
587380332
175102837
841169607
112681539
227016229
55350434
902804577
742851559
376966575
560498433
394816081
354962598
989784262
552644639
163449804
660400596
63056598
282146290
321902802
227773916
703224937
796545096
211109443
472528333
10930541
122006375
714898537
294629900
129185554
450156394
324219224
767031987
441019696
69360034
330408837
653095849
527534753
174590517
923714460
704617665
378126023
243702744
692461430
808580755
565638513
309403959
243115663
163256113
257677907
297454980
613696296
390005210
857214576
530629974
937979493
480257898
104301202
716451298
367999283
394776347
211883434
226699427
978726848
509195424
644558483
247475242
347380441
610604407
546553516
305557813
152964525
866469217
587112340
537344511
706079074
713248479
605465891
229042216
496071219
228048223
862411651
756845842
804570086
38842844
965390208
141075063
485619316
964786635
883306965
599359095
854104174
300285555
17734879
142397803
312209040
672117054
323669352
247910369
905259496
974777763
461602289
739209841
959180391
317109397
797959429
426286103
382486879
546794275
901179048
389328309
197787482
7337695
688179932
313458876
757732108
975609480
656493984
307717981
534666112
259913437
482585272
361411008
815868298
161902889
437447387
43555549
565025578
490566415
754788006
477783648
954315441
170483104
616300152
368281077
891508250
501997691
635107236
605777026
476330983
620013521
259116259
197759113
765257860
390993101
145634343
559420521
608330363
192861287
524179050
991589729
87487965
874454422
329436382
720429000
906296230
939492923
347445337
907980748
660280254
929580617
949580023
716718472
907565169
801282742
936056336
400109919
270472555
337894930
974593099
682592034
477108009
740883742
94074561
711053083
27169613
448176091
909689039
561789580
692907575
476863011
245468465
129098082
93158927
692531791
142769678
536662456
770036227
864217167
331384117
799431806
443219989
253314330
379728184
618537710
363374021
508284532
32422663
80338679
236924898
750525254
178873600
584825226
223364574
371866694
504670244
628217070
139241494
805624735
712077238
75642237
897989791
460355765
820085322
846235695
110215298
154900005
283721128
919043902
660479901
631945770
83595474
958997772
354245512
88213670
207471191
768397872
387266602
193856896
113545131
971237021
280228561
653232894
972462552
531165827
156138991
910460837
421882523
967637679
895270274
587315040
194549907
440408030
749629375
275444930
138548687
325705097
966734860
805326614
448060642
937822556
88814900
982565827
681966587
134537504
258378704
519799126
35611121
859673579
628263150
214077628
935790810
757281669
184963448
438015745
54363395
721455342
90724545
388423554
206169908
528993716
774913693
62565432
872617039
286750895
292634374
133498204
464252682
364415018
975579
653253983
794577961
645649698
549265510
324467240
388551550
484617654
257177498
256271930
528290771
968660489
733834257
584547348
851247716
451896260
742345350
880998628
318499105
179606085
575486103
241411126
358386245
161354468
696195883
994463041
439112487
127708574
411358771
726819822
480391460
837205614
151840851
615231513
147310957
522981480
429185760
865461914
422273648
708171940
128035203
194681151
610446204
244384259
467327851
117316024
913650737
561590780
459687104
199313097
382644534
455644949
293904058
125641904
648770128
572400292
958738788
108806910
353183417
443494947
742000012
441516003
630582747
971329918
411994201
603416577
322111853
183010721
225188326
521155576
116175853
769718405
332348468
171063658
774090359
259411195
801664826
978396324
590675223
477961011
778737717
935176577
717973936
236967847
535565636
532606988
253495595
259429607
574941337
522770918
880475054
651922002
397169495
536292028
390906060
737645948
831665178
838442535
405684215
409994491
636377856
579942720
515748856
863167307
110908407
618726867
925171527
784123091
807466412
405310561
578324662
633592489
589062311
848210735
211585691
111258749
990090318
335538493
109004549
258869932
833932151
369907618
271350059
591746496
994308744
959883569
65547649
955748993
183222121
613865760
63677441
632664104
704266763
276984100
125183179
451486989
590987801
578170590
894581982
646233078
767567807
480684541
991184124
713281836
830585305
466055637
841427276
523813476
757572338
634070901
26742701
578393268
297257315
770831253
57520615
879267092
682567844
279771498
733701936
395663396
784859005
981211833
522554141
903769498
714731350
96708658
69711757
835690617
338087219
269879986
935991094
551553188
966275728
787359466
450433432
472398426
374418656
125437215
372202720
220621576
510812160
290101337
477601143
882677328
371037936
593090779
263145665
540259485
798363397
808192030
729061585
79485715
393230252
333916611
925382149
550128312
854877368
212597020
692958192
570744175
360987521
286762016
497910326
997214853
690625940
394822395
490297576
299108487
706549256
693931648
149083175
340345247
973293609
596865519
17086497
304101405
681336492
250328090
832325033
853512584
386267816
510290671
742471394
605890945
351407237
675799410
913693571
490364389
691379594
796723356
118605811
143929952
20286620
883931489
379945617
503729294
616354130
923699365
686703686
210098825
431559001
193083059
284598457
801063188
570278698
562582480
590417096
548602273
560473434
549073562
632911092
5311085
737743732
833845456
429880712
493411373
744937221
807874647
133411849
327479619
421510522
182999731
83618419
526207993
501968973
854590016
486618715
276239409
528514903
856178732
381221931
699768195
123024694
227622010
83336342
549676096
707456984
493049041
102637951
836916437
876445084
106988029
817184231
665383048
152577436
803436966
902999950
334116155
630304333
183696370
545904161
134296057
606597173
222142606
658245211
23894492
628887886
630486295
917869725
451313938
350275571
320985272
870381066
591241825
98397858
282764582
158372974
768787139
940619816
485717557
737298022
480729129
568593715
67880411
874518700
386389338
224282185
738439051
541495077
734243626
34289131
848148885
503032217
412682032
871333116
633331465
188962397
57844186
738739723
544842863
926499690
539612499
240474595
516438547
620086895
296254429
659700268
29937524
983340049
703893254
137026944
777877332
426320911
465756539
828462275
791603052
846589844
438150761
370923072
569999489
384423493
49923782
132266192
595167473
566528030
882149073
905284662
970727722
640032478
354212638
833953460
593604822
495741239
705998714
601454585
354606235
67971625
915681425
312634453
714797563
683446597
876317969
136472276
49995926
848739221
829643898
245140808
875290894
150364582
787672758
950438247
999321375
26185836
286950836
950545717
366905377
234295413
707077007
281734175
54242556
18898661
504602554
431451143
616138569
603688731
937361524
250365421
452479118
510591533
804822329
226650177
383110278
679615998
863941933
167577228
831344827
868801828
130867632
529560494
135703149
154412117
484389692
616141206
543096655
735543209
702387321
340472322
454427380
286286848
219732049
201371632
736692877
801057500
275589174
439160759
543130448
249750984
234479333
171700173
367015097
713795308
651044535
753656253
531047426
786240705
85700190
5285004
333000378
245974082
87617958
225359284
108554827
640263601
994479082
686862961
558827655
928044394
469938379
384470782
79744047
773142947
78643068
723879988
122381917
700533452
513569146
429812923
101925063
994103518
414962149
743766876
507480379
122168749
427725131
631210588
315155941
457951891
719059043
133065197
604075178
637433624
891709900
903949751
403099791
901134150
319813130
199512547
151217659
622584150
242888088
862739761
9067613
580504384
656289566
158292828
834119080
527039703
991311052
410133808
543219400
202152093
962016887
742624828
485613615
281246393
731470211
792534608
930860740
241384408
751427708
186294108
106063151
28737543
806964007
126016675
868510097
240576169
833224515
291215449
621552392
730179491
929112682
411057720
911466300
172746021
925053119
979182583
59869969
400089504
681386386
53870952
996070597
664043651
32583748
285581199
749041111
514583308
18045342
833244661
367610425
681048144
235629546
146694077
669634698
719808174
824273389
322757902
760584473
745811976
507022845
190818442
479812471
360819935
394592476
776785733
221112555
547812280
823458499
585071562
412179415
265769121
997916763
857792981
500713301
681982670
116652361
947702626
796766142
869163784
927188997
375640259
125500195
279167189
622266614
937824889
637622651
575243454
146050889
92591106
874679654
297326288
426951274
468201348
940381942
195315370
676349083
566607128
86320154
404808946
729454103
579472383
494083211
616362324
844276337
793356324
12992641
134202327
954222203
28699699
628547521
568585570
964895610
990041424
642181849
285034393
274314359
776013549
385618891
947557245
702438445
351011502
954270917
152250599
816683805
35608268
506247802
867514423
139747507
545520025
44578054
550050689
911831028
855008592
32271792
335207949
624892921
197128693
858768115
29785535
845412653
735884367
36198495
441169966
665525228
970733313
707358485
490861820
9994769
822988331
200697701
868001592
186921928
230629723
939088422
452298815
670813016
269986166
669296188
340006216
191502415
433787808
613810586
445423681
647640804
908642725
487959799
756179103
121782731
292860943
806915451
391747103
857352876
204688957
340579379
181163148
759240820
802642151
934779322
11431539
828937597
230818096
88109805
176374473
621188668
857130951
155090554
802355482
88704940
510795267
834973373
54067868
155168610
559195421
885807850
65966470
594239033
174671254
273860253
394211554
971130908
574523221
573810115
92614699
650707931
83560243
897759925
173620733
852587865
186427942
735423860
13137858
443860231
902556920
842264712
136672079
582022335
742093978
685493359
738901585
849246258
153097538
272309699
627081828
490927105
639521387
80575051
569766337
782543247
488472407
964750490
221628240
99890113
810650578
630338484
927202252
877160835
475744393
892701813
649734864
785233609
978678093
583698518
506797457
12061225
551220736
580323688
658806283
958762463
721510097
450924729
985997951
826636459
871567401
798199911
745625555
249223324
716692655
568639049
474520170
939889615
905514296
928550130
136782042
811551354
383153951
373811871
32816482
474151016
531877445
943518398
368257486
624817134
245924586
808578744
442897966
355002011
343626745
393436621
704153462
5682095
289090119
35570036
84034884
499209647
2708505
569934796
955458841
552369302
735652365
932128227
902696831
606608437
265843089
699335945
775155888
651008703
789247996
909035074
160111811
500300571
872909080
153883891
228702739
82659763
613490385
580639227
594236342
423329890
850587814
377775491
183253588
811803679
559961434
328146888
824782723
355905228
380546130
150396995
944293572
259019937
465522658
879169632
112000061
856345928
309889586
946948546
914578989
678938411
2056660
896022117
396481039
34339141
493374286
294239527
426894065
445925452
822088217
668020340
674515562
317140340
64603554
876183465
774396342
818374407
92156882
13088155
675201257
488708679
578558401
252958511
734102804
755676762
562266884
590052929
749013963
572481782
68195345
916355847
711165658
74168293
917141364
312907671
628270472
552904109
681374827
761775784
818890644
701336881
51031065
916094536
62067034
963006286
522766176
589104546
494037211
680474013
883214055
235062737
784822953
393094801
946072032
322418462
696280161
290141827
161334111
731270145
344216326
953280194
295771326
76461621
99389421
4503897
281815751
107033011
878218412
667220303
609811923
584450324
353017575
888645900
762399098
247073351
888221785
703414192
796569967
510350136
840283658
613606232
99383315
173036227
634262863
393384750
278657145
346240376
407039217
162748105
274828254
140334287
753669080
829138390
844736379
332839327
818235388
606316183
662041279
269972143
994196377
328549983
296249871
900313189
182160466
755765945
71260896
815018220
405905088
827899557
23546494
749284519
191996189
247649802
693892751
176348146
910335743
911493874
172012964
836468961
272084245
951892507
12263677
941091483
928866949
35434671
665656171
455320993
469948864
220947755
188010422
79588173
880753464
48330701
579650096
720065936
339853421
536830209
502978726
515135152
631405209
868189832
503610185
24199411
719556025
849043012
552976314
187262371
135967929
466847379
879404601
633708422
692841138
581538773
73920249
514846266
204558352
725116534
229763100
398179548
482084270
68839412
956803928
914983841
731732845
493999742
429434893
224743887
787996454
394932601
919276130
944096166
867924888
612325838
848175381
770558103
474395485
27612027
266489634
861420995
804242884
775735631
670972902
562723154
514893322
963886982
513563161
659333128
808076091
635824341
823409865
738417079
786738638
668085095
966385090
427096022
606620195
679341098
936349392
614323759
602643212
779977167
750066669
736858109
453934819
917897515
529240332
260444568
497236273
602075462
440125701
781036945
916700636
804177732
16336026
701669791
705616714
317923444
663162145
771757535
645451328
565832
685312362
25960286
734652442
245315179
430473131
687974676
674407670
315820902
163238364
627276336
797591531
344190772
897027992
93848222
383318077
443248719
342763063
474240097
993555547
846595555
487710379
979485071
495881089
112779295
352125759
121988332
439476840
357507767
890853078
251064358
663492769
13045460
142232721
87633358
63061532
175387874
32136584
665379315
686802806
885628935
884627813
516571134
777455268
878108945
13426135
988868333
121751385
463859209
950291061
609700747
545135946
527582982
962307653
580871761
308716158
211941410
660497586
777527187
330705758
523467985
794535302
882813654
54918721
527152381
449238951
77706515
238932542
637013597
728584270
398468801
986561975
482834529
423844359
39425718
724702059
363495474
311291543
937925545
404260448
652538885
81567744
768661371
311951619
861373741
37570542
905675686
823180383
543560834
470715492
472823144
7729414
530851467
411815709
337431377
760738737
676860070
754970130
367557206
85043124
296929332
876479943
83797053
723462982
378697027
605878309
397909676
793421531
381726900
680791458
387211198
479260724
98711011
499283067
616593284
155626748
395321201
872264826
397234909
219554231
260309024
223324451
415642790
399368631
837936645
535893745
385595742
225898913
228533659
513259591
844786187
80743090
417503500
863472650
252311573
49267500
662464553
854028085
243732778
621842482
690190587
358136308
56256847
227532391
57486176
267247181
77648890
416115076
48073509
557487422
33876742
415043983
96869861
576258049
360111427
18361573
687491151
962911257
29356763
76957892
682309655
109471251
989781135
848314502
431927531
584628213
178747069
788599015
121780969
243893684
108426212
984399498
368153564
622246617
932096995
322940721
762663770
499450385
308144785
666819318
284393750
176927259
228121600
922443716
484430791
888102218
666155791
26721813
920006453
487457862
255241992
85353815
305175310
576572887
947161488
249160468
850120105
303582441
453234938
900322686
465902544
238182510
215844562
564760453
701154223
787803632
107446214
267772709
32495813
587516559
68590767
225729193
396563817
340023575
308697624
998305915
198710026
957839794
631832157
784599236
858437422
72172932
273966491
196790092
854194767
386168359
806460924
162454367
732301459
997118658
801382506
659701468
295002714
596916063
949246831
435799376
140642765
350488593
236950765
193718335
849509041
938111079
898842039
110047347
379938546
575394219
636206939
784693684
788171259
517635697
349289488
420228619
574515528
333426401
27855793
820151653
922248930
854651062
594864079
309241667
354270364
931460833
690701092
180621667
374899275
491832796
431150128
101795623
435937789
404086703
812960566
140490007
737417452
439228269
222340599
616441064
193653790
469063204
520812948
87422946
435139932
398203360
332128341
362207005
100211128
258131758
276905737
983614023
807358156
831932126
327268570
474412419
397227555
99692859
490032590
354569645
77336587
954361934
400317274
839480212
437737934
507732863
807915428
938029208
27898761
282428189
102150035
306749302
922432807
218176599
444951218
144641602
720543071
50116564
263382193
127655188
326846046
880853717
835806004
634197287
329045009
664057627
386692754
285662682
255699254
760548384
427651589
195106374
666267670
564748733
81871876
975536272
790324284
308867649
102163856
521107542
507409276
935263649
650766677
601220154
987700240
687046398
339782578
953379900
353759160
445042130
672653159
750770643
855218000
195234209
98014144
487198924
721055560
517548871
358807544
546494374
804111012
891815183
630136250
770291304
215117000
13020808
154738589
554809749
513704386
211655922
732679461
7718499
945667771
278489832
373158621
452745945
509654706
433705089
698749598
818825413
797925373
146221521
430436889
448605486
475270429
803375439
404432451
695250170
19841598
645556207
965205728
48546516
229561177
695818550
560544812
627888399
440168895
145864579
761340291
77039270
599105973
349014986
963665854
77378688
538342610
932889642
309468662
627071108
922101984
955145429
855105639
844702910
963184083
260816994
909191046
999509354
857206527
588146773
818605856
828209844
808563997
478981327
869042190
489848239
47012743
952257680
328444365
213504080
956884363
376695540
403155670
18034448
499026094
575904829
637178409
456289461
941903178
786248515
531093660
775024814
600575476
311570981
212578450
699584328
579634010
520254802
103467211
313673041
807001604
575867795
693468763
28710226
662498525
785948663
463880935
533402894
264873874
410925030
772508778
761532712
605806944
352773476
637505642
875166966
367388003
175200498
712978900
106910707
509500655
399713851
682524272
100760127
204532139
663448974
33920758
469474200
798137366
920345920
172703384
475461851
671627550
377942264
344921212
214249447
985833580
465719711
920936241
628542348
198426471
111401839
830785513
22734701
689446832
497835254
12595757
227715762
347121312
253935004
480722704
316730470
195505427
795667966
236974328
863879079
378165781
600113814
717669959
169174047
284005509
42991895
381370068
346083966
866991489
546644777
712036719
584182762
62575609
749329915
205032663
964992407
27683607
40890010
507101759
788045285
197901401
472054885
710838158
861149892
878287874
925313089
498892965
247462322
695855058
933285927
441220105
33993240
714702767
907445632
168502185
131220963
611067738
293600894
962626949
378642592
162036377
631182326
384324870
97501550
335503656
891584549
629491174
6846392
142275322
814563518
308784289
419327956
799942001
709592997
407103696
358444515
477429885
969913019
153825877
880160444
235944249
302271434
685302711
540912405
333638113
987894994
768355956
207018597
347138813
764178918
414771103
726631797
103712776
681587233
961526784
444712236
106716201
621231502
857121999
601355360
474685400
187344480
174619190
387285562
137544066
428287985
368493648
94260128
945971809
611460117
680849556
654009267
361351576
716315684
633173616
816637818
712813674
523946696
820875040
347849032
129403423
224196518
479903794
794518726
660245475
157454995
684301673
714507220
558496860
580576928
644088124
114894013
540632260
95926285
854048532
713006254
323896734
627784323
429441596
300216335
849348883
478408348
67958388
228394421
631388981
27076315
737545680
794337059
832340848
598521485
939272482
271491417
499107332
104350852
384704947
805262474
45977777
440057564
281609636
858076122
9046125
475798639
164102494
411385007
608669604
92561196
189829822
943876144
352900191
961065523
136053090
111160478
691054124
560225474
350191807
235193417
227519581
100909336
199957144
108570559
268898639
832236380
890143647
770896896
469194179
191107386
933300374
243909599
679591159
322907802
611609451
951224302
414441062
275033938
134879722
754273001
122490654
411164671
320999666
471825278
894362688
173894112
578929528
33971072
693597398
925869526
265249269
649446348
283736539
188131638
412159832
205082936
378442094
484133924
448578762
262835940
847873286
395107014
427094902
197952351
492544645
679112816
326250906
744561210
886599165
241188542
966470895
884669934
627109215
429347133
118544773
941359616
625002140
635689709
36957869
666986650
756370618
924844279
163308094
173194863
666589702
103831653
193113778
282308265
318645744
833462897
583008546
650046909
870521454
282214920
562041003
886480696
405901634
917965133
490720484
39925789
427928011
255741056
452712929
487912711
815957806
923398019
52911626
940455645
546229499
402928543
586123456
559876636
861717516
569682502
88571555
529568569
771482950
269586190
491579850
559640916
145828371
99039233
165106108
953767457
288641492
495363762
531300427
840290161
888069460
314722399
676447187
553560666
207696210
194664856
789416792
921526301
855082398
334478615
34558665
753394717
61488531
28193603
204038465
562747508
643030100
542492505
988674355
573604157
197344153
446398749
736437785
125740491
944390949
383876732
644899198
310223057
231572218
149977880
247398690
886456023
717011849
989174859
305037659
328418479
539538033
387237441
947415456
596622924
319022933
670318012
716388372
58439909
148440689
959485969
303973296
656514195
828513638
233057961
219205765
238125461
389889355
404503307
194514321
200725673
351623063
287800849
400490116
577484850
618675628
946221348
448884677
290473431
306543802
892393201
252369780
410829058
664018928
707955376
813041347
364974248
278918553
867531215
555236409
511990364
906674044
298995521
247582943
375738524
985158509
630222826
460223309
80333314
216577576
768580865
195165304
946476677
357159820
397566289
942878553
849318806
293442445
961076038
947445666
120357362
105458881
500354762
284155521
124230043
935539905
221289339
944973699
671889400
527250556
361779845
456910311
627735531
660453419
20609400
942267404
599042353
147375734
339543625
833478360
626291202
771241822
974124744
533942631
141127787
674208530
92190177
591829795
590527492
136312381
901086798
223077582
386120388
2859167
534909732
108763165
46090573
507306084
954252624
26443183
8377929
334039467
957536280
920234028
292210733
845215577
7537086
611547365
615589199
521573096
315992033
210316842
624747975
411024746
410513440
119495733
628742315
880923244
559857179
110374828
518098762
836741631
961886201
185251920
985485005
655710362
696858422
224172765
323667259
954560014
217549115
318155021
695698261
196378378
582621205
492971175
979763389
65957614
250772593
347437834
479961749
805767803
934882639
778890487
591014461
619801785
583186069
425003746
436484479
995042656
132124943
827047232
862698649
10785478
648300833
474315109
77738849
883479624
805596226
189066379
46984182
556580955
354333791
40417896
253552764
19304558
223308829
152630502
971973110
212463391
711188473
816167605
535084343
344079612
162131669
229139153
2619003
443873214
892852517
664209167
739265676
219990346
676426240
39695664
198919887
600888369
16172192
29276680
157589721
328062913
39750063
683811976
964626908
540000445
731212847
86813854
833125480
204440290
76297113
670570928
548476104
602062764
117242517
972647178
752391449
45532721
477792446
77236011
533580735
158398439
420659437
152891521
509195942
361124651
310684588
215540792
456598065
29665079
744295703
376513911
286984304
263479019
946861839
72413759
402266389
492983673
85576520
833160034
849901802
422590736
743120474
695962888
691948475
199591770
494015884
634698071
844511467
256490463
743248691
295388604
456729487
681141152
9120528
795203467
916296884
824487898
816603819
354164680
138895020
610816885
914938508
300888863
922546611
274211834
827517654
288127386
869692102
386421405
103859202
451197501
779160467
193182989
177215335
133334112
675234656
466632735
131645326
956699594
260976364
21186605
295061644
244760049
601115282
938636365
349946175
87454639
765845128
443029379
665156115
404671793
939892089
195304388
455672801
289589927
176737175
434651246
416573537
508057172
495772834
290100498
242574356
903928767
311052825
426820
244319734
31676368
774995304
991972384
193765179
300870539
125398080
316918680
179809082
563967068
795781716
307977698
602300227
990491803
676251452
90953563
346819184
14081077
154353668
521294093
536537279
338146001
815001833
233843232
622493209
245544584
74194170
866870112
74633618
602447980
556640393
975944127
953679317
474436791
893419679
989011847
663635140
297597800
91115027
647410559
99354675
253930462
142315934
601486980
470005508
658255132
119184749
572923251
967055684
456325900
704464241
806594949
302083671
173324579
612941480
915860495
587981596
752216748
670445997
529783655
387946855
493033101
470468778
377727289
340845593
11645754
432537156
493302413
62726013
563929227
387554755
814350831
87328514
382794185
424148148
57324124
900444192
616158573
441962256
374591119
139916076
845948512
304416356
721348475
135444444
945567891
395597394
503223692
378545008
8624178
41637030
463816897
219489561
272751596
602435527
870481243
292421548
474661400
278197458
862962671
996085904
965153794
850271405
313135746
948569206
325574884
733326252
576930499
881778957
568544858
410835011
287414187
190371779
156747315
625198205
160858488
749953725
871063329
625072996
266508278
692133660
59491522
762154042
122145953
676807390
525856234
139321401
206182022
575531946
391968598
268399630
917239548
509838734
219032737
138178644
643441713
927483580
484334720
335489871
686454117
569925373
120063612
285738519
179828595
938522103
665606595
374532242
166449504
240769932
918481215
176982790
785899317
984882023
563991435
648398133
792113560
245061761
117258623
860409753
497872480
887759080
690824783
758731688
94431829
263229824
498913044
706883065
978983696
991898281
248452168
28383955
992789698
813171249
563310507
112306716
958821298
944603567
816883289
782568609
256949370
599801296
447675208
130614424
776717289
367463095
1983293
115112985
382076712
818784776
804465824
896791371
546160174
67923525
613647628
74756209
643254014
115885320
228638367
385754632
836947841
580427460
891235720
115756442
945808613
729096034
379380533
822281953
185547504
81673353
719641895
212427847
855112831
825171414
531789488
613259265
863675185
690409925
707025369
109367573
344983716
60574549
844118986
558489876
130106667
424918910
273797378
379357891
974128547
987822735
734952556
267255693
825160181
286908663
758722501
637614854
876883866
521256994
73956878
846079273
76199888
332822117
915726639
553941511
269854057
924735338
907463929
981239803
119004435
686781927
971863169
961367192
57686952
263364926
763400826
804290184
614821632
574809065
106943594
86978150
672105420
349957950
508673093
89503990
847904923
830053799
495779989
837538396
284928703
702558357
107562792
525233216
514219037
792033808
824836348
79221790
566732131
559769417
977139929
126205023
705522439
910369773
331106033
114685183
172938433
776214499
241668983
987773948
858843697
602068582
146031424
98195191
155688269
197732538
231321147
810401953
650552994
778736761
319266895
23060882
36416866
298718740
101400449
634077144
474424972
617360704
6867071
813846566
140990944
854183800
106987690
433835874
475819348
66463815
636510411
975034270
32296226
920670295
398967210
19406654
574957226
831655727
141093539
89474719
242829865
547252185
781735877
211960710
397225062
154008953
735480852
324642575
215791415
144110019
283068476
810134007
59702939
768750621
227712926
618467112
980429151
377720088
713541323
184639664
545575310
554206482
660408721
529194460
328281977
436784522
705528966
42107752
525436758
693677015
422783218
280500716
843859614
231583179
471165692
691113789
975547570
541790314
44753837
350738822
108196781
963641823
827290707
838947563
821042349
998065299
973092200
409778903
479689352
440388263
714983465
4612666
584779142
883359477
545808926
674196530
65771305
573345943
722697561
803497466
127925303
295521257
390610020
515653916
236370178
465533202
422565693
201726376
975765916
712281790
635626144
836161590
432223889
748414171
140492013
479140836
388235203
858851202
135579729
935669833
271702380
315291777
135642772
4382737
901939730
826568170
520423547
944764529
242785689
212705398
881634113
275601033
490285351
708664661
636844807
420764760
657654842
487881400
334420731
627660415
692175217
882319955
462658907
336649988
69317042
963146297
221988501
626173270
833488452
986098079
343407367
321517918
440639769
349762183
980737753
337788102
200190598
585959073
952826401
761958206
215413499
388066714
862218586
752300839
652413815
163176249
765966991
432705749
609074937
345665958
919209817
249395745
995653602
551515774
683000226
798625640
559611552
623875707
896615665
264332389
217103567
619661984
844942293
797278015
599606421
901708232
847208313
422823518
911427351
185696360
473988334
705760030
719993012
94379998
389049273
375248490
798341034
506494396
457752157
718221956
509004536
109124654
634197708
92930230
323710214
284333027
61993736
808248850
572715026
703201755
21106649
20350620
522371265
392513849
683821345
578060410
307145737
190772456
14406372
486435566
222694814
669870395
927856009
514198770
931664966
14535374
864711719
323485622
885053551
793927050
492314192
682891499
592567867
452912259
127316147
148537521
851723639
674261026
269588322
570792964
818744670
130226909
521857383
289099387
295201990
740747616
308825726
906997490
521903710
406164769
384878713
249259975
160661237
658201870
979630231
874711421
644061014
173362984
488568351
147659705
565812944
717546248
501603766
159617631
414229158
127068719
964240095
26065049
258010398
967294519
391421116
733941456
141512581
203551436
665840432
3562215
253797591
477190036
479069837
345074649
96108326
7739462
713184786
824904842
165522014
117837625
478049470
26577735
223443727
917285510
789245365
657031185
866855251
522985982
605978778
201231030
969126047
114041734
466288786
561366000
587420248
462365184
770045402
582863427
618026998
544768096
430995203
68245933
111759973
86458824
555782922
245661366
462436803
945691346
124122897
896526531
988871369
958024312
289122356
346486197
37342718
853219650
803835178
672530399
307899949
735697735
78308830
955355937
857363040
425930106
250083323
63205230
264102436
407307869
611644775
439273398
550512767
466345028
298701095
256770182
362563919
998747054
908436579
878521967
157226646
956589288
724876214
844831718
739900005
431779894
108000297
215487270
862387801
29818174
751243853
674077185
582439120
218735223
217914035
307688185
67203420
940306407
8902996
842272942
171965832
770276321
358387079
48067798
243364849
535427463
366266115
414744587
717919951
508275281
912318828
703688613
229654596
416765836
263951673
538800395
341553149
207622790
528255980
50834875
754702449
254037008
576287499
911475089
96421967
908924150
342894273
157328778
332649580
194654217
274114722
834334381
376262131
756791875
614677954
978778269
950298426
245012664
801822954
248866221
611451732
77676580
387447532
255273822
568077542
769883279
888910600
396962525
801197531
576865803
235284780
700942475
449168133
802241862
210459688
803646943
717212211
286071529
251331839
107983322
702169549
4449306
294335477
770229913
495894681
389710988
303026972
18558203
705661883
130620171
305488313
615705986
631927678
983548178
804629589
565404720
949966232
48210506
934386129
851249109
636802065
250291769
724984158
673635413
809759439
279256176
33079399
392879828
886085034
444848127
293774198
865574765
761094691
774116014
807389944
184930132
858161171
771442237
652138696
427865924
318168681
981801200
661990578
21999346
634109536
779183750
340959106
653008834
543717131
71669442
372375656
105905158
91304960
24533373
478301691
205076777
793415986
46078883
214838522
594415335
11972149
89120623
982854727
825025999
975142535
203258770
246951394
958829523
927039434
812448233
339012475
816615437
442050152
946095946
118885961
954244783
64647032
926218256
485374323
697719967
105204852
472733238
489665031
216265827
928698164
995301642
138693825
358977336
577047404
71788984
928337889
893843157
402485191
228391344
38626681
312123114
686405988
686378170
46923537
551359295
999968622
527240092
788881720
811423109
220582112
642421312
701924782
137155914
709637384
963781384
597033436
26680573
325709447
676119366
291956046
649425334
259322984
329469234
452486334
928903253
74229162
762347180
488896292
58252115
542452611
750984652
785166173
81442671
777311030
787266828
823790888
4545652
234968557
417339214
311205719
805224194
430571775
997448977
552368281
136189442
920232197
991953768
168087807
512139170
199438342
330229890
314632965
99231852
808890122
568047063
245209456
511910237
585996307
951500206
299633532
722003108
531811664
841162684
38276582
244947364
735377533
392380477
682776813
286998787
965073155
172173421
250021333
311748891
675075965
313664692
935360212
493527228
917208772
225943599
119944834
769554635
621421155
85404324
323399134
208986868
822412565
79885821
332084042
772002395
503600185
709027040
10208319
360455499
296185576
440925528
555764351
656274885
947250144
290269948
521415820
176466903
330698146
129199738
26200361
66811509
500006040
954809461
387198723
20692345
30466841
587498193
702134623
150668185
966555427
410964069
475405101
788637602
901781603
828123792
713390619
358227039
212755419
997494439
116730486
703023146
827905529
212346223
234575686
347200716
480524356
238318268
628635740
64907144
44094112
718159973
612805316
376095473
854788695
836676404
286285538
64358353
185803669
277433810
739263387
179859598
456147555
166107747
683646781
257877995
370725716
512944749
44675581
7647667
608865848
194704924
945279621
678906243
527866617
8338183
241796036
980189992
972897470
304583814
984331062
244359683
367782207
590218848
111467918
713799212
768333128
711623739
38814022
529862372
348488569
580501300
988731189
904224483
325301176
631231252
401545720
178537158
19136216
672441045
56389417
543289709
399917494
204290591
993105446
49891118
730375283
640299831
65925859
514823558
838552940
654557695
4127388
482982837
409014797
313970228
716237377
282163527
811266732
564063214
824758374
697230145
206312122
537024890
546790493
9261555
560644172
890693025
199125911
162472513
718820579
323341021
947657781
460075466
396677516
203459015
588981777
716147233
952024733
485589462
483489996
648515777
393839601
556741137
510970503
212279012
955053935
662458712
730929400
924044056
63173949
32425188
711718140
574100597
786213934
566548680
111610280
796874989
220695209
505570593
651646340
978539405
988422648
257002123
98863262
531627963
851177824
515526926
224060342
254149756
541960266
969447277
308237536
449472371
584118593
250645180
156992752
869484784
901915350
128139729
91254422
978742414
620628315
421915419
997319772
378406561
955650933
246285135
608198793
527715112
576378736
988554482
691634524
385154616
858764568
564973379
673739000
191836396
920606808
915027698
590939226
384882765
735584814
838231303
29130906
374049014
873110044
697702841
386349765
889698982
806710400
977895378
721968488
707748107
453310615
950103408
13710506
585202581
265183236
785024816
997119123
369322795
320211595
271452126
766367964
481935177
369794705
59037467
297861802
981754589
857540751
928972348
517501018
188423275
844890107
238513022
868546824
689417748
84667872
355671940
885560479
104548803
680961178
338302822
605522432
43742137
173074711
945885564
26160397
71453743
468123951
556033532
191338791
950907683
585846829
617911694
860180352
488783100
643519762
234428628
81717254
830135350
550583025
286169561
361097094
932026365
800334759
616387493
348641880
254512283
153556514
867286872
792530453
627160123
91414419
372621390
365191722
574459353
94435754
33551024
837019641
279077424
893108540
30511568
203644732
695487639
201747414
616978516
116119770
430970475
241628759
716555550
975131904
577234450
673399211
992200574
70029847
808943692
432252426
343579756
436728074
730020966
427398744
337682027
248415142
135492440
766006016
781330993
333194112
705993413
952773765
214020146
474810849
282849665
665633505
151356305
681478714
736635799
443189648
506900914
987083510
503273803
869181207
212390919
561565523
36998261
447020930
804422834
626202391
580835350
13903270
268502135
672665696
313345203
302019492
140001312
629072481
629141690
1757642
539604886
719937098
588835000
532468349
496941414
305587904
662066944
82648264
939998943
285998035
751616695
657240061
520416387
592308066
877695369
399804884
975299033
177759252
238142563
69002794
647808444
924958723
17201768
896093275
498077849
95112857
177251744
265516385
169096643
703738825
453329047
636673594
575882305
14067687
702621408
976679448
798702671
900338265
270555547
141821390
775579194
356717992
622885589
971182238
591297698
205001235
784444517
33316228
80060233
42999260
482967540
88321737
490256911
451120080
704610945
376991306
185542086
772856416
739748782
836410053
295816854
753527300
511525172
822033106
766721262
660773352
82746863
823206501
819121844
479578029
489678581
477689014
723185200
778145781
907140930
427100702
693070222
608579762
930016251
75888885
330784138
329161565
845313150
59010903
679286789
303106619
598362416
436377980
771924019
3674871
863576268
730129047
835653632
458231071
280911761
788666075
210389597
439591356
213590335
522025442
273651424
994938611
431515043
943997186
70754566
155013018
834569513
906178414
270585005
280052129
103294269
114962108
129308114
368490246
628228501
425678771
667104712
793568197
548209970
771808312
33987009
503502443
70856244
838339717
380979931
137305478
941042884
410115631
365571911
201316365
686188453
619381214
29155569
540605145
131648647
271759506
546715149
813072876
768325125
317869921
365558991
699131981
684732466
934415787
148962802
306721264
371533188
728752945
412633226
331156859
693822946
846488774
260768737
43081709
536558186
959345834
457882562
753926432
303901922
290421830
748060395
459732135
457592811
56241640
70374297
653443002
208522821
856381926
579085375
126631637
920123801
736143365
242574827
772320425
603594464
978474540
228202303
631495439
4793147
941710762
730362308
578194314
708797341
847982392
672423061
852773343
271702607
363091582
175093433
942721588
625252313
658810686
957896606
824749101
782147885
596166125
928087461
13626467
924635474
944410187
495057949
676833965
480314572
448832612
906870250
981285039
646139994
892932906
85205898
273940722
986354394
234627988
309691649
859619473
172338793
37640004
538646080
223045397
694070466
696023711
553257674
949589237
333835243
363310392
185830013
853495476
778145419
757033298
187452844
90388450
972748754
319583971
825241082
986556760
683352440
649142413
450190719
497579686
590195959
518017105
624997419
691050855
483987147
531724014
431065903
301423522
228723692
49577216
894820889
981873279
691546313
174997047
260157297
535248931
519766349
746309269
477705767
79695884
613081436
244948990
790326289
400351186
640045148
321420608
98686674
501335258
925829371
301061074
776826314
787007025
339033976
974911663
451393692
754010064
19889165
974215141
223028166
930484743
750896814
453433171
77334506
200920869
638092829
444061241
766830767
112389647
878082481
77283731
791064066
934621628
234608123
460529871
763196440
242805810
95274296
793882729
550656409
923093136
35713670
282795015
800258215
621239846
471581311
355362366
95669377
553616892
436592637
21228859
33414156
836895900
385060328
378801407
977201389
834133378
922758632
994626793
73735306
835004376
26902267
63292785
100015613
238548728
934641948
115513579
960191940
178612285
633012155
235333059
630585747
329718213
186508864
214610015
74297458
608286340
649721616
963953649
594820871
277545433
280308703
995777490
416895774
892385719
851952684
570617937
475570320
681882412
763622608
59312547
926645921
894708831
70567668
902289728
990838961
757598796
765611510
782323904
752450075
315882093
391068468
651867333
320939910
538612125
645887226
433880528
863636025
967092747
164181372
551982539
420065255
24519276
343296503
781434792
869767192
619037406
478497326
558120926
634338887
398862743
740648050
757857532
349288398
908759454
86739219
804171862
853285872
566004040
807584392
949697553
932302965
353412814
970206125
731215602
717612586
932480609
916654544
777753710
278845817
457426431
562287458
337250335
141713075
441625262
68349139
108806591
727209538
870588836
432041126
978727497
960366706
152954396
217996004
776057038
536880850
62238959
117256585
455270183
97103606
6588752
97847582
60153596
658498373
152746358
968112688
315041406
354516756
898561814
318932282
301040991
16894927
227440812
304296958
344736445
899698860
359482108
724628954
554873582
191275448
17669096
544788117
371784488
793311271
856378310
535717027
105269704
667052566
989323660
116598336
357313701
757752588
947985845
266582606
565208926
331334377
674996730
725912112
278428760
323032022
855457856
540423817
899166976
345011611
808721818
732482547
705675957
600294810
689344847
276331031
768076970
214458612
564807740
874699276
539982222
144238942
135025056
226504916
499696225
420882869
471619699
683188620
391376593
534250921
583820993
852056722
459456777
814188299
39015027
708766856
561401195
517325274
606199776
855571833
244475208
857216545
481509708
445125250
474599131
755957419
857796284
61207423
971211590
180486198
183924946
568733480
262164960
604320855
457302698
783958614
557751353
231051890
331568748
20093121
824941502
476754123
401350379
575768413
862599242
946998589
92073983
524288746
443404338
152053571
982504896
203410956
770225034
239804285
292335809
844590813
469740088
319857204
896573541
2859721
566144599
78942058
917065173
441436878
274834958
168157175
596431746
504062230
90348575
786398608
274605399
258907667
49085310
735184128
778821602
33488007
742250580
380869238
658926704
123882388
944927659
249408328
394908043
990864579
307670765
817853873
304740768
295502887
590803473
140252825
342314092
540756375
17834446
539746606
57364253
562580773
204933133
947072862
473106947
765327798
968682438
328204687
393380292
762370945
849862715
964384079
163090414
161155384
983740175
689345658
771690478
284356351
632873591
437683749
458708459
84446192
958540511
108417822
120290094
931138223
926224658
470300365
653441516
915663576
95247812
151844042
565938298
508284365
290307564
15350186
700649269
175648909
781045172
93290850
768662166
992112035
493248336
188631732
534224078
120793669
400652176
2520020
762980768
658139694
631428098
640401326
777274044
300238134
165022157
932197443
410859220
416374602
296294757
274937802
246639780
230704521
372296914
846127516
580742814
203735397
95685453
48671448
974751074
253705782
553064564
94580511
533375245
70013148
228119978
894608585
968517559
315041798
169415465
727457710
433974229
278069058
809521635
632369433
831249273
10932561
51797897
998050785
56788709
854274964
446180405
600438732
894318665
774038029
921851842
246887817
587976415
954787641
516489824
583582971
560323849
601413386
303884485
711972166
981664033
638452507
129580905
350603570
659938061
630072983
139830399
62723046
837924932
474601545
730090099
681697430
172074842
420092324
773558276
769346908
987787115
45672208
612445333
929839309
589152832
702965239
435037878
56393333
589468789
598376899
940435631
126677576
644309775
91500248
499043912
577354970
378292138
617267137
420649625
922646894
606780584
107946599
926039263
570214821
207054726
761807522
120819475
214786229
762121538
73585442
353279030
563740470
696385032
500045955
540634452
744460624
991598258
28580646
24842331
886435677
116664696
174578383
453595411
537634322
863909822
659959418
937856394
996891554
849513539
338618150
713757005
381762318
799381849
592222805
810140673
249112752
95596942
249975075
38873286
303101919
878426115
644836766
641549319
113341297
745663102
959500981
416853354
2851523
989166825
475171369
104981445
71983074
875794701
179772230
424160963
900481863
697263089
768806063
244561800
307222100
853925356
446925741
489151491
401246353
237975529
973870511
301775352
126261964
271982769
164851430
324435499
870280046
351476999
762831420
201617984
774450134
954210268
239819552
672137740
307289393
542668308
93299646
597239856
941989519
52939720
558891139
716745585
558248739
811440827
49233765
267523205
754917926
849293811
476456731
823482640
416078643
345971305
148115109
398402172
444447114
679045254
774565114
779219855
835035207
844623476
421100343
721202243
100104400
653970212
271306405
494699695
611342792
634806505
518645030
67778196
639251099
692576779
728061986
805002444
814946150
678578595
702507601
320154354
487076726
774053625
213613350
354066104
960495017
106673006
363012169
713975321
298758683
448095203
862110244
599143595
845763776
316221360
339797296
646482261
66866917
601186315
182358722
158839162
2012475
641966103
546933152
650837136
89277165
127667250
69623651
770013988
436779175
906106412
399790059
652908433
628428615
248552290
628221597
838968756
913006151
252632183
216087177
614527660
414952117
93639290
330565325
328948329
629358747
652723285
45983244
322440912
61367828
781198452
649015451
982292742
671467196
301123298
589635886
450369585
94998367
248830210
628111324
428711802
24897429
727133147
644172175
349523926
863825509
166364468
864873372
623528080
873372676
968570759
866568231
76398596
965010980
712061035
438460450
168855997
837866756
807819483
899816837
299940850
667569760
96306390
291420660
835402589
863776003
291942841
971992050
832859220
217951036
150067641
83324716
4956533
14865091
759537194
22405046
660444233
524233964
429989708
389152099
275013634
894840427
509854224
389007338
911333766
359037490
595631996
88182883
846955576
960292698
90039540
529530117
17892662
480006354
801023208
384442903
81949842
500570885
394841678
568489476
302991156
264361946
951418640
358746679
658850929
977834532
440460302
512447101
465177596
960886840
284409931
71289130
633824988
628226688
57621935
513877491
961517385
901020957
327909616
577252041
820788323
527041864
800704866
698329988
147374494
695339845
773208027
261184347
149360939
294442025
65006236
375191545
633001818
733506897
853485980
348957258
69978035
849839075
357736926
74107820
760644030
210335630
217548711
556779030
423587490
678819270
443968985
729470889
794704447
135509455
453218856
397503455
909475258
411114536
73928484
193576173
73098153
515608604
500433543
661272384
784534568
270873716
132225492
593699178
76930254
97237672
779627903
337609636
202617937
630038294
68670853
996458796
174968810
918575172
426349470
596190012
610105666
348150387
13005105
815093360
808914398
314285028
192429667
808822565
182505325
3550894
954897424
435069279
364324998
920151237
37601586
391388413
556326838
4594766
4484023
701290475
730926928
209386990
654977232
85583144
451141138
380642270
781329884
255444217
530547748
569379522
455830797
447328095
561218906
540547898
879409474
432874640
348221905
156318640
919033654
288467694
767835877
613533572
395089787
760259120
256260120
21350922
185005951
544737725
197829825
213799502
321565844
92975345
229755426
148804623
575635654
888117598
925091166
143079506
275941057
276216842
180150341
341299050
771928982
47470055
778784696
922150958
491420204
359265767
422913787
801288
933249099
620682108
184745603
938090925
316358346
828302364
559152193
23116242
769949055
10640543
249027236
368193383
816570561
174734160
600209245
917140620
414392971
788656196
695202320
424022914
581483707
55855576
107380161
560734978
425106392
775431032
573047958
803570322
42634640
959625754
121164058
454411931
679275587
150642538
859424260
888531280
304940700
394570044
248641985
408111253
941858130
156883305
670266549
628918385
936019444
162392138
532893704
266366563
254744403
154023408
902186384
60152889
641069581
672999634
103468307
336662197
945828573
277485212
916259347
591946909
72757899
970994889
825380611
895981352
916356501
927735090
860297043
944678285
99202146
263717287
433886361
518859967
140604975
389450455
28816551
607549475
136975890
981806028
829862605
47343329
94083859
906016007
710134696
291255890
847937075
87127511
9226846
312703771
563713926
336072228
434191721
583064161
393958474
675505077
555820083
817835922
420090171
633050665
724120968
337742916
185794421
895656277
401958052
55814228
970759293
704091727
316862530
766042978
423385762
546082529
230058746
756936123
434715472
938743631
558706296
795933991
135541488
969627084
196935699
706059597
990682518
917651788
894071714
957072527
218058973
216996636
314273151
391158713
635645451
664912548
627257998
659253573
689330452
224488822
6521831
464382050
28159424
86987940
157355061
291771190
612283474
932887863
502900322
744718301
519088390
699810927
949570755
386620705
190502433
653761124
757439246
620628316
766520928
308256134
672429714
124668
854210217
798299129
98869564
85174999
596360932
480617383
161864846
985580482
758878451
842778687
683150141
704221551
780667345
882251652
650908895
78540521
341690858
501727934
366843134
573256862
588485704
485504675
34933054
468019228
967767066
97550079
476491135
199693435
839697904
453171488
143089422
779331976
288606776
459978966
661865375
649370475
423015013
835175777
837319446
112743565
772892812
641794448
702843328
644551859
704883367
570637373
261111968
919136854
985651099
987788186
420539553
391783896
869172650
504935125
999658534
71027881
840365895
830843028
88040311
835314293
959587771
285417269
262081219
614404310
989993427
581338828
174653400
302887216
700171731
131396855
901425313
298777313
248071873
312009093
387964932
47142083
726745518
450030500
610285787
731009931
961176504
706609385
639340355
527566798
770761948
845345558
347544239
641959273
633403530
255989169
464142551
231354840
521273430
399298856
727305149
373106108
371291699
297955964
370834400
9758034
918902048
561363006
845139549
76071198
804251992
250075869
973333975
611103052
508040418
527234685
576263717
494780723
566814875
912018750
806120985
435714709
557415949
886125553
535390358
479313028
108734178
178917856
979685611
326483430
502265551
620873063
532910006
842068263
626096509
234128430
802205465
466231393
544700195
67769466
612781314
390751816
498306921
231948776
908763885
914089914
604928750
257009364
299666087
396220899
979812871
354987270
645363663
532543126
657500872
166214366
425102812
321450160
333264858
635012266
941275167
772953921
379048798
254772445
925742431
272337130
703165578
696401659
30519074
841729413
237829204
676465224
632021874
167986952
142919863
186365446
591338945
64606459
88858479
195614632
653959688
747005377
657027174
656158152
402862992
19305700
827090512
678132811
452522955
426194472
441277683
631831765
430227223
506949147
103147108
367648043
654392408
653584014
165110554
553336279
819440542
92139673
996051649
43495474
707329547
108110084
184898407
763885792
790097590
660290226
455980666
69014434
262572079
394443547
94692884
347424752
557144771
191677547
321032627
176404877
163928500
145974498
4445349
430640114
115810175
205133257
745134032
653333428
759469284
176580179
828966239
313624846
244787698
84572745
269630077
803045319
237869132
363509004
130467108
99933069
864612615
814750279
689002825
766638616
537162744
96082484
690168944
718857542
729071244
231088494
314434568
799728576
703181510
761068909
901282187
588439657
659598949
795879554
60528759
708641821
111334970
591378580
481396190
433435400
417934122
973854060
888500408
143443478
581629856
876441886
440248610
785541620
643486604
20005231
537178724
438955110
797146854
827013226
983671029
445703100
148971823
582025224
204143842
792042110
484560825
892021725
37596325
923979409
27544084
400214013
724557571
953547817
229446874
736637362
105149616
557271546
700822698
189058898
842736261
985662878
707377710
735421590
999990850
866563231
137437196
230280260
881985504
245699118
235212588
559800915
363099536
302685762
13411867
471940400
383454794
573308526
610290683
119555327
974909179
699289212
35441869
11891356
108614342
197679164
594642517
8309194
553324536
84315307
767909139
298654485
489721605
281140801
958385481
457028226
41947774
597112750
508981799
9121283
666985487
131534527
62992617
521775860
419786433
765318311
119014110
816276972
693293843
432708850
556140262
526646768
696589077
69386815
297177862
558501297
119302056
296429210
194615734
703466172
276628926
317411730
78717943
640533165
687480008
227651642
231576053
443954090
89351670
725809905
133508913
661880939
951684058
154152109
564075652
53083407
169637954
845698450
224091567
691511152
617062854
370888844
721026288
205259812
770210567
523547688
949000449
544149599
223821912
59516792
763408688
993358396
705910941
696344109
360627047
238435039
457545089
360346334
618331683
477760642
261764108
241483830
542688984
379804587
561805065
835652065
861737793
565012021
335332944
429732439
451261748
41015679
191281034
463950713
583090912
921602461
98622825
195778722
340796295
931050003
653546371
779482587
843756246
306510196
85916341
683056842
106646583
677584578
368727420
509167788
177696907
718244387
103801112
156324921
805828920
93166408
362808336
231252293
987145882
760284089
312455413
640767155
22073771
993316724
953213409
171227868
521758387
898787790
360922517
173524766
321046404
50405718
823808764
8784920
670407367
675471898
364429925
205690545
782393065
22731424
549332536
46773987
700481166
427979513
474011366
610835851
751580882
298398497
823113194
194678402
330490415
91336702
119883513
776960333
821607721
623298419
463545131
371151636
805838721
185604687
681376648
970338965
103629273
632861605
70966244
953889820
476690258
666711652
479373670
209337627
637970745
769605297
382246744
40290279
21920076
56046591
792385841
533365694
218442127
322479636
583713259
934402014
944307378
111282839
982807702
902436520
614686724
285775645
47625733
561722269
523940624
417488895
30244059
320498682
452042233
571800048
145148633
871534031
893386826
653376555
449192104
711442837
230433284
291380079
126433614
373093948
540308163
950555177
975218929
485150413
81899347
922823243
802338594
876140505
613225294
932271365
909874596
98884889
860281848
62997517
21291729
935714914
356571671
785905574
96246690
608761597
511548564
82722792
315424841
207566885
69612052
628367908
4054516
904853064
514210251
847798052
309519523
348640559
137646182
241030183
737436471
605221112
558370122
113361090
662895048
476754173
120984424
290324118
812277523
999933224
333832100
894758819
122746889
109573016
813553666
861962159
486310877
849985882
436274241
409685059
388930364
935052779
118576295
476279841
142192711
482122979
402432223
135867951
690948222
498100448
576308181
744882225
798261364
330162446
584666182
565012170
569799731
419753384
274148465
595187368
815860992
405853678
522917792
889115785
756330779
65402813
320194497
269038144
651856402
772617040
474015663
384677921
488500789
236797909
274488757
450993326
492369664
223559579
738216905
72267455
372961187
458344583
634573281
293588301
200458423
134781582
748601334
364570599
531452784
797559626
365875430
597894791
159939064
520452273
603652877
462345411
704575575
14064090
418897979
108406751
184434458
977971295
469575923
204586570
668519582
273543752
583749773
756988727
794118810
339873108
107738383
745557482
866175078
321028420
407620411
912983829
283989329
338513629
907552511
108592528
8512822
818442477
305795456
799232711
945467751
410683617
750761473
802265961
590702246
768371186
73547368
365363198
679005357
560451892
653178719
234129258
370429374
655102560
806690603
809410199
507485861
520002738
587897674
260516813
943863319
534282082
21079704
118563743
118313941
424992873
103930692
948567514
846000690
951966523
808924540
568772394
911954057
560493003
684135512
293147687
557600946
464576771
849302063
106922712
691773149
326713646
323821593
371273687
502969460
206192829
32105380
838877378
529718065
603589235
998705491
883790977
729466242
522338579
634747766
421643705
240703014
344866823
292627604
273112869
299095974
77546792
526373755
516678107
98454465
800268964
520143644
523142933
881930578
708501110
960348190
617884627
573976203
864509299
838834925
615195316
568855642
761927074
748896810
751329495
130632216
850844354
944671972
868508261
763475108
463677605
870952934
369138937
859628640
371073989
809195286
868302061
597487812
817302743
419814629
765589418
224953286
826949201
784270858
845760261
845626164
228229838
829376575
118801080
723517144
616099963
790470640
308571486
6557958
547157121
432158373
847686887
851577152
230935013
669170418
480217848
713543859
289929161
349515660
366797812
245151829
893240387
198822217
834506865
166284631
658164209
54335615
415985242
172971441
824195461
431209563
503996327
799510781
216947608
958339822
206972265
119004909
503087145
796342873
914239021
370077381
645679344
257600765
980092765
536639242
712634174
435278721
289299742
635135441
44056436
730257331
823256966
397282407
28412081
13105978
401287920
302688404
601794094
266951618
464512058
72178648
323034530
988885487
204952458
668851358
912125017
180094388
812544196
459776847
702196043
113011542
647236369
983938684
386549534
586603907
813717316
720402590
291328970
754161181
477625409
338103126
412275245
63025410
698123513
275907498
260111737
754904502
602460040
768010347
718882805
983710000
252344068
68056276
66529196
174103456
861378821
759897515
548657063
39966882
486502333
882227733
75349724
879641196
356519386
622223030
367430781
759649919
53031501
838390717
331100860
393566773
292103762
787916898
505528514
525163748
465254788
51699950
173122202
381855807
117027431
41381303
158502767
463954015
718399259
716261283
542707946
69775902
384639917
560839131
896891804
650943241
836937502
795926992
11931251
386061847
651900918
723308209
854675187
131211563
672425385
382076377
801455885
761439727
649942321
555035313
98524415
631070108
514498826
440786717
994424490
737380304
557586016
647073812
820429011
121152710
691271493
386795587
145651607
10959082
781411486
815211121
789574971
630901180
367371567
984427761
567063735
537290019
899863451
439287333
488403879
701700944
980447644
525059470
536600012
556433057
919499252
547126225
238420485
677979534
254122464
5741813
75060577
172711184
590559231
300239403
842749007
49855135
798585476
614964789
638779259
522304930
890906271
477156298
37709543
3057454
986626124
413767100
631757257
248392868
71588436
5473139
783255786
975374980
260043127
369883945
153065863
212365072
870540371
363350331
428146980
588826359
364495914
400640337
969073774
254525501
777439804
483727714
199193857
727637566
816203115
163235287
431117790
736252911
878013831
183842436
719879718
906181707
9376857
814599967
748526645
958592796
569233569
946277169
911396482
404254650
739285343
457079243
868877861
94537110
609601049
109327455
659349463
130320340
486213801
39247998
837278238
154064216
24901196
867137151
670307816
109921865
513443624
138976705
419585218
851830997
455966780
684296958
114725349
601193025
622763467
996889394
522790476
65419360
256255516
996431808
302971128
105573466
925800127
129240365
875874129
169753665
497448276
927509371
818032634
921158670
477976447
380449734
554897896
59152596
820169400
877791242
108687705
619506278
902774547
43284377
836009333
495641746
940110391
82085909
359888403
346050603
995857286
950551122
317625339
487798838
525580763
39674688
738424153
102365648
220520299
524733124
949434806
273449905
27221864
620757977
277347361
199994697
750213596
153057996
482633363
512953610
452085163
212049956
204525334
61603024
296978307
333574454
25373995
866469530
237214047
485598178
675635960
850472887
862033448
712654900
531129416
207863488
547985448
834391118
827161559
616637538
552415399
8415921
984917972
85493837
915866887
742293189
707795483
74303888
158104995
644983215
892017106
456512162
119023500
213312044
227995818
790119857
427860524
289419630
680372800
987479377
996740824
389244860
492319352
625141123
600880857
190510933
76281908
137188007
732110686
544205395
523132043
103612751
68161575
937655702
647991541
156039557
964145577
326734953
162688938
265515173
375903268
305620132
124682533
530281603
296660232
898556807
721424248
397935673
542313503
21840989
518840832
23784614
649656912
316001134
127254044
749212335
565734160
443033391
97611197
563271468
470302796
729653171
664106328
844054991
941495678
871087571
953433195
325728189
996451750
749950280
328209444
96274119
221719813
261970014
230443121
579790700
803007000
95763982
972498444
754647186
345094059
851508861
926934862
575280773
110001192
586491093
348164067
580938897
761695929
914437413
167240485
981432406
74569031
239768758
471469031
922810833
150270874
406385579
581903267
595056403
808362075
533528921
730856212
725811278
502727186
633407066
844958486
536235367
717730169
505508397
438473394
642834222
534378327
526497643
765301697
37969103
517420499
290340155
10917119
118563592
479286573
324577333
806294070
332526979
498607071
824476182
363635299
155858514
123799519
37737029
523513567
350300230
844226266
266163498
953598592
252180600
396318796
242176080
533847684
162661016
150877870
258116661
318285873
32576385
90205166
986912597
768380795
897431909
753028952
218919570
19756491
735470749
634215199
19474256
732735606
227946720
590614286
297281356
628033299
527831700
709948464
381415927
168119537
306685171
315825187
237416735
700242973
492370474
215663902
941366531
928435262
569326109
254399472
987538823
22792184
766401154
516808296
146777496
544875606
562889256
441159255
172997500
15936355
962901820
507378615
47683875
637618313
473773182
575414816
152278093
260884932
906705042
169657918
164208523
993865456
939132443
86287964
857059502
554255804
943603188
679534953
887093190
280084247
447912614
381675731
117539713
485768512
421166543
621108036
465245437
360554741
884035533
774641130
791334381
369992155
92076938
148859977
460903763
972499808
610233066
955149324
604388342
622328200
794486613
177970594
972872704
106350960
290271762
56798248
405179515
471352240
589559889
354218450
993913016
542343952
326224911
415397131
534495483
421612213
386499919
306308302
297333150
876777062
361750109
864273635
9947404
891361702
486285757
983553437
692504923
472369221
364118526
976522810
757936334
783779067
832235843
46499248
454264270
855542327
273430328
748118722
674599773
380531383
81858378
838974712
471336671
403511952
250261287
87886156
781547108
104418839
350995816
149790431
101175832
108397795
996729893
839614925
95015764
477303454
65571587
230244893
91794922
479744953
30283796
278961758
133464016
85080968
39394908
155554349
375954012
435557556
17342900
968763685
424781576
286600391
650209827
532985205
578578697
446656209
707607430
482560460
349043250
319800393
399911523
269048917
454550650
458293709
964013330
106320829
430712097
408530283
760606044
668853514
417842540
566011761
878936449
187964168
46178859
262678089
941212330
52157047
513142596
626188436
553444938
907228058
798908747
267991555
772203609
677573840
548019086
45874018
359277663
553903778
3445652
470823377
676999392
131044418
7385038
255044816
26368604
904203482
590763702
530451584
707187835
762998666
780084535
303920595
582990216
302140666
918788607
564495035
752061319
802283224
899147889
467654988
773388708
112511993
35363328
977761123
76757459
22605772
264447342
463461209
433317171
228997974
86025904
224118816
521896790
93677148
880853994
209964203
850975350
184197249
838983400
60791235
467694337
220736399
743241850
705769262
312392008
146713731
313495502
84151984
890624663
745014455
786104346
371621793
587261128
705561463
786145447
492145126
361564496
87987707
52478568
259549229
74161191
2478240
196639989
836580935
292955538
749957878
603497673
546960352
268800043
511062583
632732379
900548647
934510228
296100132
184260007
40692386
94196716
446271774
146489106
892767059
685644104
480752131
519180548
918171228
716810351
345765356
342754017
334468930
363120706
322299600
879808821
966684512
4955044
71471359
366742839
57091097
323263385
87122427
507035854
857237298
643599572
208974921
294187490
254188514
725725879
63711602
459911496
801042526
765074724
72648446
981525072
497694102
607780469
681057491
20093097
93789208
842921960
381490766
281399753
712393349
303111356
598630419
21915721
262980000
848737400
975011329
795082527
441774025
496601218
120476348
231119828
809481339
770120878
876156808
915388949
953704419
348672235
211765262
760990592
141522413
251300556
260105760
346778168
889260034
829871405
454426945
678296004
392991777
168321420
247692690
956695114
318884350
57903143
355663980
289170076
528614957
16551306
10644693
548894743
625731390
522231681
914821285
2923759
657789773
540941250
942124366
644065621
906639536
286221055
795332804
401094825
358551494
94748622
206690383
284997506
287622592
176895991
694668958
55358975
819440891
159831641
371054742
509952630
636396571
770705303
816457588
706712396
600032545
337250294
305905763
210807789
99368658
929395048
637012491
236016957
559666168
768998745
389206792
263388527
918766000
733741765
695664683
258644233
185172824
336337078
622679084
61104618
548215937
535643405
616355184
845491810
638703878
528980953
61203051
421101440
62959497
120459158
520397000
666715358
701217283
399271662
35601211
736253490
310455854
293830716
660445782
4071401
297649318
711554185
533529388
246228812
11502995
741335470
957312785
979646919
585779641
839058008
570800300
29819098
852641151
332886106
435211750
550797840
737802005
602070109
741023283
822408550
645238292
524752906
422511708
364346925
609980693
533202699
40306659
721698562
325144710
56615876
216226409
576677369
570986563
564693584
315628794
429385035
871403442
394449266
582921843
262519273
982885805
673072332
417412509
462304248
608728119
269310882
33434121
920370099
51077888
263023914
6863659
250556383
813624314
458227466
532095995
293993874
446813340
884476127
451989508
305962543
170565079
673990314
670170112
639163244
281843437
758932906
850056172
370429988
998796762
201332227
248881397
231350910
899274234
854952310
981064092
206388626
21851999
709009945
928445473
576155947
20615916
809506335
688689879
639517001
781099036
144168797
931905016
788980303
388119045
15792703
345986147
52673298
556049367
112554745
47401249
957816834
349811507
809765382
267213759
121204007
299030491
791320797
5678918
944779689
304183249
358990341
698280709
892796982
535397215
327967498
484779308
23332756
396367215
74767868
40865583
308267548
13964811
867660190
488788367
391149866
401070923
70674141
449611875
494386092
253596376
462667230
730508146
921999349
203403918
227121863
987194733
152223907
163864282
385793201
781391064
995854812
307415627
233711247
76032962
659814046
96442535
300962474
282377546
354552343
955517795
238018797
412146640
284738518
213408572
29147915
400288397
517862869
543531733
584670653
597782861
891193695
508543222
854429404
911141187
298036100
14747267
323851252
943868220
241765771
10092128
671747097
539990325
996003504
248093894
297882771
81682792
928472961
680201563
340276201
975662757
283198129
228404805
632840161
872756954
777184035
95379953
484134127
119379714
405422039
522537679
768752260
254861462
614863052
492875212
60301749
270964831
195146540
653998591
622841894
447331345
39992288
59663122
899101434
198655810
185291258
680298947
121379452
773625897
993710724
673228215
658912461
493100594
609979268
338724403
533975693
830070462
207039402
286848433
649819036
303971516
686293007
325449965
943330979
475970682
541990793
396160108
771977619
189675019
487506426
291528408
687158300
53995771
382987812
590510683
646800702
91792268
277343411
514323320
345059068
364109175
771654819
306444770
919097887
411917418
16636946
387214256
707440966
520105879
818599623
199003945
208925939
608253477
554304476
163837677
814080789
716601851
884857821
133007499
910929908
973453929
54292967
59299566
563404736
271024423
732389055
151749369
766618522
320971204
618723750
556955847
177916547
690011941
226045338
510376933
477513572
419819757
963488492
354109883
400348131
648295505
444133319
429818751
635582743
409695947
529583417
226317488
524378499
85288329
362208958
734354730
582730326
369637652
390638473
545280886
718194699
212299019
144776484
725472964
807098368
330412947
309764941
327512
546097686
799719235
735634918
210744194
757622501
367627266
147254785
102199144
870292050
251833268
557504911
78988327
836031617
861553968
817625951
618691790
842938881
107873321
908381147
669918088
288582946
517324446
630725167
470744739
851521416
223834114
177537750
900012728
74539461
907546318
599308051
51109764
365159841
861806541
178445592
680073995
223002582
110148677
915511153
87230817
481820078
466050678
466750878
11830819
269664572
754855890
798133485
499540536
880615369
877703344
433734883
670282643
200661267
272867046
25425432
338689660
70692314
248675978
69547476
369861683
590393991
437126621
850416866
954616494
844614649
378111463
620031607
739390157
501613206
501690674
508433058
211836211
269021334
163826680
507173763
491833203
240778443
58851929
276389496
242551817
576110455
273321041
243540565
428465037
472439716
311095217
107693966
913107056
781488842
965193231
374531865
867833063
657241193
615445558
518751403
537400420
159143947
936333149
191195111
408058327
837353288
385471824
667137133
581353136
382990400
908979615
993957763
885675233
829090611
925346881
151133953
362965103
440530867
732429094
994894165
93897947
35850370
28641712
966791392
1428388
457614904
627193528
992000068
143911401
72784314
82494265
776851678
979264165
306914241
901587148
739695897
243093113
260181331
842029721
613264129
358719253
592966167
59672014
784915813
221276725
84424662
284329549
216581539
326017654
929540301
84846465
467376543
953532654
109305247
365706848
392012427
897094313
933804856
295293867
316841547
657361672
632495302
239304977
892163880
998145270
984385419
478457233
380887551
867362733
63318835
602470602
406636253
373184173
716904672
113890769
538307139
234032225
958364359
136058938
682676595
197864007
612858868
906424940
967654105
347635197
790924895
169742392
178983790
483662232
262040454
195368795
261664612
742030463
891664252
514209755
452560035
905893439
545574663
947814483
520722255
967467876
520548372
187805907
623319183
835781468
181862531
650788888
312896934
829617853
768682560
227878544
231720611
312188769
538340387
927250408
524602052
644913634
504403239
982428041
323230781
714725930
544742301
866390772
26628158
749960676
982753056
550500249
621047005
276813954
169584190
112759776
860827299
870952407
314300825
990765375
747109711
186756365
423925440
316936093
743818474
314437640
248952051
364498285
560555337
746839951
118962757
295301707
37391501
305028536
588661537
941081091
678605425
615031602
200789987
96475011
316958811
625211145
122525320
707374876
987614450
895243753
274324693
291344373
820991640
601872772
256554555
403740935
141245446
670291988
251848023
202068583
75265485
522400524
830100521
328294521
491798428
932635376
437007800
407756738
437691698
395528410
150843745
497466476
723453493
841998482
938130278
899794240
720973599
861015221
460684635
956351768
711730201
9319106
413752600
166508858
18287719
698456907
430827459
76588024
702028182
564215163
674034644
488521176
889417040
283634950
961612657
459762359
101323009
83872407
293189252
194216768
364512347
916761251
684127239
893184247
318208345
861395822
890369178
856982120
325943570
272821315
451258607
483344638
311633
199600012
136865185
944557625
65746725
986411695
643703938
415574686
763197129
917197954
562529174
325622783
565838732
377357882
525614117
886533393
467469876
445160877
266639718
44050277
981761415
882360711
252603204
648545208
972617737
619903524
483347100
936216949
695646186
402346015
783752378
137421387
905862523
592459540
66480554
799116099
812344960
720430765
875930664
947786270
692954288
305405994
565825339
385216106
780357797
579494366
316944447
630532258
415701160
978988630
372570779
129688025
85772462
295750515
605033442
698222070
953170311
436966604
369479463
759727313
680774541
132629276
127260665
170673237
823926514
124090983
965314630
289520105
312973514
753530388
731508227
537220079
516204137
649839482
90662831
629086647
766957247
257534683
534110354
465784999
63314458
878211420
282643281
100801096
371847023
815644205
183467967
73317649
150471051
379606711
934898951
54223005
980414427
48201507
232477780
236045067
2236038
292685591
424720032
138573984
993435139
769582834
70994070
320334761
999999947
470256472
720827319
545192072
49767091
390751287
803294377
957329385
896333359
274164916
460756669
833532580
929194196
303745596
907558248
708979999
729920079
871655794
671342837
373121131
85042206
588719523
870586604
250927390
542625203
896608317
635546594
578183016
24980420
179489696
312630261
376859244
455734661
391394965
263968504
306504200
465871035
8644078
733285578
162966691
105644096
632163429
149562604
209836098
254749598
386718499
530659056
739789118
273748706
61378409
324637802
791160880
561268200
246681261
229940592
303852856
170087150
390412992
506134735
608914994
865330199
782048303
932599922
605729212
122447670
422737220
715830120
374242986
168844994
330267788
3577810
939214237
886154805
79241145
507240453
381284537
629505830
828543575
96066336
493178221
927300937
127143472
77340979
872727244
811084950
541594143
754239825
708273260
935375289
223725434
10159078
267667509
120601092
814966581
530631169
80179155
776090929
591449538
814586867
186062505
400279213
601392063
133164944
773753969
104132494
804830313
34359649
920667981
563216306
8892939
478507337
685542504
32037901
448489525
49522918
34396373
122072744
759283769
810957988
408351102
775604219
159960375
189429988
409914554
441943416
103231438
994796623
965261403
989891836
881861040
915496756
983132678
653890563
98344022
416458619
234228293
689307912
300188993
610814930
627328132
416428814
30576763
400762500
231554466
926757237
878801334
469182464
773364369
291560452
722774020
838007393
90781516
961904986
326112156
412174541
494864334
475152237
888932461
538666938
471986438
441836869
823591347
849261238
396961693
535296749
305290911
914550771
570899808
838904308
210079231
527507556
393087676
278082637
644229557
240501889
991976586
814038038
315464677
838567271
906788458
756033941
854264519
198493832
601656794
460237024
851633175
899143470
163156991
878427019
357059973
194003887
930058899
561503243
597714436
436474032
612722828
987906927
980360129
439310602
319814471
776589068
924506716
132589357
789596339
350439741
444612679
105534551
915688223
660199925
800516692
817735741
863689218
742669787
266642274
40483396
329838068
484707066
730453058
728902379
805000443
873809225
796171239
132966540
4392871
817542588
989208999
198201421
785899286
26243862
341718562
510551960
527904097
741700331
885684710
67545864
739512447
879344427
422230089
426080066
879683465
223013761
520508268
277754382
6607368
518278705
530881125
777790209
883101527
487090271
356789540
189347605
487393407
375587110
97373139
702993377
529511648
719582764
166629368
362243275
133387499
804324260
565146242
594623692
607172327
103373016
818839928
962444806
938831118
554584092
645182100
96682287
454788749
790053078
895190223
852485259
584322018
117044853
360107378
965953054
949864474
293240186
949143529
234707077
936051863
60334689
552829204
103312753
830887041
540702430
486355074
448950971
603866128
299327792
603584145
274955443
459026479
513350548
542777026
878467129
362123756
527293174
585133290
77188028
722482008
407531055
935192578
149252984
736207513
708096612
799201295
507898465
286070607
645340035
717937659
705279526
157453211
238268857
502419305
643399548
842947505
915993536
113671204
157290339
997022570
988028338
591522380
676708608
503644916
822943449
227037269
617030916
930023326
244790498
261652076
972246769
83962611
367669491
375411227
134138237
673614576
499258205
662103503
236192426
548547904
868383720
562453722
489353401
617042730
689136832
383242590
210212610
329265720
804673321
102668941
184994701
11195258
541962141
955552157
505623059
574714909
355047267
67797536
894789010
568151263
304018730
805797360
640304646
437403919
419311425
251338341
319827981
56123741
22677215
354767971
168146100
386649546
866699875
573384671
3872719
4388791
550271125
857163296
636046216
670492997
171844275
188995534
61487801
15562464
776981554
137366098
661835806
979096683
91780063
829661687
389685535
518459533
925778590
521041696
453504247
495617313
177269910
761440273
135459340
954656535
671095361
201950255
406231991
782493385
326807347
333584074
468781564
488743565
47769592
822482840
656198514
397573577
915727873
623192739
834361054
13987876
638509875
749242839
559547504
229326645
511674715
410662828
685607732
29792797
559918992
619139221
83707692
146192874
347170267
908779939
705558782
923549351
935354166
420201623
877569748
715954489
436691306
138761553
940707110
719164406
83806157
886877531
987491831
146329566
202516322
10278482
695278102
971228115
525843553
249931260
728110259
877392154
976248334
603308262
367460715
163540391
293948636
542231576
426309085
811212294
915166667
982834985
973397172
889568281
796698108
159339270
821248744
454323762
544780896
825673273
953854048
546497765
40738321
3890060
366118252
762607800
755347639
393320755
804186259
963045070
899677178
375099070
671320373
86024567
213939499
663435073
736828818
513188611
157082217
417586907
133439218
576934941
416572267
208181383
479448983
985835782
404388766
277206438
942254758
69420764
321067423
937265491
675162070
732135670
597351326
643513241
214008630
875147907
289220594
870349688
480503854
596861200
696935649
727494908
771630284
679978431
932718893
856742307
625728776
737769010
204022591
193276346
88225742
905332966
802462005
186077767
267637203
66267639
714066667
281281721
684425342
319463421
23149469
597379906
375341840
788630088
559780803
807836230
380588145
571332257
985859189
930334650
862377663
578623736
34004358
304032942
152313420
522251733
735949810
249135275
747545765
732183720
338411822
300602015
892899350
589926481
217613933
878405177
133723573
725313469
449432467
799576393
512915539
490553179
695442274
234204954
647169231
133832564
419123291
520692087
360339941
150432132
561012398
571190356
532839748
401933319
515110764
704722431
89873160
575055212
196839139
98250311
321944747
54504526
472820173
619182894
950394762
626044853
906410304
183043500
743895211
749801959
876894293
563338412
333931741
970269976
144252149
771793497
759122441
587863627
182144365
171842788
950403015
420449787
87001836
385608784
836063827
803617710
453041992
317543191
314663525
955228571
674708483
76476512
970867099
393356010
891670027
68266587
395254770
769463867
802044797
192261181
227804623
329161792
247062377
437939509
369888325
482408225
532324107
590267506
826088495
596933861
261077474
942528968
747550933
963315941
449834112
920535321
549098136
301650202
6184348
996118535
190553101
778824326
34440675
697517182
855738208
846431873
275540547
674449722
329065156
63267213
577656278
250673133
563916577
887073302
466919095
686071867
967718761
70629534
154006102
387695858
319747169
98469228
740967719
692504145
745765060
434644741
940806577
342851010
411523406
453469452
953773946
845259448
223418149
459565951
494614919
138124834
763636543
2777095
467687278
432171817
511688261
656030008
822884161
210204432
404445360
771343613
536498394
302149573
935356311
927214634
355163041
449506736
595078551
703927082
990902026
105754695
508799043
531004109
660910504
799619331
569556919
166418103
973832537
935794216
609936129
469524032
33562526
544500471
302883463
278940791
888419448
145707970
526370836
313738948
566605169
584464377
509559048
70467393
511526630
278433087
493856442
363184062
469165505
671521713
57521608
602124358
48258687
421218085
321042648
851850384
756271579
200524510
233619309
408834300
300801456
175806605
886421206
419192895
834606162
428924128
241752782
756281401
140409803
496888874
503098215
493934728
428005495
973081945
700340361
915910902
99185481
435016139
281898870
92309397
952657182
164720876
191032865
852317846
423275806
716722672
281457221
30152095
36579975
640330041
829477622
664057174
48046094
798385303
494835807
169724470
294245045
252393234
909358963
561832561
83872448
39515085
216402237
753641490
862178180
851687806
320474277
493798912
818430190
997767707
467111927
115812650
679997733
410263005
501678713
217753288
349339028
617560113
564092028
411386056
468542908
522301698
795961726
195769288
540340831
736454120
293929807
185156555
359344353
839786407
76757416
861217376
355211960
692502527
945571221
403403469
288879878
384376140
430522511
953867252
98647735
453280634
314375689
527011454
692852335
293552051
481813645
517214693
60787077
840585402
158014567
697329410
486970436
994829917
669945411
108292885
403284839
418989447
567336079
578640620
207609376
455518748
911725174
574899235
604310479
548639259
695391227
824640042
957664394
499685076
850354027
37893280
906991375
807138309
202104638
250751364
513957007
904855424
56780243
176606363
147862285
26114082
289263580
702417819
311123881
970902367
478601971
266768455
855564381
453540974
131869740
814649307
94197472
46734927
168560156
941815788
912476628
865070033
270888445
270581102
550721224
591268643
998310512
357909458
890049074
261401989
237732237
84574183
768516315
766723077
79487191
117373711
677421629
994717527
298341912
218912170
267992742
675376075
106650952
639798631
833286072
202324062
284423312
180268434
30196612
180724777
935663102
939936749
634484015
980823569
698393281
275845520
254976813
630357272
246395980
551130441
603890266
726737993
855031712
59662759
643843847
506784681
234998770
961385657
826307787
805192179
635858319
290491171
101540417
945748350
746738356
786240140
142052484
468650259
52846253
293333786
245469164
270593482
2989296
700908745
283274270
242532317
493094269
988912065
313847488
658916295
571114952
983577911
758302122
324463118
186103291
221308700
996263361
223966068
310845154
844523170
240872205
381939524
376481064
357619872
609518650
644137830
725233755
47899736
927065742
706797169
25427831
916366734
312526907
409546440
566169866
505722070
274534319
391146015
956642417
75797089
443643298
808944470
700471556
828492292
395303396
986421896
913863711
723391690
347416268
94844424
113526744
604630924
576270240
946910390
67404025
984865297
54925752
208257044
226806248
775768183
72948822
916139562
659680230
2368451
521334185
241533119
117719817
921528037
514559781
991442617
433748622
989210303
554879182
631028611
541808150
973464948
549782129
104944079
326919517
983599152
778999650
799336346
93964240
238794389
987006389
905883499
465856299
617917559
726142485
227882669
876259831
902994061
659277824
304630300
524070691
799466339
989597750
485443845
257134526
438116692
772948845
710766373
807459328
553482498
332373759
200966394
327301458
774762515
983508762
421272655
689267643
250992910
16816
648029407
734786976
85361473
588484549
289391199
563742249
915083199
856439196
874042439
961345633
501289624
977716977
624875409
601225516
720165582
598627414
628273054
296792740
867382913
3309050
240909376
114477836
418306218
216091522
999912292
712993630
99907283
139383099
967887026
828168744
313514325
9123069
429473
39223978
856337226
248824464
320554392
120174472
243680624
98865439
618469284
670777284
567851383
228853241
309575506
147560114
480650919
438460815
902579067
409474168
414424368
501923480
355485413
652903312
260955558
835804789
329899519
736182512
530662497
409610231
819409802
462508332
876115759
368569346
962679429
886764113
163110279
369941424
869213822
206041943
973116615
159124294
499927957
280416290
960051680
501123181
253062138
147011442
902234106
111859000
372485367
466683647
684126802
793073925
998522150
742575863
674479405
113929905
760834639
915315119
620450649
272117742
822403819
725750293
748763314
762887886
403686847
173848610
517929808
791823236
153949230
90699841
942520515
794219440
785540017
542579702
919658922
380267226
882844408
240507998
6290938
441164497
235068878
4038189
499551317
920732890
877527244
671842784
454845245
110292663
836289160
125673568
307518573
120625364
847607605
663020024
291403849
141008327
954445917
211173091
960199112
454743702
250043957
585387700
620172526
287439914
628921252
888475150
897540132
984774530
133436703
372693739
596984948
5716142
59584403
731945292
783958482
784419756
867238234
649803997
246896073
808497293
847542898
39848578
963426827
54231105
942265522
576003364
924639988
129859062
293954311
972656819
327615547
259177043
229183255
556420288
881382302
95661170
151494562
44372992
742350737
920448573
452149677
239266425
109137808
208141093
662314901
330233618
517670452
566787830
240951536
616297773
840619124
905339029
318613034
868984579
105523674
292297378
944317796
482413574
599826517
385795298
195279480
72954127
691310046
379150481
627016911
83805086
715351445
202312887
305476382
283244687
595912265
476198180
526452053
718137548
343675909
282749021
359274701
701347908
208814194
133164560
922074386
435884613
998848493
823857679
126251224
874290944
923085763
793263534
39986127
681594810
516346629
896510534
324613991
731500815
802193932
84457327
916195246
891752980
44215586
573355727
582857233
471109243
593326547
521605987
834958677
667199760
259997948
169475405
521564847
671482053
66664145
385463626
621252166
242005917
70407920
940628051
708158782
521104152
821635751
477660536
917290261
297631130
526236901
933640595
906860490
340375183
618458966
713679267
195334312
762922733
474903559
494370959
284723284
885603875
750327976
483798232
702498353
157129233
431904709
28627527
245304498
588965935
851678181
379705009
933329700
125365456
915606531
569575224
310739540
886908548
197602443
679327934
101059610
20967112
330464690
778605513
896156436
187997812
804434177
695100630
271259754
448710029
529115203
642859879
981139242
959138438
390573286
990331275
541581218
484009286
802268209
315102486
535125181
742393619
224546257
178066056
82806412
266239442
97849869
16296104
601785491
316215448
442188287
737566345
932712490
840019223
105996159
741962083
992634016
736945371
232146989
39274787
575094903
479488970
722106029
376835471
329839156
37108817
531543605
298795688
775719747
24610112
848704900
84305595
370771568
614962368
654714234
632537094
755795742
46767514
146139052
468054468
87211433
966466255
422894869
952381791
783562234
478355287
655411840
540657831
614633405
388262707
740060447
247972272
882764349
718368516
61179830
326084529
101678141
989473729
997043912
705223287
628825427
555424582
695158624
555922887
812391696
746480461
409960295
280718811
408810698
323612716
614436721
805751335
260672550
235927354
804593134
152501557
115334331
192636180
21637975
166434171
749017806
127403040
623217488
329579634
887741798
335679758
318674398
996493225
498775350
747574403
19182357
19228407
44613199
596727967
804853924
778997077
487192685
621737419
553595848
181945147
133854094
185862844
586273352
472355673
419160547
107686217
186271062
896410294
146461305
769427240
216485174
931289253
788140330
259006657
998499911
817161018
307650515
269058514
308872956
308566169
24963976
82980182
631971116
331504423
359087900
860637442
610550798
435903276
252938393
165501864
250199818
966385556
932606904
794617111
91899346
565744960
507386661
267829624
530264823
133047514
942712024
949769570
211299757
50120659
775857526
23468350
217740741
404808937
864119860
751618167
561411380
146956607
539640890
306155263
884413849
472625844
765058523
282741813
420475743
815594015
198740202
692501145
775527944
794213122
315728641
346967519
680468366
718158328
971603526
232439540
923473290
130146345
50308683
628267250
499410175
759824861
576037721
985692153
339677429
757529044
804850341
639273966
740551657
6109056
883095322
901585378
780448153
77492186
307970481
668970177
826526218
756488994
309711326
586173755
602845856
780568890
963794381
811844241
403093810
219806400
533964008
636517001
774003272
152561921
969364851
48541881
740702206
493885390
764195477
658224930
845497907
56397526
301947141
928767470
223486550
673395174
298659557
415587748
161910123
377344691
480452110
796162197
908943818
367971188
222518655
793248305
386111357
781042167
842143458
709398634
143366082
698496028
627834726
624492996
47843029
51352691
915914281
753650616
260695261
656052064
659254178
740152980
635387533
341560917
630281229
261854831
365032801
839508570
181910587
550180134
960161747
286437650
632265387
455958855
16479193
728574389
353839769
906819552
939826689
134544258
265227545
791706143
408239788
297489936
659358336
660618143
508743434
215605040
39567325
787557715
409078028
298598795
711069965
277123090
722790992
359317018
789964350
708888600
763849652
853271704
485844296
931732100
597697773
908367625
490285361
369698970
997523844
137870926
340247368
331871797
456773135
52417213
260925850
240329330
726186690
703068047
648403950
772181425
286133512
412642726
460901589
138145254
369820349
270021003
249927292
582790810
306052381
191203820
123041672
325250136
917457177
208624940
994714051
665541295
283284637
454931152
402682725
507643002
898892700
264516350
658266383
425953877
792468403
789798330
971181448
526054760
75187450
938197266
727187941
114035116
767066921
16648101
837981036
817049448
912372270
879135897
976632926
815415567
881164733
556120910
322829440
247925995
500200780
150095591
931643831
76823670
524594107
793445211
177603116
392719878
424542848
640821101
662310721
621138349
762641133
791951489
465899212
537655561
454658776
94984143
405086979
310789341
165371827
775192517
279156607
469119174
427779825
636403870
838349252
619416095
637963083
716321116
642459887
391540100
141860064
701778381
114584625
325948202
404030458
721567844
661133186
654778501
311799989
481468169
767254573
848540862
361278284
991904858
316568492
151439409
576554825
284126210
685496011
857246506
867386640
227609678
486793956
787404775
900709918
760738165
98817773
735242078
270963308
785934765
891010990
204813653
276046940
105459917
956760380
575631678
36222137
306916651
955135640
525824147
710385963
188420231
977329658
268643275
462936038
102156406
652061550
314491800
226276336
968490477
674911056
566769507
567516800
736495904
426361927
174747014
40176970
769463665
187171956
224570144
951126318
101996731
963711967
947207218
799205881
287401130
33570611
264186710
691890465
442864729
934883098
917831633
778950586
573973986
871962008
556786155
65113959
172506695
552606566
753697824
146786740
683778797
26464399
267926969
648128389
929997617
874330875
573075310
19926289
290174327
11864433
869345154
678466539
38297883
431151744
97003253
141492427
693364094
453046566
809601343
280709851
801994809
921117861
594712837
544675291
628060423
544213724
441755416
485367742
73486459
603252915
875463225
636812337
874234618
849521957
799838050
562170340
599898363
608983320
406730849
695019477
844962237
415527195
60716436
75816860
792194425
766421248
434284474
183092798
282335629
621629821
907568080
81784918
146002386
99255654
563462051
879501573
709656508
610369097
154537774
933198277
214999425
878970018
574236073
301935751
576366309
671611710
694228061
385131567
882598302
347548076
350924159
691882808
676314174
660537497
30664665
391199658
21391122
941699572
52651724
288463214
920969779
352497828
667126526
955507409
106431754
218680126
922131092
711522098
896680145
755513268
6079228
351132339
19614855
144777002
50321494
925086084
942578942
518121797
840510171
638058302
883036280
925465264
610228244
602937003
113214880
824267562
373943342
991913176
830969737
899615283
271492684
172686163
560354804
816250357
971793755
773248110
2763019
359935229
299392059
667572874
957059312
780853185
380191608
317923889
898740898
939165720
669236691
179485112
909873384
680591708
402434125
894795303
986973011
554686660
586106741
799045600
326674405
32905650
387588483
21827445
425636576
988602652
764614577
588644474
250861278
964162476
638853128
841543759
479690196
93225665
956097318
623725417
948470587
84478139
279812563
644974871
66275963
205386289
285234995
3774492
803159842
725713720
965110820
884940075
929863443
929654130
602447983
766655995
455297549
273597423
174899930
557246317
517489367
333304943
653929631
496579090
892133500
820334292
513763876
736358844
402603769
668994962
410513564
622838758
649766470
112174140
390538497
295832232
962914921
136132891
263662319
306017321
851910361
667220505
328254923
788011846
213904838
760424912
266463840
973488251
745359869
6769348
150348742
347560214
578233794
279585252
685315914
547039850
641455796
224614426
899943601
198961031
431608945
214139356
162415675
696241033
512212935
267520436
236287786
35215724
577918933
225138956
337369778
28430978
768304298
170643180
379633061
933174657
159163535
624513848
314591380
792122575
37788394
988430095
802533268
195656699
821541630
721503285
305936755
724314303
895191156
554851401
780667334
228080692
622495356
133267919
207521582
504342988
706458812
469961056
465456227
274970545
323025519
99903694
691015159
661642544
666582119
46384124
517986573
706935089
664043239
152511579
690029660
625005317
908290621
150051534
14287027
252301815
962313302
874838735
124186590
720894740
141711348
602383773
551346150
168677308
720988813
256874133
293326771
757406862
418223155
696048322
775661706
691257723
310666401
383362393
642771833
99682149
172734966
599567865
273207234
437520839
749196188
176385381
259912232
936603324
442331872
36191950
952767303
779599550
80834915
285375269
843820686
872622312
29358534
367967232
438381953
908039622
241768168
678470236
649092482
107189424
247579836
574922348
284642231
346017655
209882045
812126837
998999114
199810966
349910797
719291928
620462446
84328758
296335168
147649265
291564769
655667949
255931489
429826191
615033463
649656843
366781593
459457710
288385056
531007385
538041356
658894051
578034670
466811688
622924114
433945820
787675859
374572512
525125035
254794333
341839561
950859385
865375553
267286310
899021238
337148652
69334912
819860175
456962280
240394066
778397328
583480552
567626933
33158743
407770171
447970362
218076093
379245130
426508780
282654621
840369955
578048535
912214539
311648917
581363719
56276644
809593900
6444102
307816017
743304095
981291378
444857217
66559115
78319592
966549519
535560952
444739895
662178330
560990833
277178611
77866060
799258947
290568036
639889578
546955408
828142747
200160364
657017942
112819760
187602403
516947969
501166330
862644159
649106990
685582872
784801103
730202787
502959171
380969667
530848626
442985072
96472104
813061384
624132349
61005960
238090475
402866951
319809842
531652323
52287892
481756124
677969162
276906662
903193801
507858416
173377774
292961187
701911759
650111238
430800558
360935038
576719719
966688038
635442219
122438069
722485815
332583070
182440902
75954789
188668985
202797376
746257829
483015938
150146315
175572383
600139713
250357461
101195039
305029037
986369932
566234778
67050287
175737392
418234005
815911271
624230900
149357985
664059446
732314454
591537695
864595933
316651578
585302768
995000382
554830651
883650954
892197509
849042684
902416701
360087860
609260197
400743731
531206470
637596841
442463047
229090434
871680656
342300842
591828184
436732596
835309681
371696905
760311287
832571723
399939585
140907699
299839832
618290732
627964527
594202756
700130318
998996226
91684219
792417008
744200281
425795223
603950848
902973873
705519368
774969200
29759367
59430168
65030971
674468270
118870544
709476978
444056052
582358107
48652288
591242146
521656641
332264784
557496683
480598598
978774527
570505608
46070176
533690540
751540006
677818735
437981676
314102990
96693771
399504779
442984439
756574549
539898933
716006380
824156607
674229207
105361025
743750876
458664214
15985647
613527855
996395703
358118717
857483209
910089223
730298833
112682158
677517956
349608227
763394093
408725190
388313470
190258266
105213118
396250232
259349424
580811166
561965565
98536941
678597824
679445400
213635995
696413624
713327921
425510668
407558013
80513333
303367983
248288460
386073329
131651778
6479471
603344756
430129855
192478250
110450762
952590626
597585018
8965462
616383445
772080873
9553254
837551970
89735965
798453262
846269293
161304799
419562821
918575101
623075125
865844864
649282198
16718508
171461344
231107945
187371255
831615738
66851221
258973003
518941375
297146017
97855318
481322492
141514113
303539776
763499043
132869225
521038095
88940890
481352150
731260394
960597353
67599949
225203289
244732281
717253665
336065687
94343569
850508139
186838648
401758937
235411527
434049934
744644563
386214
777795751
16793447
150282150
901185392
127836036
732804232
4427863
936984304
632460339
663526230
596851346
546912093
242270369
78112497
787309856
483280923
154236704
534501379
588490243
614329964
932628744
694142652
893197635
322600690
698242519
79781358
628409321
14809812
501678483
659110700
905428326
918576980
850044636
173728818
54003345
167992195
450263976
306170377
306258599
404950674
75754304
857534884
452759351
319571656
775051378
676691015
534007077
822858625
316323203
506344124
296373747
380249817
588122270
27406732
168848142
360544579
132857066
842594352
922696909
628295820
991842029
847927180
210952726
468221641
922447566
283867154
827045745
764596227
677716957
45953326
598472607
497932466
580856734
970743776
755314073
828380071
123844120
211635565
655572239
468423965
736300111
136961610
747453583
811794051
644034918
910702224
158351497
175530440
377217948
394112861
689683947
684146082
876986267
240260395
825803839
175430176
455163856
589839294
160424471
556905560
836069786
810205118
552383468
344229201
467038484
21426484
245353414
945175586
557432900
306664058
570091366
715075317
660399796
468176024
418454561
99509655
578396848
882634810
938360744
912572367
391332292
708607875
675082904
301262541
956791566
180976686
476595755
115580538
499145828
731690252
719795600
693205248
240205122
234120130
728971851
218605088
980346531
185854474
534859114
408706863
157312534
627980076
906089646
115300995
312457192
646913734
74430672
548793403
488446595
292686418
903322345
922866530
312774394
712791445
678539927
828988898
120112609
560094640
438409166
861157285
893552046
447049046
30358006
688251914
276220578
938813744
861451710
465010143
735372272
375461632
719901324
924544944
836635789
885822815
846070612
624947478
42565323
140745856
741121491
407840204
132643881
8629736
636183304
652581798
829233219
922695613
495632814
947279417
939295028
794031729
807861398
82183152
915547251
173530451
263893663
313615623
226381285
686133044
509861604
625757027
713359520
858654681
634589185
194335759
888073925
176767587
401706458
762563924
369826609
308030908
637743495
148552817
214034840
309313765
29141894
638698470
688441441
252031449
883898528
365862926
427345986
502220355
530839542
148383149
70265009
803487366
136800796
913660087
388292267
669310237
103575994
507887840
560565417
196417181
31624375
108097028
506734017
743075657
58243057
413764424
686976497
516446017
190039831
432963600
455815891
277908298
81783283
902584078
499280755
804053687
820745558
98688898
534270553
848378628
147545753
584476274
432315577
951675024
626149731
476056134
302247265
68735474
221830902
638982281
887832294
601208672
364046883
568061249
33752050
387822816
145932045
534168116
239963650
923421095
940412321
591240860
502754369
27177203
171434797
96375332
422230877
676230066
679139852
566265029
402698316
192854420
61817136
99453997
927971312
641054378
141345936
194471260
294962784
609988419
27878863
77541318
169138629
616458252
975632340
555225438
722045745
18164542
620907036
570267564
704904756
749889615
410228421
213466050
662771010
901145746
856969926
6134957
110414848
295967717
720020324
568750272
938802542
307547166
636248128
105882328
167048264
454949701
712834920
448195191
493142626
81926475
565659442
713204188
701795172
754580797
265484946
417884190
583511522
862983517
393753786
829113615
607066052
464851484
21604361
837867270
805705932
267888123
19068818
867169423
686498343
288888129
358430503
426948343
654513963
472049902
662755596
227333852
572336577
288594486
276018408
543251006
429085283
149457216
640206261
120823093
875752202
82957317
662590368
722436190
807755496
340278913
332159775
292385435
656488097
155905073
141814295
402189257
866266337
241437815
998300027
333265125
80660727
442176472
454733397
799772379
922426290
247705894
92713726
3660954
978584889
223102425
439250574
132957171
753990095
24000532
242313405
649923379
870997572
861476217
7264849
737376468
480497303
84610589
147439607
656883607
691422942
454344667
808080578
294813299
679998693
643357598
122886649
846325816
323968591
684182230
30337712
467609927
829538043
603204303
863441714
625574249
873917449
2918533
90525693
313266398
817762570
725662466
154433331
845937391
292948219
266036093
511487141
878751209
773676872
605337115
782961712
358664292
769607237
685791040
629398186
405245515
737552723
319077513
490780027
696808483
505964192
181233172
660770053
347738126
768850148
179768801
177117134
879212788
445828834
906198174
802290867
661430575
143479462
155376614
727569833
420271555
241254239
502772933
25671702
988871924
272495929
196554316
200227567
260767115
454893272
586099107
103755468
13031138
950107511
615756023
790356093
704989569
725869538
22547157
384607417
993437256
99899726
965272844
183596313
709894019
817698791
806120695
822367737
648998111
983393686
691267525
996291250
729462567
974523638
968894891
71022376
751497974
20653731
570575982
658875489
695094004
114249560
428745783
991113959
278549471
354983490
806078015
676397564
357285944
443053337
573533195
677552270
443793423
671821155
92102462
665663581
991161032
88403301
19783737
726546290
501664612
890191920
696612896
876129100
973359822
233028192
948904745
556306006
106131133
765509126
78650341
809037669
752817890
350201353
685915207
229693923
478320828
746254482
623929342
16172991
998864705
378127342
830291658
335212096
307796915
142853659
372956847
979776047
829922883
624994297
812915169
810413552
349237032
541377413
344299175
801551828
857497548
475085110
685274784
489197289
752086921
849701779
23666143
198466939
815319452
697943328
984552907
862028506
361662757
267108245
237509542
35109775
64855318
658794593
59438254
267621299
633549443
434473472
539455025
961471009
202061588
73534913
615608157
560331639
451414804
199960361
268207195
786566660
192125380
823168809
602638375
613126808
657773341
446931231
464605908
448788344
137611627
966777536
663131599
287511873
230496748
850101285
496768711
998708437
229352231
611314381
361276198
659484124
409515519
431512266
492031408
771587039
619827713
212642257
879053579
666052220
751429396
286318151
869357110
732973730
306082805
883266054
715757672
787676161
266419251
494841446
752869477
681495080
917155507
802683985
12171085
749912629
842414318
681719996
595132009
412316448
307727724
714307907
408729282
949944271
77416020
60827338
69245272
20748694
427403537
871361229
928111251
507659855
857893576
738575000
296265360
74847335
93905247
179919764
280714064
970596519
13085829
498871187
227456903
751005765
736350090
313491747
943470907
668062668
18117174
247670038
438743776
461542802
730285283
627689638
747410979
3528910
494313677
984798078
585002619
190503170
767439092
627272391
969801141
752109677
424329737
883480519
338994009
775993340
894642162
141018306
715770439
80997839
869710616
431049668
804956089
856938919
453174281
451817092
903739549
434370733
328891806
825158181
524397153
972667764
240806558
30998666
488151763
303472069
965902573
803079980
461026000
213491416
958086225
592783854
547993719
124102016
727405868
730551092
854188646
128521850
732960713
650861746
771797774
321146853
373013780
874557166
506290280
805269233
710338253
884070011
340996537
63798147
170737762
389044467
756570318
462886547
232227603
120260600
501805470
887217751
810294068
720230888
519098730
912625276
710018473
42808621
745828850
788243214
201301815
482912636
427587124
390821605
496888830
26940998
142314974
647343408
246030349
770774477
444184560
492912494
132534624
708452725
818991274
694358234
911067369
6434707
351564122
772582952
269419319
496825652
150354984
946901235
857208394
750150038
626400405
163091364
887480765
572837958
970659870
472543204
271854136
181592154
521555845
657024239
649523229
889935115
749754602
792470230
954096217
812494806
845829422
337876921
191405385
53424399
737895534
22534905
130105984
893148313
522111023
38686054
747155296
841021687
984117822
31748080
104582194
367101945
592683678
338932026
862957896
264027128
514563693
924182132
482373163
246938695
907511928
772428281
684103376
995267135
436610776
662396288
106893260
210192058
973741816
706826732
680397503
941191543
203595069
654232881
385930625
978201060
866190355
827834141
123283635
57031366
307509851
660638245
830151692
367591597
749217447
547106385
20346498
353753654
797428206
428715898
366969366
716251244
342692415
159101529
750152401
674585400
377997046
651953002
13766691
91478690
944011723
427878745
951155765
294129599
350496865
463119504
594490639
149681275
438000359
647074273
176695344
337549134
201005780
763076384
3040435
542605766
878541064
575436100
445974361
304276777
273416547
501124176
307498693
736120491
244599753
405180338
409503962
95036076
611603319
235007120
853473218
832154167
894908175
918459755
786501520
630334785
874053798
179613307
41491950
998279380
949820652
670960881
241125521
958395885
350198545
786327498
832304578
870947828
406913916
501181082
858518728
819448601
82448259
401668350
40349384
195466136
110335905
76760962
990432482
126803632
836193064
340414678
40155583
711050907
117183337
268825804
570772537
787436820
446183450
160683870
932549742
72464399
347197122
719833003
906016941
895816849
390051253
183430139
806576890
607883455
240235294
419014204
322132394
317481562
48753179
555656869
885257501
392286790
999653906
384293917
115792679
754466532
490562413
23007124
188320840
37228508
576154339
552821811
444788018
682060159
423641903
893902424
304308093
841010251
565371694
384917566
322377443
181908155
307128869
91402288
315404193
872197216
288349702
281363767
103628996
370242371
225624262
903737987
615563343
909550525
270098139
739057948
114427042
579581555
84727969
376376384
607518834
6713191
646309773
563158805
916682991
511285686
180582379
209200880
126141414
209236415
419432266
205554163
243944046
368842467
904721459
781917437
739628707
163369507
44875023
965601227
178511462
201883629
856618841
456410921
302273993
922828172
659831399
702499551
263745464
298614311
447663659
877498965
346040915
970614515
231123030
429056612
42675372
638154380
826119227
81752444
374031035
145009788
441019332
316349717
917775246
74148771
298349539
619691391
596953280
402569340
105834831
341283549
641936388
265688782
20724446
285075556
493055482
374168024
388521149
452164898
54166838
793285365
482282978
314971180
652367468
162952589
32833947
354121871
801093768
986512621
440656755
534233771
714686208
746260546
233752529
700535925
241217755
10764770
163061171
745296328
776677865
36082920
968723857
74825025
339864058
517817692
478747511
894820635
834857534
474830008
318377802
132522091
792863225
614537724
538687399
104193213
86636978
856070388
652653193
283175124
670431673
372822316
98405471
850766035
795557041
849878467
350384269
176024436
575093814
361156555
562604472
435648115
107508706
708319726
485579703
619219896
392164024
938268485
50164818
166803283
287527372
375822557
711701151
476055705
303844193
723835782
464587824
195664139
329457478
860423723
989242411
32069994
342435869
559964730
307245323
838172654
689629540
70246202
160404859
693320453
418097232
176020914
617738665
635977276
391301770
459517115
812201576
851471006
366552538
361345787
893923264
930826545
555613849
57358485
762195201
787776789
441526252
986393440
913419116
55778518
108684766
149994052
570836547
153403768
631462293
241073213
141006697
858500773
974211465
381254583
31340734
456681720
853802014
611085931
472727699
599138568
973758440
34537430
821513295
591788801
541415898
306520784
48747649
447375159
643419093
806115951
44963563
49901318
388996348
327530808
244984215
117615267
881672094
787914675
984637583
997348827
608871372
781714668
717030155
317414431
359891866
308808356
198490193
25523977
446480625
373110787
894321778
395524223
115013171
52605232
782822876
868526303
875386393
640401390
111867263
27279283
473659581
882835983
507453442
914382271
535732503
961654150
110561771
453909663
226917984
887722938
702150051
684321611
658312786
254922709
150732804
6361713
65945051
873051668
569924281
49466662
291053741
436475581
373514664
722110189
523334775
294737487
723616468
838361236
867446201
70346797
566312548
70112174
263232086
85452187
679724802
302731659
343245187
835927094
245524295
656306267
938653657
200029990
988869189
462076730
677166819
415220624
84311940
661380850
73715883
910667362
512254579
628784403
897260723
922039329
137087868
562964133
116059993
114743472
535268137
110820720
829950138
989431192
348669011
272404552
151047029
684640485
616285624
57881140
774460112
718592090
826729535
872312925
826380180
488272156
297599022
430846110
801194316
189402234
47244166
594395279
846209851
35661595
771221031
413455964
910296550
416899354
785404264
269401515
648523333
364518966
854444228
109502058
631578621
357463251
164563855
925466039
305105770
242692465
989649197
513024797
856264541
833631315
573109548
475384167
993382757
594898655
574337043
158623329
657238472
679078340
864250729
716085701
690059699
53893921
50874450
774785709
44400543
291323977
630679805
150991547
162398126
854638779
19479870
931738380
289557552
983337545
279144516
152731879
781800214
351149545
170583684
262791294
277673793
20336093
61404131
786369442
357876950
761663775
919879153
870007572
360645796
863164310
840087214
195932981
306196350
58495654
966798632
478648124
50730926
669192849
123754810
100624755
341409441
104714034
193180384
460482367
250999398
792514787
701421648
170035847
223042801
941902561
684016585
133316758
596169263
686776363
936138913
398981359
572752521
892738459
782712049
166418663
593150700
176036047
916831811
941094763
63041269
222728516
930031811
149466930
712999770
425870469
745769775
232219961
374304565
571664300
31988763
948002648
526729217
546774487
494304282
198581638
426915712
485026836
174011586
397337016
181928270
564670625
63312658
788810957
863046892
881291466
694239469
835503945
598412904
923485766
979009169
123105077
230363991
685375643
976632929
391192484
640739605
457907984
794099806
542450254
627631840
933334310
922177816
832524853
769520046
698832539
954397902
70413475
292698282
384884711
113596510
532708120
196077543
574946009
260024854
621118461
628519210
285293084
659632065
931535548
290228495
799609221
901280198
968248516
161148394
266283291
672724364
908867433
385571863
359285065
878252618
530759578
765009582
619328352
484357651
829106260
897392356
435402757
784964976
557472787
314293414
123856451
24003839
668137868
470712759
772703035
81107016
160301590
878647670
886989308
972398001
668460228
868883481
327734307
917156913
290147297
947474963
740390209
979174130
671493805
634456469
109884282
799657095
640729730
169229131
789914132
239583133
739765520
580320709
390680288
914240664
175289396
936794899
237851966
958746513
445852125
598746545
282225153
393959648
50913832
657273199
882712404
379374565
685927951
557007339
481872623
205574160
518733665
521888325
177393060
302811899
114104095
762869444
741897871
229395488
903620547
57094044
383043946
379928814
842690223
673722976
669272357
64024747
253956989
957655363
119775731
212124688
943867347
662614032
731439973
280940973
40872776
502580244
120921481
254537
657990381
786130570
440838624
662922918
330155733
761408286
641789800
964928001
719052402
331104729
747516967
285464362
510356176
245328435
356833396
597328976
403125740
102815324
720052537
235996958
378165197
734740728
414086015
597169849
971831884
454624616
147405226
943680808
576113409
974945715
171622969
752278969
836151032
569355984
297320163
71538163
406910170
763204520
24264261
770176201
69767880
220429901
813321688
274467938
567920870
907590163
543208037
256139799
478421407
408989643
567795437
578826581
232970618
788672486
608445817
955248491
277783145
347173923
447517597
147007112
318549722
640789203
168988832
790606740
621523214
36052712
636500271
131148218
409546396
344217264
253389283
723537679
733972525
72173436
978587442
635676638
667549919
237795013
458237310
67649040
199592500
201705542
635846871
972456125
505265857
423237364
386147449
580813336
167092901
568192233
565370367
945009244
511160112
629371819
36455426
524017782
223911105
107465331
856816923
154585780
522455016
734980826
436434771
965163690
376162553
446746402
93978651
114168364
226313091
441071001
303775872
829833763
127895947
799305178
220359768
631528230
165309114
502815745
359486878
63137235
201887943
359469672
658715603
593803567
123767309
378200408
326086904
213460835
721591584
972886382
892101762
317030292
463669730
143822826
967209243
357558703
197438182
575277266
463831225
618781833
659261686
644445305
588485252
309331680
775436982
638007593
790721604
753187237
547148286
865643440
725481267
382564939
810708043
26365141
681133565
206025797
713805661
842352751
911797133
442302881
485962417
843498968
931320942
694642755
952478792
162065846
986775681
950412872
375888959
372150118
818362820
328587948
667554826
788306413
551836801
225909325
389998403
207805035
968519000
71758358
797231113
57790450
180361045
591791329
153128187
771542309
844102042
594471079
481029920
994161849
45888283
155546953
504136211
36770271
833455219
503468588
575099482
246225418
129887314
809557893
790711583
683508744
955879430
260742203
963389273
736253223
868368463
355243409
819619128
600589804
698717237
347399003
145252416
211912476
82182577
46616286
661470397
401659689
472418126
232140837
93500419
359685591
100358887
589964632
601796490
953959959
437072626
410460551
840450441
430016489
290392447
773650161
378061063
345054911
740702527
403560124
806715019
938035024
667393687
881301540
121386472
674211005
179310505
527409987
872704083
113115434
915571181
514226793
402773156
376192594
928751022
630687021
646509302
530103585
816975455
871572286
939940989
709760074
415875453
104654473
73977273
849400591
766983443
171387060
964274570
96178199
428213403
57853923
797427460
902391856
250178092
406448405
134360067
777243888
722466292
317793048
767901401
222888313
881442675
539359682
430343098
46592025
392830562
685416285
222600508
747901266
1145352
70355898
983696994
58678747
663478132
468673019
310965612
559509750
173126363
471620957
826298393
23083781
718264719
248620372
634825361
608729882
75812575
890585679
830180166
750953518
651167999
382407073
614994763
976649262
34625308
784683060
708650789
436311952
97993006
511397511
275680805
978861864
114584189
989731908
35055577
193752262
145221963
763627744
427078692
677007395
479130060
983332753
349068901
747369723
971220599
5981875
913035322
275662000
793876785
315521489
280368986
398635094
735083882
422392260
514956456
994246235
631267101
339725725
199527607
752682509
334092657
197421817
601304489
155228707
144724131
536634319
654013268
777503976
615151262
923385543
178971080
503831120
202758558
949674902
373880152
174971463
630873904
948030888
380831641
696279136
669070294
131488019
133877777
126410210
321602628
282928458
400824646
447440588
132837934
418066208
383574416
156040889
411159181
390695558
257091366
339979319
622281565
166673060
781916010
545612228
522653434
16011056
748780226
902877276
57578377
725065054
634569559
684451304
263877365
173019298
361974296
745375113
181193017
521897377
970131804
627191312
812031634
728408608
303893194
460517614
152681088
365726304
830746044
904700892
403414639
156464664
285574300
48256763
270095962
863486150
705613778
439932964
931714268
910644827
16722212
212596489
352182844
976988945
492621290
551280587
176872852
7851455
53562044
353933130
476065520
161275764
133686881
818030997
405168670
908034133
743444611
396650330
814600322
941430322
125584827
915462611
230635032
800480837
111800949
942230101
700935840
13142100
719497756
273878191
240172541
697673741
598336411
723939153
905509036
873029040
923138663
458524977
977015169
575075145
851841055
26503472
295078202
91402654
945527231
614305383
750168125
973717365
298960189
903849577
545700163
669621121
579066010
511073440
268993921
119387728
660059379
403622359
853704769
958829730
909550160
993018916
552359383
856020168
393424303
47436269
788768788
619970255
317748822
141507240
339079155
708261777
981022496
659040388
423900826
60913754
960226799
638384539
244816256
254884565
136522336
949995183
454399481
205539789
586438902
640965561
476253599
184613209
551301082
882650119
326890823
516761259
100535408
394463860
810990614
264350754
721350365
870355574
972611107
847977954
428764421
569437742
61239765
608174558
370294782
520511152
194424326
913838410
233272426
274988473
516810243
641143561
210985352
676264257
759925427
752768949
57455594
877969881
148009389
281560125
171243589
184108915
144468190
33713329
85049151
992267526
845845836
69843377
892526092
907010591
829365905
139466192
135783595
45010008
651389442
26755471
401610176
266098349
220088070
601368820
467528525
854827044
298599496
84590932
334298760
702419886
493779706
967180190
624304747
722200908
134903583
497389821
306297014
874274155
236621519
424315604
531443755
922027115
467701826
700650054
670400547
225879405
422832803
667358679
153680946
458834690
22740706
117554648
694996468
516327292
797804160
132254721
409143804
183909077
872302477
806187921
668983810
408168148
775360914
606794867
478513372
961335705
926715947
721497180
999597295
491705736
429454830
177094421
2372492
605944713
994205654
109233343
81302631
403486439
91143652
362743777
757739934
161978082
463364004
17054891
335968769
30894632
959721077
392175478
245967093
547996966
286037454
41577239
916941368
975653949
57449691
823758525
69474845
870073555
99683519
260604148
43682002
410685416
368610773
697229100
389441090
268193961
551194378
682442801
9270261
120789483
897330558
380925494
337876574
806149643
604646011
408178228
986999122
645068427
283185704
119506418
137107082
506352766
326696992
45221152
840022482
685902054
792788198
998751907
663491444
336531142
335264585
663621516
205701040
368194195
338022018
358906409
901445133
8452415
75725244
543338036
897060925
976489382
463679182
421674184
607315475
674534678
305552658
155010341
177737119
156515913
62667087
978873709
845729085
296040057
410264953
585314124
479749704
99352004
893020763
130429013
129100301
101673929
146459646
564477335
427194060
830312752
924862026
879492272
515112928
570079439
70615289
25755261
390072201
775031190
635227267
563382585
883380799
655478712
27975452
581657766
96442292
879639571
316053959
409772639
681001917
997648149
113371065
772531808
591310211
88685041
425778771
665676034
351884284
536126306
381335131
901051620
142535404
50134068
408863299
675424948
965301527
620313823
492780311
98742754
693760565
65996782
402899664
208652802
399382391
701400601
671819651
387051985
63827061
116680974
880962635
640747415
994615528
215899915
964652684
943377887
470197545
185734948
589288595
371046465
295157789
299081194
620414995
853386143
574804863
463496642
722974786
318211468
550800815
121629414
588855775
750087574
811110951
372793878
729426692
937100072
717633140
630462990
261258689
406202307
856298151
528283295
302664007
813813640
573883448
103390158
11536353
192115550
743461243
846673250
838034670
485627959
505501227
979678630
76401351
4808955
634794074
485914105
704621448
101424292
801101803
757499415
323373121
146302254
240514431
147506893
707039924
113213650
727955353
921891301
535168735
328286892
996426780
199671848
907744832
674023307
817580782
594984532
728376507
987983617
379628186
559513299
286362809
202498218
190287469
110378674
188827846
404891786
328623555
513709999
644848079
66204016
986144588
408038555
633978028
991132992
912547416
821923851
418601783
858107824
555315609
276231091
950473915
162486028
913763470
464176662
505003009
319766213
755229071
391185833
753129970
644455272
277829049
930013762
445234101
80876715
827796847
237507720
880890661
33305074
37381223
53772369
311658399
108451349
492323020
444028189
775385776
900410401
57989676
893743657
282544142
876110614
430239751
712889777
920146308
567958450
616235739
687223689
320422974
62360703
568874212
572118256
821624168
961352112
162007885
409825778
352421839
715185696
723603221
580134076
971302654
380861785
300717125
830157555
226235818
272602551
986017883
905447337
266593883
822315133
659662811
379490702
863127773
642806222
737318545
306962717
318056248
81577722
224221248
982981967
394346823
188443907
269409785
104961079
892823326
382928528
435209845
83973579
908351185
901683556
804050425
224061160
907429737
714545883
328719053
565904573
779738474
26070342
19405867
973570094
863718649
65894614
876006699
742523185
546309249
785045578
374668360
271143805
229143801
39423863
722643428
633762003
753568135
425757382
619474232
841007175
374706588
676092316
334188459
851746588
187103452
344965380
155666322
561401041
419656878
761153150
657961382
648866243
278642982
370171390
380474635
376754944
470325124
555776012
875053608
879897686
8255325
895998593
876890009
962908768
887191353
465188038
222157462
390970134
216574016
700165700
555241712
801787755
419440387
447109879
468776575
786697472
74674926
754899522
203584522
711765125
371688782
377697311
298799582
169941140
893730861
188334512
785537590
934902614
963274894
89650513
603543067
694833985
738581646
120395497
642817025
706355653
755152286
853506398
375539979
366714619
76880351
987871815
395390811
635926848
800770967
234464677
962249770
827461701
396075285
41791886
96545182
521344196
237803995
296233983
991232052
414232248
567084061
529127652
365719461
941458150
882984821
974645871
547047411
79436684
846196996
120015385
687267582
78192538
237146332
449283954
459860755
558782107
532537067
302284593
509297915
635437509
679935042
198521068
348030094
6004726
500356390
848435211
655457884
19649175
312029358
486948540
567497146
148944488
610322681
869243703
451933337
868617278
495200283
761549543
483617200
577752249
625325686
714571737
98305160
52036161
634770768
874700600
102103942
154243997
41128776
775637603
853176399
722118995
51135504
671073104
903268090
623236281
202369150
17099713
818557091
121007004
755031618
256767297
283291812
379503842
670635966
859318999
172258212
283001217
90786183
216163914
160430427
807952043
45568582
134920012
729995404
257330369
130930985
284191764
477560921
765435872
48303104
25682616
733928213
543081332
818931597
840645550
946362197
709947875
719861010
785440229
97722208
869846614
667403592
995481541
388158547
442619403
294981379
813217850
910769201
577648553
628067979
902294681
910668242
303222360
262926924
134936123
169731192
416663285
921148627
604240711
435459246
230471629
717343889
135208160
508856199
958201100
304771734
829577853
527218018
834083462
38469664
275071136
501385385
445924506
918174411
951468703
687234504
102585944
771035610
4154357
764996046
687460807
540255115
941406342
815586592
709992434
183999100
824710850
368976194
885014349
778536683
559361550
996895489
900031675
580514468
515881966
307347323
784422653
680417078
736079630
925807318
75933249
127790721
94461605
733190313
750920633
868711502
175075460
540834948
343564659
950919722
603068344
108207442
429977042
482303748
715465202
27587380
146537800
870740388
316148502
38174460
371803019
655368436
389108893
110959429
561538155
60064716
211115298
54624412
948562654
369628130
751260657
385623924
510116155
676814603
594912409
951872750
799438618
705398530
644161913
631350080
655480679
54033647
422257533
882341660
543113689
302898308
636308217
611039039
2490972
494220263
69394730
320827320
27988425
47802978
5280120
327917969
29310731
127270073
36555352
832328703
714708868
309145131
366331078
78030464
95597406
475258953
329297805
820645164
306695207
515891880
123140609
941281745
354153983
323358627
493684076
344150343
276013502
901677924
482281578
684854512
291004806
833180402
456524191
912317193
430055152
733460946
80490883
8654074
589283029
38094277
430692030
23922455
358127868
527358232
30491783
921932540
335493724
356909688
521660529
381795716
139303841
496140289
448876358
633528858
311016811
653566550
284347882
553084816
521888035
437612991
909360647
500649517
491547600
714457882
637908733
36955376
368045057
300772457
319658551
126822691
393479840
959959245
96813368
497121024
335717474
324685362
410799049
568453535
203408696
338519336
640760336
499330608
843493364
510377207
439362905
466532720
235407412
78469172
285430509
163321481
648331441
648566185
931679976
772084637
309270257
716315387
42319524
25886988
621027998
189651723
426606322
430163349
355035081
336914827
313309138
20507514
65043436
428493163
654130753
288926404
690431893
340149726
636153255
22018914
5411084
292198498
943302687
70519961
178934949
717910121
375160658
487071142
397022786
158908030
68998083
276413511
973348814
618809521
984974938
795993789
427430539
286819961
599806140
525872816
972483709
691258762
879981948
203722763
963111091
58645093
607444837
847534584
562693889
757344727
344121204
629241798
608575415
574344571
950654145
388912291
410298146
475339402
61399430
874748200
387897029
81021169
250807327
829788562
844011753
546225109
320804789
814163849
488933090
931831873
90737681
153397415
121179978
531530039
574813174
307777778
102185467
369317035
130522666
424341353
917430944
406590168
691854583
244581110
499155351
277493595
295952036
58394687
392847533
1065676
7180910
992724398
467688864
963683115
348463190
998555796
37285726
964163064
177444009
449780746
878761184
110072075
764066798
672617207
142974322
629448544
24538280
991706533
69632935
74020565
218569189
247557972
132794767
791863438
120074691
776400464
928953945
228389830
887650013
118183170
841194467
655875356
253294835
688665529
40501869
255909203
813104407
744464897
489179502
449019835
955113776
332002650
258509645
107354325
894529735
228248500
810775673
681203454
452212010
551164033
585204819
106679412
344177365
437264923
782686467
219927739
114995808
422759619
738088696
964877970
2321368
912198066
493608031
106073395
5534637
916364356
108258710
102522470
270469706
629332934
292128938
751419065
83015469
570367577
848770415
823512535
564249500
16944129
682640873
833539889
396056575
426000349
520948039
518784107
974382412
935121262
336559920
210894910
260495537
437994532
114839798
629269572
692744055
574762553
178249806
463372724
586273131
979003191
445912399
596723277
775224315
533743647
502310977
631899928
181019135
645873170
246159403
352695792
295574978
759952918
116937406
105938760
421808767
75716960
502818395
425358816
33091298
678406852
130564539
967748114
255325195
207498773
707164682
41508569
110591991
549921140
882873620
497244019
377816241
995134405
116643669
810252224
472326635
259609366
288901532
451796490
146657911
99416558
863544287
52436462
734217342
533189345
959591813
343581672
717172213
637008901
890726005
823936884
2475424
902732917
288967738
671574908
138813103
276970316
865454458
446891943
779974174
385226317
991151064
44353892
725748250
528535489
765054755
556391044
789203220
703987604
625040113
90809025
3794980
274285395
455723937
745054510
117284797
92890521
994985164
724867908
56238594
899346570
525938930
635228281
681720763
464912410
393265865
919290168
619904071
465968897
349882281
707039111
70517966
309964686
623744797
253570830
326631164
543939525
468521297
326594972
730104771
66202937
195287231
920323567
134465967
372821282
348457130
993410535
396826294
108110399
824734220
926460959
26926017
687153295
884676012
613909188
506091362
71891383
297233223
408829859
267395444
145462492
940693589
46942653
581618587
674493347
411162268
939623946
39132100
66133886
170991521
446685168
769671607
373714481
409222156
186756110
597357668
608483709
627824804
541749070
274263355
301979292
447837462
858134588
146670456
915890760
324856915
422582842
868314482
235665478
307762546
346746831
511057208
417423995
412182121
230841688
973962816
32266744
674868297
681160323
318649311
311560783
395004517
681758472
651303561
676285929
536052672
168955112
706121025
404519585
300289414
975293495
684416209
241323695
589812961
851962092
26318729
991353065
740833895
628360442
360988631
369469302
719255962
945520034
248339868
96323073
269662649
344939889
700385141
230418716
321428326
899611093
464337563
568271325
359174481
681867567
546567824
902211295
305012484
624140602
874161013
658701061
543019449
282973237
193395176
946344608
357993748
717592338
769405453
825980598
662774631
636304030
227881762
553120721
788609968
473188340
387089688
212980666
135493272
781460509
28467164
536063871
205149131
802601248
56124363
192422417
555696209
785756825
886271023
479467397
35657306
701014643
342950050
816519495
456121973
217651574
421854963
261193619
507816607
475354053
833076279
742048152
57227374
805264509
523130934
757260163
878295451
691588797
604401707
222072615
144852163
625647200
252870220
871367438
101733409
990608050
55585111
971224391
737970281
369074600
804079481
156327367
258676899
841657453
497185756
50791033
433895789
240791546
187809400
495072473
815543274
196688844
629931087
165159937
463636348
55043588
888070379
490876351
743010760
938731646
561513713
267772919
485469977
293796600
634464672
540949642
768174231
901473073
665996633
526249360
505799249
238865587
583844488
317281428
246427103
139767942
963111991
620974854
869365121
403396153
514066676
74805568
250997524
778184344
614490462
614615004
768349702
382466581
622759512
110425899
336336469
830577821
231532378
479183369
611907295
75557986
497618453
482615417
245814835
872627139
603411124
7313056
790822619
497169864
685186181
411459261
222239154
10378482
338818609
243725626
128733126
628162600
534191245
926121916
869161559
279562789
458031312
615770940
891969236
346592289
357913892
202461558
183082492
510772873
283823013
804414015
655362186
313219651
916288294
650996130
297073016
232676090
344207449
620587159
703556534
775027551
28466216
114138874
348277593
582382448
357127710
403119746
41254080
123672169
902472332
891123458
772000981
339697022
354410642
889298359
960646837
863705339
858987674
510855529
531656935
944327902
449222241
17834276
878475456
221864852
529908994
736965985
848621814
273636856
85763103
541634842
223671634
454768174
839321348
633101302
999844159
203843661
408202811
192484928
251003607
746444406
548356350
661651417
167881986
882002485
674427712
360585529
774061014
731162080
111819321
615030540
318058306
218003455
39439871
617246305
674563257
968720341
156070403
249979819
360359477
484355369
350036195
406805081
853326578
905136066
395935769
99961086
665259565
653047741
972853648
551102060
275716170
497394621
32617240
911718475
997551883
216058367
402016308
365485699
297789236
468741899
772620651
690652441
183322849
955385257
151751051
321310682
277278143
596136255
300114543
148813458
700434453
508027077
749966675
581526727
683812661
387170041
198591329
568487167
422968062
117065489
315998318
817252787
478259047
143325127
634548755
788267454
294913294
764220748
8870928
935663294
464246274
909632273
720751593
403866723
855421514
129133934
574632628
102556555
773032885
697289484
262583525
581538469
209882687
741088620
660796172
739596056
452784902
730409778
80846761
694274902
191303865
299016550
486697827
334996539
614156986
916602579
939401011
706895861
854682772
624609928
752517489
376154466
947655888
560726778
18222368
997245582
876093599
954290543
692773324
166178374
901727530
113040616
166081194
47359183
597354552
545313426
382805175
26082259
153617798
474740750
353250669
83483979
356148699
887877270
867045585
543683461
248710263
650322630
997055382
214680815
18276191
411241472
700885503
949380554
166091505
458723415
818860892
962393582
421414536
13749953
474083486
310125303
101859374
197199241
218128081
98705877
101719594
987645731
562710779
400678409
796593273
276657888
435211433
882175804
526800894
427259926
347479987
259494906
3424966
490929304
621199563
751764891
558702301
587480046
343664101
746731683
579217934
220077338
722639127
344759691
987845262
89237716
275675497
338911254
496693186
889222706
557496700
536626458
514401170
530232664
992684407
586556343
721769487
899144349
77095146
784097005
526163027
612290952
278227183
293205486
712372816
598018717
437764203
294388066
337446469
707551197
609036101
98458028
580657428
635863689
940750177
220486837
922762029
310874853
319275342
776656971
612980702
978213188
916311520
924587576
568392577
663371801
594432829
475734307
857060780
443225832
869937599
166231848
949692343
829579245
767286763
150958288
661982179
143411481
147056108
950060343
921858816
498306851
848530682
519541778
215231891
189743120
519234594
187502085
386795380
444531619
898909570
887676131
309694317
996694555
298487740
211150368
108608143
827364367
636011042
820874578
958641335
488050264
944825263
280255288
470130463
137626271
264900686
383297910
597879640
285567557
623461977
204803741
818689380
14308028
353466072
721549771
749634833
671213168
468084968
114716222
292696749
227053614
12880308
841873654
457058707
715957455
926565908
390553349
221039393
453953223
779394804
532898315
339893629
907088419
227136095
990331247
951976775
780759401
759907351
855998115
523120654
805710496
791606007
650362537
497519379
565407943
879151627
836315342
924240224
641403294
447095707
984028305
735324471
961124448
372333618
504438051
781162118
171925883
554154405
760339617
173519559
192073291
425272853
296345478
527511902
966540216
685727007
524488236
242641077
714177375
160880602
607692228
868605242
504517494
218563737
913294809
275471055
726505518
99342662
906669861
900071365
610542556
670427989
837911256
498487864
425465554
510464157
411231614
472513997
565849557
548067950
858100952
41241243
812133326
654933069
224625442
864321247
262138969
385673743
277425077
769337886
68644822
921105796
495991341
782643703
188914211
753993774
693711490
394504307
758702113
793087701
865930123
471546238
685500525
949350847
841467815
9801785
439830045
961989582
74119970
654112070
352206392
992143574
441412181
402957205
318372971
730827847
819754782
102826678
706849130
210681754
198104354
30693686
290439208
930652542
265610216
637487382
424447508
729581690
759349633
581346715
613906288
267381045
420423471
736974965
861077577
708734506
542719690
441555226
814433651
541805576
652139542
323479403
483493727
974170551
17702594
566280527
364584492
880318070
211654415
416873280
294812906
919807270
539026104
941608564
572432394
555409094
345938374
870485281
244900440
123913665
105518618
887534371
430676917
152083517
906205033
716176051
18083129
605655562
22418411
552411139
411566522
601178488
103099067
2131256
430378886
498490641
464572896
907935873
934754182
477769045
738999000
161493433
263102539
805142391
135520123
296329118
276134753
94587522
154365714
62066763
690470127
754309336
516964409
195365672
655079964
722401892
743962493
374890053
805429964
964311803
552650302
297129678
256705058
569157083
763791116
797553785
789998989
804606715
800580009
301894251
730479994
346254473
137616056
912670624
738652970
438891867
395264851
232067702
158451711
383128307
36773350
630540350
899381983
766110605
988590819
699648182
330865752
918331700
829621501
572385417
120715316
702327122
123133120
947750163
300442832
399342982
856168867
46534991
391176810
76994058
363104572
507396764
751940056
334341207
729897438
83648030
471121581
231263289
252427783
518228798
798930225
402103075
79277353
651207677
229424811
652285562
42468699
905727054
511153794
784200128
881170511
387944065
442620464
657093783
279023661
127795712
25877671
145491717
329597458
821770287
102993057
411773994
819059484
7113963
9353140
156476972
577582222
858802246
243003044
677193845
501870179
150187303
11797531
387477902
258313886
146244462
112523206
674082457
67957909
800494868
960254144
774994102
805529867
959363219
8440412
194880689
395309226
325951562
673328832
918530195
463502858
41566151
956903985
489507408
764147509
594571093
82526177
589372782
244417571
558315008
657727253
992815314
940116404
424787883
609617292
389347822
754704449
421731573
237790106
215539981
532739853
73774530
585834982
613570168
22965807
616385311
133157817
440068916
845506370
872820759
617743626
189267592
299795135
456950053
387208249
426926156
705236027
324086001
238998350
785614894
48240501
679007379
579089699
834478476
338824548
118406274
426768411
992194369
764809725
267876857
479814797
858228885
178284023
286806685
945892698
118038050
798913758
105609119
781665480
255871989
127881295
430904605
312336308
332196730
896297843
222074293
894923405
895573594
654280640
114237990
868433922
558212436
498115478
137265717
659960316
146127650
191002154
32908136
490546699
376504845
500253580
833736641
495609332
823761145
904052196
703739536
948159311
390990725
978610245
228324087
926803421
139772631
331657145
541060562
819856404
510852059
196488469
399973954
606814613
381079038
233560715
500970180
863442403
356902881
408017971
401287616
105971488
169880761
107509116
926690321
827157918
742049248
465385205
105099572
779235569
215805523
722487077
858796104
669996631
650601819
502430215
173626041
723459129
14948927
925960123
337424432
363688757
540817050
47379217
210782481
436902910
227722646
130121046
818990374
629235701
139880409
20109752
103775649
934557246
654304727
65042390
362881934
916041638
310972926
968999078
151292555
769387426
900069918
798603210
947207665
716572865
670323084
511485194
544208170
339413403
982945747
698328412
953384807
645480201
799532069
266674032
256560576
217462276
176460450
338422334
347450187
586220058
327939789
856326002
226104477
134406898
358991402
272811368
634433732
790499056
779443885
648100092
168466057
716740409
121581240
499304129
971098968
395773994
206043173
529848188
632818655
955345101
85713037
317071054
391390950
718425866
998609915
549526828
320454829
707041377
13506304
295186215
266011148
654821107
92413445
329909984
609050729
391827444
264384431
155033304
371282582
432430052
566366536
904622925
768238136
842361960
332192051
338799221
869725869
194313848
716619253
589514907
689210024
950028201
159126668
79314751
510296559
973690572
985851281
270062062
390409425
775846717
396789694
967108263
800702582
337708857
17566929
648892967
434747583
628991566
438851687
193986635
310432775
649209934
845974068
329251783
318904305
186555991
217055469
3152796
632634208
301944026
174761482
253032599
522881872
98773151
653432377
55007229
121207404
884027335
310743344
243236730
96609756
826662801
553326090
103370722
319770058
732941799
108644024
808316208
996111043
134669057
757191481
800058266
315696901
916332075
354868602
653560735
56429504
333501243
686699631
504454405
378530806
834550039
698398635
730214369
726807843
685981266
290864630
96886092
678554400
473774901
636317591
532603374
189988267
305676885
234745178
727755041
341947160
511028080
921455760
362869659
61970577
78044885
570539490
176606707
695773710
497536020
785979882
731021479
357580886
198029942
67058919
235854320
638617456
589951479
288187379
3051154
308327673
688550626
601923054
345092234
607896737
226145934
976969871
811933685
697784615
475175233
673274321
127430206
758325492
356221438
598798539
148200371
925047771
416806687
41510943
417337175
892378127
295798702
578947638
738295746
289233568
93295018
571614125
266125272
136328350
170071995
16226972
299338081
244731614
70397682
542466470
223317270
843143729
946716628
531818353
110313586
806133667
872521024
163224324
268200446
975634109
384151464
408401768
777808102
805455807
470317643
323634580
122468759
178274101
396083118
829594244
503129196
932968061
938428906
817571646
402517547
671621613
349487196
385780516
818847233
772919848
292847493
184662625
611814059
161486229
724401316
822179402
969671899
503718450
262384096
116596133
429789830
639314803
878883037
899552971
471866931
336031514
162709238
857085599
904368155
640315795
626709020
267312609
720978636
419268552
751215081
278594038
292648412
559994847
807101002
124643419
66264848
982438399
44640234
697217394
384450211
327546892
14132160
136839919
85616684
414721307
762744389
271083415
95725095
282006675
672802281
920155561
562492857
790760677
956949817
834050114
717114896
741496374
13887110
707472719
569920349
426413003
180783336
873764055
465167028
846477857
796487048
412630123
56136191
63807848
110688844
320242065
591988698
504595928
688961043
515666501
760023262
457105783
465137785
847125505
941637931
49068359
933595367
181604816
896176377
91858505
367022232
902952435
595993548
233963082
141800387
749960902
362061668
792708510
8433068
126897490
547738059
804537126
371202794
918009328
108081763
345571281
976794900
3049743
986214012
681856580
87489101
111316056
192309374
556646883
93029160
312534784
278115658
588820956
8268047
516707173
93950923
341449376
469811659
757900830
553141725
146894570
433244886
8250985
243005574
730539831
45398
775384946
256965727
355346343
337146878
599076967
57370583
861122252
105408898
205167644
347345957
944175684
119798058
138595408
44845151
629985188
62724029
452615195
847761553
734486618
48670690
405333618
8891841
253972081
241916283
504993102
618342794
222580680
997429862
449093364
626685403
944936506
159341040
442402825
785459478
804771339
653226557
300174452
92111419
55472286
400984491
559819787
193673068
312432280
827236876
888031669
115223217
652391536
106663971
20159389
739316862
176367722
65411193
551803634
472219617
810298381
867317279
610453666
487168416
357266809
179614068
417390772
490567467
874142451
524950058
614430078
790260938
454850768
675346959
93072795
572725292
689877092
568189605
960634120
814384282
736274997
202358119
896544785
709300460
966013316
441411677
17877100
780678056
212658201
895503312
340143854
735471809
968198742
47083641
775389260
512433637
138572334
670670085
912335564
213199684
161767635
58383532
81823665
205437984
625916571
277200635
867036830
348114346
90619495
989170268
209460111
678586783
844141454
347897421
377494759
668268638
61359927
579610141
520147682
795505874
649587434
41189958
694322964
44254073
761404602
697038588
794594054
862859731
593257693
26754993
468198991
625595643
492149367
643238265
162542210
381024562
513834980
106610800
916747415
941167323
899492913
985161003
690267363
234880271
275070879
678435147
900789672
544395122
84591280
519532098
502750835
784979303
768842357
214495057
246880622
920899997
878893805
472697968
546445335
174700667
561344869
8605335
59616499
301803023
216937531
214373253
903398376
406041266
172715385
92887764
219624982
475153964
449495221
24036812
134470176
569099639
740509357
84239936
247884488
370202153
698776127
177907254
698231291
673072900
448620300
29057723
206358337
616601939
104436014
341999000
834225088
797143420
381205850
589079470
484436134
779739480
858092671
838889717
620974191
765642489
540961440
367330254
866976430
756796917
59032493
912438915
75916112
503633087
990168125
168454842
510117474
668182182
188334219
329562431
489802995
743409559
158663914
276772679
838467473
453140269
87040778
518295564
69353520
878557445
393701581
290419645
756491639
537093509
536253653
906346870
368756571
771883287
994475422
517518316
392671239
668142642
609258245
87023626
869252081
195297963
604177075
734702013
467447168
980857500
644818137
343172827
469360939
674689934
244805337
364015717
66769407
71834286
154266259
114611880
749573622
572477805
545339341
926618204
137619134
383987014
105197877
930816291
858123583
215544318
212795272
356654832
659689006
707618930
915439833
344748812
620266255
664792403
705486372
336408592
875339670
32333217
809243375
583445130
535824354
322981487
304718204
932057774
787616237
113798207
163374306
153667362
580891902
280712079
312901557
845774885
400673968
662773796
579838875
575680096
876261612
647000226
550087334
488353207
753044530
737565547
137281239
192825646
930308085
88359841
122566340
68624238
736030182
949283577
324609941
345257040
890615930
91120335
59957256
75876865
17668317
986315622
611557354
75597705
177586540
731716501
783015620
665179762
463352455
732698211
692753417
672008080
718644407
681581538
714832798
51949067
419666133
817736159
820860927
713236592
451909615
801654934
354316113
938730745
371528365
66555873
688823533
582895238
855436672
322624875
41569648
847812053
815813855
489295692
845327818
994722311
929802184
939453344
117289306
775132766
937220284
35163507
89119765
11896622
608877996
44147830
121679115
860962319
202442951
199500743
543671560
702663071
226625920
215504687
449468106
571781996
624549088
117432800
266875970
267811722
190706079
845658338
790009671
835267771
987465954
548856651
347036368
717640219
16019748
254686709
875636012
250937870
114085397
699073139
856564808
413760124
140793355
434286483
968285969
211411526
515710129
812966579
269078239
996928066
226513982
566799744
835250630
643699157
543381919
887142131
584346987
905859065
757276742
363580699
162969687
541323774
744244864
521035770
265244855
180080172
563896915
986409094
10220503
373495737
655864973
432940754
137505757
305897770
352480611
971628226
809502982
444785892
670779495
415624195
366994553
913941184
462533696
313255842
228319470
692389962
746038407
903661538
880957614
467728265
869319634
707350888
814468624
618434950
521968247
78996956
694480765
872185479
41802584
692198520
128465029
506771651
138509455
890965724
916949996
327584911
849755722
396394107
627243509
430778549
931546178
235487
627524154
577145699
965261160
797668053
688676060
365691010
241638747
64349807
747063460
271836441
113734414
229406813
248642682
227186208
390552954
21515036
122576940
46361168
250433581
730350857
192046183
203721409
667838120
470991264
761272469
496400116
717085078
341542679
662338409
245421537
793653145
712323399
822215486
849914729
94832462
310270805
184488034
295898384
562414729
820652794
395016855
780371099
970346098
386615256
22067336
588434411
734960905
612943049
848540438
52400989
599172399
22554427
681495150
975586599
57441512
735104860
991998690
339302261
856429313
688053013
273952499
366042078
436573897
811510955
814263298
901522476
803018112
928941056
983153474
913622055
329365945
158509811
386324963
739225878
156227006
729201898
235731837
507562047
867439595
490069528
324560485
285501516
686894709
343117905
848037611
517549946
192410978
148397017
219907896
415545181
540515948
363247018
410975788
104590402
886664797
596812029
321964400
612024107
986571109
653794417
754453391
129800256
88937939
569128334
643467321
578651409
808515758
374871984
834872447
496660378
136667667
397855576
745878881
712118904
426784080
603854201
226089034
640815502
620075495
202519786
957178176
708033520
468815921
518266325
102224078
807230375
644325095
487839158
440616336
624963316
692726714
289736937
301805207
69162543
111810623
386399090
472569677
443603127
517480332
522249986
130066212
915395809
681460795
621298498
987291444
394712985
500908694
889448709
611571600
596298190
520360370
443215608
944450265
695810038
877343009
479692920
127549281
563943395
786881378
340742652
505425363
728836224
779995451
940430817
184450097
611991974
752820568
906362269
639188560
733586339
270764840
483584906
45322151
67580759
345780697
718405047
573779459
285556335
269504987
993051613
280993837
281008487
644260174
143191625
342846692
582455158
597322909
291949535
833316550
914240232
138166558
219934111
130851062
433508523
805819432
546242344
361778637
426044472
28741342
814211180
867118120
575027955
90109644
93431163
801335375
64578031
793004694
132229118
993551097
947113720
970797784
743759320
663646388
919247376
423396713
181726694
554974396
602005946
301820688
470469825
801023043
771465300
685161168
751303999
997411740
749894203
292772707
761289108
590671855
292745419
110514150
172791863
998389845
342859713
970011862
72202605
403852986
88687239
256784951
328629594
870413675
529698030
326227063
485161454
93648256
587727915
388735213
993418936
568635737
434381893
258460251
677462705
70376523
948858776
569967990
984101748
288462331
996475436
125138139
787705538
839595026
61445361
207335521
167341094
402276247
687353194
590536596
192720578
711063980
926302521
823436750
79514909
658307952
494192229
784426135
756276944
521104068
64284675
576579165
215479566
475361047
256042561
444753246
652255525
495965547
706023450
232312805
175313731
715133703
741983232
241920316
359386671
839004298
523882845
813360800
420961875
289776665
849382931
451148061
750045124
134325855
574067950
816058707
221439277
480913412
569643264
129262754
745810978
467602310
63241323
656968860
508668645
792664565
232759472
413124942
450338454
329860374
647661696
874177081
967881484
573161098
459915005
100317659
796850934
343522227
382950008
783936498
98786738
552511104
986198314
443521349
522102094
444559387
930014255
462786689
453439049
214830946
497599298
619960122
687415603
403996530
999687389
60077769
387425505
228187107
598577125
169032120
188039999
672030911
812666086
753398075
527133165
411094324
320856530
495933580
274641337
513457688
667791602
701250857
175093963
720346293
225696759
330409534
635388088
933384972
581524551
555298541
929829671
541144050
818204790
593472086
88488299
890167252
323244561
149257390
967805103
583907280
819399157
394275096
269476280
955096987
588815199
680785383
144197614
658290057
388709258
134696670
885648133
957751598
957331485
890680607
903519020
201111188
399313623
337362129
788689223
788541797
594053693
532455598
956997924
805909038
42374886
778627395
724272768
258816060
235103404
568418262
749754817
518947844
867079291
719455697
787802075
135155503
767616289
808082805
66951092
933077394
689088809
913458159
415816704
607898601
756598754
305842859
784799685
520174540
711959489
928369817
702679894
244893477
720439815
645142566
618062166
704652569
808914094
733470124
94554971
254560072
640726780
312679600
199717874
932010688
864566833
588171071
765697940
56272945
516360762
995892564
348229840
458687003
217780098
925212648
80947195
409484507
198874080
57829843
814460415
504666889
720657055
645743445
716653516
42409699
542683684
116517469
722434565
179179228
29146848
67220894
695072428
714328
225837421
335066697
581052907
310396048
172787229
642196563
807925836
8241262
352301149
687249168
695859483
712185525
652795441
919289498
952752529
625784322
870597975
942313852
191861461
147783815
612640933
803927714
123585307
657021742
718204015
857249656
985984511
736479479
254942737
631177977
336133171
753345298
440660707
627947464
22856731
591656621
485665588
794924110
134217734
901212710
346181533
694304614
899857560
430228583
239904140
723020282
550198789
944101228
524872001
398413612
973510114
974343602
971559057
690975435
71542683
412193168
367979727
180205735
877439675
730921257
980713074
352236895
342716615
228138373
239839062
919033408
385452067
550259932
232577385
42870500
95760495
433754822
738540979
224350346
501129778
857212928
789499954
372834349
799183126
415208894
53018240
762878719
370012409
924986918
568006163
594287263
313135527
764256194
907883932
482152226
448836920
211987867
116658227
148049064
12916052
962501427
487922359
794830402
826450333
172270849
247642696
855607926
988051331
189101358
20866076
414502880
706894203
509421890
357392688
188797126
264670729
480328182
724303399
598480481
55379171
413412099
334629077
154468297
859707849
814125652
158785805
819140624
706234278
615535611
611082883
858158130
111198508
597805986
310382599
992501373
95015663
2837151
847851672
148051448
817656575
817035461
161838838
385804521
426949169
76353821
576108206
204272435
531687549
227220816
34989740
561550168
491809422
531455883
123249541
751220828
208095182
489118538
697718873
695031236
43324759
195909785
399673695
226726618
486619161
110600952
64233818
415855979
726375038
740866505
109799778
97328758
479143362
300681552
132078409
953022995
207234053
329455717
264981943
105974769
272154246
387217484
458509787
968799580
730022270
534614546
538769006
413629055
599099881
882891095
98393040
671519167
94857151
735441212
596106256
267096871
326339704
526097369
444764118
231205851
545279422
27275327
108290284
959929417
567207441
401408290
77761943
148753128
176616876
261975216
680269386
550242679
430090071
612651787
728421387
918623813
891643769
712518686
216682731
727034174
593977345
677958202
522210993
509148572
172725457
577387135
529810969
919927383
979190233
284657499
766907640
774032923
743158447
489886113
869393007
432967
87877947
154299428
506152284
744044667
673359936
374520094
73877037
539276195
766044708
780024892
332556610
753348204
569593346
675511836
528310221
275658465
840476032
988468088
906880682
421410035
590503594
728894389
519976161
284215119
300278727
616646149
873873154
166879635
110689055
951317588
173539893
666425935
600175887
744314171
213785916
407140738
242668788
206719421
561704186
968344818
139825055
977299058
902445919
784580486
753929277
491308393
629461482
770461393
642044522
662785098
340599461
489154146
700848344
879349107
307766929
710902649
87303309
6990897
195221264
378870022
734623160
387201179
16089741
392383300
51401797
537376654
926361583
397043810
966039372
217886459
432854821
494483202
471641983
344259702
154317105
53665246
839561147
362300718
128697188
317510570
588733538
160065107
760697913
808677921
233956306
475647836
312344282
612290458
229650070
392159025
168606387
534294866
192476886
134927055
262440960
912000041
313082191
410285257
256477155
207208992
96901150
267379831
159701584
510905253
818316762
40050761
707179854
932198513
808000014
268869144
424994774
909374790
708601874
143370374
514963862
148816883
736670488
344085086
256079628
686326841
624739494
498723382
531084712
680089196
7417737
439994145
969737122
850739200
664476380
709614911
729704203
46895982
774363655
761461114
200207630
864328457
922130381
875468360
385048417
890987457
267497261
571642470
61762780
628699972
248849988
161276629
346619378
345940448
937807023
929159876
407399357
718440762
442851319
567367065
915682284
373759079
720095501
690580596
321269917
354501841
114035502
966964858
667105093
606843021
673534091
832670299
690042542
843245044
469545567
954445054
125389397
724432
254293137
839148451
997765955
757734525
214002576
432670150
196133182
95196978
294015479
790351085
863876400
161595664
263627507
30218007
541207322
302772785
942398641
557843169
393022601
6814124
798716937
109388297
784530136
300373224
809055512
960425540
314091006
627825205
96551597
631540070
847729227
96207118
687575203
841154935
97136449
674364916
200660164
335725735
663188368
688488558
922153519
276589922
185005459
282795148
643203744
349861248
457268157
292268513
884293234
856719111
216026973
418047591
730639219
331905346
402542582
823290847
454059910
947107992
340884142
41259668
61021866
743471427
371187677
762249989
252722417
413721375
941236494
205603595
241726200
972731026
429093006
231177628
258282624
346721491
363456597
687313409
445509502
122621854
763200567
991214695
95422173
127251583
30257937
365771409
762169743
280596076
399353839
496701948
334062233
661832873
628804837
886414303
634107546
812899192
752221726
782153017
41045065
574197785
621970409
786755746
625821358
446294205
173688917
353547076
477400376
27645916
346252409
645717196
769098471
935147781
742080216
181908644
936744462
822632197
431268385
179725078
125386033
210669367
720883969
635553787
958294855
151305240
45303889
788510276
107790742
683151820
530150542
850449250
345156079
76047074
342625662
414268502
322960044
470804083
182596749
204855446
636941508
400321570
853033379
947271907
818564091
775151620
703824160
83891443
497047067
972294578
732356889
229767009
474434509
538388706
996680672
132668756
643325382
450066624
619746475
843830832
870016476
692168105
191567095
50269671
483358006
790460058
597933650
845533838
869925365
747147875
374044795
996939053
793356821
283399480
323058294
455915892
523303286
210647697
985024459
171139988
105977488
385113183
601766836
867526002
954750688
862782988
211242682
427653072
408178791
339015497
134261916
351404207
694894478
531105817
397857713
877268746
799923701
33165240
442986360
91897993
782846484
343939872
155549536
880181941
32520659
999717782
575583369
327131458
681116911
171752077
480468880
544745243
52036994
288862316
671181125
879490253
938300694
258234463
260898649
285680449
545265201
991049685
413063768
137555715
826693466
138415340
540260994
913947794
491117343
614008023
446296306
682950537
43752290
4737504
689535904
399828795
73752388
904315294
699321462
158991414
437995378
611846264
374133736
669292867
316746214
516466978
402719601
768773363
489408044
579077128
733259087
516379222
777952092
156579290
646102399
608580164
690944711
131412169
462010048
221624779
277219136
919822218
99903861
399249491
1270562
126640042
658528273
239881859
228826096
227244788
315037912
14311482
173710673
422830455
505540835
247757186
321175299
24824048
248340914
582128137
80605279
958702301
352034566
838362436
833004871
302782241
143394673
329902137
715680374
272248892
992376638
454151970
399161976
304158012
234823635
869631038
182790825
748268432
460927170
389394807
62702660
785411484
527837740
882393148
860514333
443828113
917539995
147652259
950654055
394873630
210626631
285948153
940054358
986810567
704993372
543509356
301355589
448488850
253439409
157934114
57925217
944937918
783841478
615956384
56742122
784891003
236883888
731668098
696954391
572792868
246290599
949970868
332599272
398883054
293302817
996608487
902697388
222558604
937212416
960172287
393298075
706989066
109511586
165461439
553123963
803078354
899332293
424504949
325818008
334125240
415406551
565307851
848725392
38746651
564317466
770648385
68837637
376167486
730968915
875159371
608873617
916971527
227088763
558274310
458398560
553214717
212371693
659804603
345471217
101474817
553407046
473873177
654168785
916605573
905531993
399271532
816624144
949463567
227444491
958361279
161401097
695676089
223090255
857472367
51918936
566688303
696332290
497850306
169779585
309026904
568523728
351460357
851574342
514893554
62804034
963585314
869339646
577318414
672838585
401270995
694562638
541881000
150018929
339556300
400524200
349913897
501391383
901669678
47512343
938039380
369092512
536543675
30988434
5691135
476084550
499661892
315575522
969646065
357318986
805739764
348176931
353444380
454037072
417544368
385195456
813024374
852699297
184350500
851611289
912604627
440833497
975203208
769266842
758655587
550817756
942436325
463959320
686256040
395204858
435944610
659886154
94624145
304945099
535798071
341489192
988899096
807265711
446965076
986153394
86544803
750219744
139329018
844603005
423267047
357678914
892003890
868636840
870010684
714292745
342520556
206517324
981049198
33715181
435503682
873249917
342757634
290083169
658562477
708534245
75147544
837290942
850356302
50200364
567643106
75442080
53611875
964238221
965598709
18908993
903836148
785977383
694557134
623420967
229495106
752472283
509394490
991033399
354465336
442430152
718496041
739325396
488684652
172187948
144933792
654201549
555952140
394813319
513945168
60892352
250845504
345513946
173641556
45124702
541259357
402371373
15853852
508546770
844693506
484609352
987863843
590163722
787208783
123631603
50365811
863440517
106871329
495214619
750794359
661955382
665060091
356549113
468289350
873880192
882481789
817681554
74296347
76383446
160600061
276201361
374583132
880309532
934362408
736378132
284240305
477878346
648423957
541758330
990496903
493051292
705437153
307010853
432338250
275628013
640518068
123138663
594778387
870244905
213704593
240595912
55106562
531465169
869892715
54146383
77438694
274717086
815275394
573094435
977697317
475210648
601443850
97434562
28329176
323924025
238021218
568573852
730582951
437245025
324823125
442284987
402695932
703544441
651139506
865381373
305041479
457485585
159493124
292292764
763917900
934057196
747423997
56471022
677757292
774823662
41284228
580656257
104865196
510277290
363569797
412391289
45546941
27661779
154988695
939386601
9476819
682699325
982200214
397170548
557021487
205898419
961677778
113021063
369761904
661139578
987711262
254365941
842305234
306269695
204581074
665635221
623734799
457850217
932769223
15527511
492547537
365853182
204535051
287146206
73802116
360810820
461175900
875274259
313820172
326071904
18683141
853910933
977781080
686078339
21866353
115207178
778659947
561807523
938879235
410152215
329522185
848783803
81953117
122506706
986083861
934163068
855059320
738164205
444595880
249787736
508827250
913352109
226909744
795512308
152333404
128996129
619941468
376264774
988158797
818625294
715829802
817359240
381446598
50614465
567097446
309276130
549239249
464128135
514170659
707246148
266937402
713196948
893782373
732084972
909444999
910785080
162877660
773947209
329384907
723452067
422055443
159745048
289553416
261912991
10763356
885311898
717228506
447282646
839676397
205533340
893265538
896437820
854530770
492903062
598758008
96421029
245369368
296922113
810553233
977994454
222320271
552778689
510172600
754139761
276954083
650424709
346677391
74594109
82525651
86938172
286464539
531638721
391152502
97337280
392012216
532131446
899979265
589733317
648113522
629796010
601046103
512516194
253335156
388471921
986072717
497026627
738876007
379541228
132744512
335565348
116023294
291719913
442091896
771275124
348414410
494764909
223053841
120760429
616632477
294508939
94452847
731445005
358419180
192187545
714266899
347489389
87728263
730078819
452191675
254207558
883990664
154577478
351729695
962799199
745874664
154562315
331584937
294274540
369395847
856878376
516301079
824836388
247661900
950794857
862947667
881549273
557150630
144346273
480241997
959083123
229538864
936441517
562071056
538954174
887930542
296652339
927705888
575600179
444910369
732316992
254694847
998162842
91274529
834271889
878134528
318339351
951737085
338871632
691786970
432112627
296929389
415252905
843096099
245713203
865971985
388440934
767959897
481435210
311819804
124629785
992096690
734259290
234238126
635689797
469683075
814365260
14796427
906699858
676478646
394153180
259959095
840822468
678834511
668933264
706617899
485428636
142357262
669461852
894449940
323388615
417790626
102981847
863448033
553387446
427665899
364969324
758384066
56382360
167117101
548856997
755860885
834842122
96743454
965400888
737890320
691389520
289911487
163521773
535426346
24206938
223344405
766745417
824722378
360357645
32655030
114201631
634654386
138255988
823364883
56286783
978988671
410658507
686415299
215466716
399702526
366366976
419126837
815727647
763171988
170898197
623056970
489407450
30445409
806968423
702511387
502824086
632799913
144426575
542553038
754160451
624266154
520410644
143683705
715904865
908834800
951948879
277925059
68816911
241116277
591641661
279019122
888323515
889625651
7110483
236011345
686716211
480245435
752315823
790732144
844729111
400483945
874783631
388444149
659876351
935199064
399639937
221852880
841367408
879150300
150312824
954209671
992017533
990328038
742504544
293522422
575569002
910311292
222538663
441215900
153019302
889105897
236188827
424031593
137782126
387568243
929933131
385508535
612909507
927882160
242190090
64404028
479338330
248534855
727351791
290133510
119067088
62018069
945520063
185907861
178305635
700497940
706520532
887703649
80825608
549131690
823910218
760322068
399833415
928194097
233534194
511472549
395143224
785894961
270644724
821630098
397407285
7288124
17767267
885270504
246137966
309558973
977590618
265673253
73779160
487052854
98682969
446954307
491009800
462663342
97811242
992536267
669910960
30084565
63107148
91458514
610351251
980369055
563689375
364395691
879780043
543299467
209778404
399429559
845132332
882019698
176789795
575507131
531351104
398401060
245742057
843797937
77221380
853724287
571524105
949796864
671886924
681036046
790950666
615428435
809974109
132612988
598876391
195770768
569486763
710534155
981866034
789259921
644341833
666421428
804916387
778010345
803201915
414609915
604614262
205297461
759787183
52562693
648688261
532253129
470584915
889138332
587990548
257784567
362205968
482106715
535153342
299094621
790715670
415260448
522985903
849773523
63087407
835175037
294993432
648086958
387825993
310255125
837644200
117816473
14106860
773256797
164155385
466207545
321937612
545981177
118436530
387835545
207203419
547046720
123798402
745212515
5918408
688828713
255180242
83755413
69458602
859544873
961385936
574732225
559016647
147956613
186795387
618947627
512839712
343435686
621770885
819011164
994302124
558791509
989544669
605499397
539425556
46425685
52512657
635020635
554861595
299538810
898119338
2224043
21099156
451272456
340243059
422615368
218693852
708051265
725380782
416840928
967333782
102757536
415901107
279386629
16805325
777536739
212934749
11799676
401709821
343011559
673945336
579570485
838524286
118119152
262986174
586838176
696017406
775230664
208679098
652324687
422490878
358863650
103323894
62687400
21243158
788386733
53178779
281556578
606155532
494165814
596813164
741985886
917275689
506613664
740986359
420204092
73815116
62741587
926834003
66884259
721289012
170720697
154401617
583343660
519809745
883360158
49730760
914653407
945571691
699585693
776529420
898248297
851036686
655771019
324036263
594714755
984097591
367211000
829366780
387014327
431086850
640259614
754276721
119486312
115235123
77130531
107338463
830753420
860113000
661702651
155552004
35158083
478536399
120209935
751958052
153925431
677341198
2965128
535903307
331245616
730080520
214039764
22523929
717809725
380535085
383031768
707253090
63452193
484936997
873422448
118294275
998080419
173066029
793131270
899675114
56054304
987076073
684004049
666572199
717221552
853182175
547477627
414486925
931439144
417239800
84190820
564793285
505084490
960888054
564231727
402718704
970914065
228077264
979870221
431554514
683762967
477919627
125746241
982904062
783679937
218764370
943585743
800671456
239631411
592857222
780629368
725414844
597306213
349204395
874452569
170396233
406417771
33296368
143676126
655532833
215198257
745998972
961986505
895939753
469416175
951716127
542776372
594691186
859148002
822694955
386383363
41317497
678011119
931971191
238218104
596078344
23382291
906409570
616836752
386429472
72252716
230146218
676482239
797411920
409060347
515316572
713781779
146695867
384824771
476345170
65795516
518587406
62900967
520630870
133706214
480527051
160493546
425548940
309095411
870515375
760117043
894794847
883100637
179806518
868177764
17866539
3457115
564896736
97726305
659858438
29844855
749969057
549189852
453254423
293241025
510974233
729447660
735512296
37248896
988514363
153559541
808737416
308157430
474115325
259366198
676290501
34721276
28308117
48861134
577512862
487884938
163678885
942722209
777918115
667708969
869721468
522034857
394017319
831645109
283533978
764971871
262146252
172464802
292468958
660882248
611644283
517804832
291764877
267844327
950252988
882396645
854705805
726628271
478175691
200203551
533340199
235670597
817398892
556345658
968905818
603037338
522338261
927125773
712129751
512042513
907110777
840223410
946289985
653613682
292579473
729409330
556518248
430101487
544987677
232220023
6564291
5944357
815889241
74907526
211391028
762013854
289243422
368735043
946665550
359102493
584219041
879781254
587635298
960691132
315167882
354763624
905375450
706917675
415180447
827983839
59076556
83126803
165987538
846351297
922883633
291525316
713356539
326977399
489587880
265835049
219788697
312105672
473355654
217691565
495431307
723777701
462795305
3469076
840317256
959197410
801041395
238222233
292457132
1869605
620395406
125764547
44415492
721641065
176815657
689214740
664708784
734631250
662731768
359810544
325644896
355868940
727976763
236581640
538564966
288342334
994043441
746244509
543108563
90567097
922003925
807610943
683924749
213564329
854089624
692242790
734333421
640593607
901555582
739552568
233691662
7133149
850596092
22227407
84503227
447598069
208843492
983375210
600147948
994868523
568633290
399814112
215618026
774364054
240768825
407229852
37057794
966242562
752358263
87592358
425797882
528624274
928068874
12668602
621882289
47275788
236604563
410211840
311438000
376824824
847868318
982882178
750263025
206076768
985176444
125698956
113094480
506788611
961623213
744068214
561824220
862869717
911915063
782044101
802819949
229910364
435473397
124820908
35343044
886462196
997131238
127683083
732797884
447812279
938239545
86488207
706808581
408475217
983797925
40841400
525464998
632891483
998726314
18149736
496247611
448121290
489788817
12104305
864386027
829641083
846121458
668956838
190469112
650081512
632687975
655028346
664518821
699113724
542891611
9632990
198260536
373177960
15880879
356233393
376613324
111380027
913147646
362013389
490704972
168126625
501628608
262288059
549399990
957014402
236343313
288459133
368040823
333258453
169648356
810026447
720470625
751620391
629060450
568581935
750731796
501135925
219545857
395574639
546992799
629400893
732485007
28216150
136941291
812944341
895776568
934357971
20821018
775891693
621707865
171898503
432354826
538883948
809141082
233269921
802702279
704833823
632315283
651975325
626279998
859267863
487353749
654403311
241291578
953306873
388366612
433787025
682478273
967677291
511001856
171219834
236096364
360261530
492040166
92954069
120290221
955060340
101671450
573084990
848744535
526823531
725745421
801986314
243020994
430991800
1058138
769897694
893364932
462972040
81988110
669144591
817704706
848121641
293672002
505100100
709174066
180441831
666481895
971256783
404239320
27673322
490014997
16546282
442829792
515613601
85907072
92085760
278188925
798184859
816769599
211657657
174164523
52013659
943888768
306288690
511916560
781119453
364382216
124068927
263258493
982383236
581310660
73935078
577374111
808157543
444439215
771126818
720409263
496027871
538368836
206163675
676484165
912862719
178237306
413402155
653294907
361466830
645133180
151583012
147440014
300149859
601224693
326775718
278129578
368973238
757777104
662939312
376722344
136544297
518492774
218811249
609183967
238240651
507145933
873026942
465860871
344125840
860196800
846475321
236294195
236428578
493763493
977483881
113113377
579584567
613979307
134906848
898928310
548601156
45772893
312214041
476117949
565156381
559663135
516732979
292651228
869765079
317128851
54426102
994571874
964148940
259462103
793264980
727791975
94696325
772047639
113341613
638837125
26145011
47475650
640742004
674462704
917590992
448698389
911235431
226201509
945116083
763940341
976063794
862768528
229382716
695004274
663232411
539581425
633251338
115768317
825611950
865553021
726888431
10214583
861756055
470415622
72712262
455006531
725190576
895489812
202511082
635070587
645770511
336785142
131045721
28834842
680192431
449663725
411346888
944433332
738236390
7828139
99144535
252385626
139075284
702731791
669115134
954105403
601461687
521509547
209864438
860339637
422290684
831305830
411129103
737951382
435529617
962565218
517586034
453761741
873458234
737867119
102051220
115977226
412684966
864532480
995990032
167834015
571731389
635536331
994220048
656175884
675390241
467972446
307198905
849022239
320663450
115150181
894583247
2405926
136103735
361003542
166568824
757462183
344888796
628107226
293466464
322214454
996943057
613756416
509001799
700092449
607630391
604871263
80401813
30702914
478271375
806608181
658821677
820006415
156791168
979701042
636311968
650134220
755859918
595620382
409946152
333211392
187614852
740852259
781849011
390778074
907069161
406099180
361435696
58285938
447707256
215568275
752544117
481987503
48738613
496208728
2928531
461291205
10035384
302619121
906157927
860406749
153740203
64571710
239805770
582052185
874708290
51202494
185932885
71580281
454911145
523078055
101821219
678389279
952461702
347181718
665002908
795033829
348011707
928374095
714720949
3259213
95690746
127408475
643741033
570989080
868502404
432781625
798171790
624953666
446752078
389483173
962178493
134424518
277585373
594635524
336055534
438654957
64785908
542106294
320709263
307407485
256070090
377384791
732237142
249218476
202823157
843627219
889426139
721074163
343689071
184331631
187572763
494250828
773223709
579105474
370413009
855301711
495856357
578141270
599150449
944131480
404829260
321262187
368330878
62840551
835376037
805169077
846219752
875055216
986719087
576550361
376868203
260102314
278912274
358651438
681017255
934641347
442039994
660079746
252675628
931433501
284632976
382003466
990680876
10246550
703675899
78154343
793079630
9250611
83090937
392162251
949576258
696902095
529146790
980743873
108272470
959691368
823629999
535236390
567720940
105594373
257089104
738500895
458776526
369429450
354590760
482190759
651340305
665186117
480443074
397951902
187012559
644653041
224573796
682050197
567998668
387993189
98308166
375547100
781862227
920776918
857048914
162901449
654104378
39067523
212784504
586564573
790354600
69542919
604491833
346217907
289570205
884353823
121111975
943721874
750906076
365098454
109271374
222203368
888491995
332437739
497136759
309747468
863140646
732839555
706531800
607684097
238981571
385625358
798601068
747665909
531623789
398380665
320300461
120417360
548170966
504567726
525409296
455219191
375149248
153260670
985430114
107455492
48896120
324168409
76746608
728493095
87844130
423851331
456990696
882511947
573360693
334921621
130689947
840201710
151879435
509738996
539199133
379224410
641999790
816876687
855104006
413507113
965876145
738099880
327414066
211263211
771538326
669821718
619062116
476422089
418579701
267333381
359325809
389287131
467816016
212666545
212137787
848359358
848386145
617070627
130944029
398767793
356958227
270511990
270933910
528002041
143119295
89212116
988932669
218185602
118186477
574592786
369921475
519123698
776332374
142539078
577355158
791282985
985634357
836235114
907657284
537676861
208489997
403646488
655738063
810819714
85455572
759207667
229715743
959579298
189055498
696582164
30067005
91499305
434465384
901656174
629168153
221035078
582405891
593673160
769351021
400502752
257677065
410642877
272015932
95709458
252815006
721853930
281208743
127204471
857976599
393324170
992774960
152005996
556480201
754345427
946252689
768281150
28635496
431264090
773945806
378776848
57105344
217239930
997487625
977312955
198251970
346452798
747084449
908262360
39273845
933313533
814308950
754814969
645579336
933834160
477019599
823247538
772688982
20985421
564391743
834591502
555343257
740222311
680597527
860368338
914742136
625871427
693820564
381468754
779952786
790878933
52778374
233381795
322262840
958204166
11622241
761456122
88051002
811147012
360660016
743359923
58670197
624944869
379236453
853559055
389141061
585381825
432984791
899363295
808086003
122915500
89755115
963055876
977633435
608564043
820972601
614533335
458955785
772059991
470889069
888659867
336945526
428269635
958277586
588369691
985754985
797103088
266474055
389483652
164491093
342456593
373219203
258960161
425195093
692664576
303241842
728113709
569409905
706813698
793016033
331887691
544230593
27981140
793360342
756507943
605563418
328822917
178945198
982643496
796366186
269302359
566759331
731151110
176133679
930680254
311953691
631543280
740872764
480201662
217617348
303908231
489381964
358770129
859266434
522014889
148409858
547744736
188551328
853085894
921993685
309663464
736497450
699252220
712350360
444397824
835385584
641280194
912765672
797830686
973696058
313444971
392091765
185290176
243390212
979949106
967157642
122556745
938632216
760832190
867174029
572702389
665622328
229867568
422659626
606445154
162278655
88660450
334547034
115643301
257888946
187417538
817944800
418306493
973694528
652107987
852525462
453800983
687548542
133935263
446587728
105044153
836467017
296899076
68882277
255079536
381096002
990021531
942562373
426251664
364210227
311768392
189902045
171312846
170312103
696515016
578372542
868265084
268816388
856487898
12625115
668461350
233028810
292518555
116344926
51878896
399551681
336003884
235770125
378163783
932564905
208250130
936961328
477545873
360643354
85567614
903176274
506668567
843717023
977735963
225364515
52789217
351514350
142121216
924752828
770663875
420651170
721274805
468336684
612979292
507926191
624239244
154774104
551425439
42382992
205956326
9493220
508139677
260999742
761861157
406343599
404910330
407012332
875707088
334329329
570504887
578774093
102725878
740184862
69692998
777353785
859163927
444547049
834527810
90293439
580482161
89207889
889363790
461696328
553001006
915792817
79695165
820942675
762998710
583678960
214813202
31458029
520408866
511916894
433708216
14376994
800662177
443574904
78530070
103542066
634899785
259882641
587303069
74622918
310243592
153170332
505639009
947985123
815615112
367758361
153142862
744020068
232101414
88228340
205009450
296467633
769228425
205417330
529305794
85371528
554519413
237662221
898957009
584254554
500685963
499913188
750830114
972822311
336321048
13117411
779437395
1840677
242767170
640782552
487059396
146797207
248036245
940671059
812716377
388628409
614557929
282240349
467438669
673338046
283835834
810155057
918335305
953983753
662675610
894111307
88614415
163108055
665201054
528148671
648470131
23608479
976122732
259810751
812652616
625541631
521613426
602715681
427182925
54988911
731084797
872044026
981077844
884604758
721289082
665669979
553466346
678236044
971968479
621862378
60278806
706318838
510784387
178645775
95334697
946885533
996384323
395028120
874983381
722251446
250977841
281930475
303921797
57663437
176517263
717580894
928569595
900164980
885003258
158745998
46911505
388753670
330702908
603118194
406034732
205988751
178568103
126509220
601899607
139459963
952791216
136921378
169211780
615360163
666068060
797753622
344075741
968066190
664205624
660280515
270621711
583896400
625018111
788931084
6263318
951351828
949110886
285020619
96553674
34702545
699722137
167618313
690942188
23826424
695053869
281045422
998930290
708458167
610349337
981112238
565013289
238625153
923924227
987079021
844456500
619716784
775935045
184132248
78665138
427133661
868577510
644827584
112328516
60299422
72132510
235325506
272457066
531305892
394740281
493090019
736703497
790696593
806536976
831818029
162302043
458184651
396741267
345449369
56630066
409106341
932068087
218893931
100561841
67385078
828291356
947996299
378846885
352786987
58231390
144043381
36323592
711904070
864836770
854720469
326781758
175897432
523713761
162578168
184360358
722817127
485920954
535779915
758093072
534369999
785618067
294503550
439359182
243540147
906816741
294084873
339964830
354387514
679899221
881833557
242735599
593429736
385177904
684784056
624575591
830125971
234714369
260173097
819523512
99658676
360512462
833086022
740990497
626980333
691389960
55877497
16195226
252626257
206140685
227645622
860711748
116391950
618736683
87400339
495376558
949708020
391447007
330429658
356941694
762980833
477744302
108580999
641854518
455734260
729208145
510076835
156660694
525896269
983992018
603793961
961607706
853514496
144528461
658098831
921901174
848727488
827697342
829998394
915004093
548377299
896041851
590705804
861910377
166403125
222677659
791480069
326535189
544227406
946816616
436997724
711207504
156807046
828715937
184462821
186545092
515058209
703554344
445247410
752646619
487435447
902732486
411757771
391491095
119016289
117504090
118763722
215732514
293372584
762934734
134773427
368999351
219153698
104122848
748936156
870334715
60683108
704159758
148719349
896492995
177343873
353898140
368758248
471887348
737180927
423651328
826409510
551967518
201543390
619762029
834878036
76553855
994184388
74689684
462355317
67463076
45154163
88016269
867199445
844990740
692379823
74598572
457099168
71963968
693294267
947712112
143448847
967893925
866021698
849820711
53858949
484362038
979833040
33603637
626743521
398497469
674214728
248931723
13450965
668057889
736545284
460833102
850916957
271756933
36408195
961719312
285683147
62538469
169356687
621860912
421787095
906242583
126740298
961692744
382160709
236410042
39934333
104490316
218276083
711437392
483027892
303821446
747708655
122198417
374200621
660827134
451701362
321763345
145627045
891069891
316578554
646265188
82672910
791424294
605471806
774381017
200900165
306441265
553236741
377799424
277812089
176990312
304084744
625324206
366031695
632159243
449219395
272739290
617769181
916755168
721295651
141573439
926754815
829307062
409777284
798609186
928447269
446697036
594433494
26161702
913288478
429408969
671956163
423263994
986257887
618827955
801928658
413821
783387711
654876407
416085649
763380904
930464984
509111297
107632678
98126504
80011921
559862054
74202572
102881853
654740394
382271642
701733730
702208158
696036183
68142750
925005631
928283053
640410736
347883198
626201841
657243734
127964159
78667586
352186729
122159831
137772120
135803821
758284112
756461230
109319623
255625829
277738411
341262370
575699928
598391144
507174393
213246792
189888674
141429879
978849191
850228652
472291969
553573721
890071047
626516394
137242111
836259686
858888160
548736195
870487844
229873733
407184323
720413718
85438813
270405032
939351157
651247171
478384612
922287296
29251224
832531678
9136277
564887443
672476452
563450485
348387042
72608595
508416020
881524733
844019575
359298908
39240331
604234128
444360516
506009137
613699169
102765182
301067300
640020292
59668406
810523367
263772452
702463680
226553461
924706931
51209311
384916281
258554921
27136986
908543751
379320012
281618532
150162759
199681257
68503202
345178356
58454997
752018127
328735050
257566284
336405979
841047448
585878708
74606275
831373589
390827832
945695693
254730221
179291437
184470856
404428423
661343929
958341405
82433500
289242412
967002203
898397655
199029912
924167381
495770554
284536548
569897758
6015472
496025481
106433810
15060744
317212069
322084613
448347696
617814431
5251130
322890026
337078672
210118108
273393715
503344196
654052658
854011382
926193677
644646748
951290336
762264246
61230830
761422137
82160786
879224102
714091413
202459677
665407427
43542126
623399573
775321353
127555648
661209033
573201558
729805673
476794985
504503786
719355542
844746439
733265416
74741119
846893224
623027115
632487029
232853101
108059634
362886462
109592150
854861704
427550106
431252891
573193775
659153224
817446157
212975721
509936582
948810479
219439331
904096803
863571662
768043895
830084416
800853859
19263915
568018090
461148616
828363090
621943197
15525590
615579026
882899370
965510899
524050203
301749945
214949805
755837230
618784878
244539413
566825358
370131707
759495318
970975491
803851604
422392076
276363229
794447393
825507119
273506367
297533224
528598673
452480433
837676676
211970080
505869257
531266352
342142372
841995824
825947983
45386933
144156457
124699756
102294809
391322255
581594620
314409539
332080599
21478958
678258024
92004443
575295866
482379073
837536573
279731306
904552529
412274452
333655279
257901419
882987108
945515690
900542297
922295122
973054992
658665300
803786453
445467366
55321255
9579901
343270790
383183786
597526738
464405134
68644121
372128063
572961800
593834067
160975939
246702538
59614138
352889815
681671050
130278762
8137609
774259453
749137088
237078808
999393339
999989213
717097143
954061303
567217938
105795149
520324453
736264470
923511789
554755862
809792161
47476296
18572278
643907860
926493495
150552438
42758457
516232628
673701551
105022239
639049325
244806732
605118128
508912528
126650014
51289529
338882054
86842948
628210577
459818371
968111298
804030720
806766043
855435753
266412217
255125079
361178105
419745506
5379512
913303244
126231346
14152939
368126186
18114829
5041922
258016226
282319309
635393399
690080460
807413338
869652134
621000806
182184408
500739142
374534587
436396595
556463467
493345650
685598789
279583326
728214643
725824569
185875738
702243879
903778246
211033962
595688297
239184522
760148887
810303240
670267767
207061522
491077506
217061575
407741956
955423739
56619363
597524390
956932140
656201189
761981738
62456636
507749997
803471331
869656969
436130824
155061456
801842866
817414434
77489497
815340992
491103599
924306500
608151217
450087181
327768961
520677576
771115957
462593971
365137863
753156540
777751250
751263797
952796472
510770062
502795915
210367808
84892496
322827445
178101694
784959034
221928829
29805634
933681718
203737444
822816363
966584855
601496764
136422591
149664695
374178556
169901295
509635413
762811391
151857651
246179592
341892194
307892210
813918060
918064868
380488988
931835940
632052456
176840335
275057493
930023366
135570927
799853177
121767081
619833156
461612354
276741737
687430455
133129132
978988681
67517935
376971023
940071372
325527006
678170308
728388547
809030676
680070531
104398895
426930072
146002268
759049065
449031256
852584856
151228314
428769024
12440307
480615040
654972918
346394842
923028257
25283238
59262182
269834946
402749482
509706610
536858506
964590304
286565567
205323020
147813712
293907876
21917105
391278671
542339227
942897421
842207296
445974362
301378071
490023985
537314591
356808876
802760584
63899655
128798111
789180511
391805646
943029992
823453405
960009538
711046640
914417331
201333115
698107371
199783773
723602719
52382271
810902899
130769288
843938933
779938427
323838874
337360479
880361587
411822894
577974468
166067539
917055165
85604454
291909876
109723635
42253279
964257913
379730708
352022380
730080236
617013984
321769391
235542577
470384031
373877404
338881439
369089106
116504533
414400571
825760940
340339373
652652159
748687069
861075479
7551875
871954377
692410534
871526466
452922378
282428186
339585892
645089752
883663128
586380981
117681187
803560273
491835995
253025779
958267754
512853222
776198834
246488407
294865945
528720357
509961219
523845166
975285825
783586476
476849215
761610890
436258251
941696650
430273069
956455805
44053986
853002607
443888327
463819811
519943269
743180076
451208487
166716999
199232653
991013506
481418179
470420164
805949943
738299576
739078427
32951823
856620784
407560886
675496575
614656655
940396842
456349528
857019959
129971853
371540047
137111807
567876743
518658270
400836739
431232111
81075033
519337771
707518966
453487348
877308183
699973994
517871408
904357963
555110075
116686779
742464385
713326262
887778387
654933882
768638998
770053717
125691909
449378853
484383566
716971212
310414285
295780842
951091397
336723110
94104843
887356867
282686367
999885622
369690356
103903156
901338633
418934340
755521981
742104164
382592789
657755230
15252294
724020210
129857107
378290334
801729160
605460493
221280913
592068355
42979415
756630280
722821027
20034912
643678843
151017875
821357010
336343897
104203374
783609672
171959836
674526880
226408015
481008003
970354516
328169126
264859507
895479282
603930461
832622246
186162267
536300081
773376417
176104738
356103065
507513083
257330924
457670181
558158253
73263146
387607213
418628791
323833843
484356521
442399532
432547167
420871507
69102861
39566136
285577346
786070924
135307735
215428618
862951194
581285421
739024379
866149300
358504205
986228640
744878344
544690585
547071668
897685241
420216803
67771597
375182313
949649842
180955167
371948905
284742444
672984387
506756919
29993990
716924808
678954200
500179854
876586232
59947443
630646762
14598445
325135718
773155311
41870509
925167414
470488404
184863192
872698422
841250564
718886320
317493735
54604035
990121170
188941106
482588584
46229256
30216469
499708350
753961213
494597486
894376350
521376072
144609313
942331345
971975977
565266765
10837079
379917681
921072297
849527922
919738697
893347241
994222886
429317910
380883653
913697385
111001557
938543698
176019076
736758710
963201815
482630731
119185368
183576704
663048045
125959526
159955844
109910162
630557908
415316429
588024885
934743164
544172679
616551688
163848134
889951391
461153627
289775293
634966405
496577434
440194651
56899780
560248525
757013730
572157458
977226982
252081992
86886796
532664773
689686970
907941731
141192889
954082383
525469716
447793350
141320818
309001057
18258599
436762268
45751081
706039403
456921743
773708730
704663591
893763940
300511848
390686820
784808039
649372430
676082223
77013509
534766098
501574728
622997484
367204379
300286418
477887007
817209372
788368328
813926384
782019955
136757692
326903769
807801293
153557365
191248029
516164393
703033167
603446117
621260645
802107044
774301453
729834158
630365140
286849419
250605166
615517364
516328501
335474221
232317429
653540589
419980571
32935087
599112123
471253053
570207494
316086251
927703178
214199298
838515814
105348614
557487891
611729696
808878844
758506164
237230707
461531446
258084865
541189193
478209364
990169247
581242287
419591977
896486194
790767628
710477351
498323388
692898328
91514913
191267456
102555320
991725692
360167880
880743189
413979158
167235847
275118252
164000405
484933927
406341502
911109700
843145328
495508089
739426482
270938265
594114477
706112168
917455217
407044202
38126476
739496375
813166071
85777311
701862065
143283867
142912754
793365888
890651594
893282996
704263893
732890893
348815841
817313465
668839770
810599896
869450161
797541488
969927274
319322526
472903745
86075361
703459402
259016491
851997999
25731945
197052451
606551801
904823695
797215612
780217770
491845411
766135716
664379916
504728048
35422192
664760125
453269491
655539725
915931722
285538674
162911238
809359532
141505522
6506023
246495412
637760498
267501102
694503182
809609788
653067334
852584207
529757548
949763446
966369607
509131293
427923711
337929937
735408537
774876345
136379053
737442536
135313810
387828585
548403478
808247491
751357624
973662315
646136214
819344585
104779677
953666270
666230635
24456684
482395879
11621382
887123285
563734349
744180599
875492315
217851587
273301141
62721808
990127528
244575230
394235858
995615219
641780904
979026701
691144972
513103912
351916612
10149671
212606802
605006094
15056871
549298003
945618948
552477249
158963538
929845056
496206956
200009174
619656811
450913203
835761338
719607922
208665919
320586958
943630447
439958302
913594505
220461261
793103494
295409871
549979753
912201557
754806736
87679503
912302166
63407267
232386182
491316101
535699088
154072945
585222642
843491621
723922848
801897980
803235137
648598882
804037233
834911504
587514046
606787758
761321036
673228046
728486262
167757196
375094574
759193070
770687345
181351169
295208789
404548141
943755895
237402770
597392433
48062383
264921548
177509884
775523010
241710421
632646698
84003964
479659823
576256646
956315798
99541752
23468517
500364452
891897139
164829919
545221141
611407489
114087578
431923983
659829118
978828263
775413701
476158149
623370783
179536224
388040870
754296548
521575471
123214159
675991756
826026535
305023630
320606899
761102488
819923643
774121450
826094688
881648849
800554306
834196250
792919906
905977204
167691447
893333008
522553734
609984687
400760301
127621163
307596657
293764056
407634488
939564931
246528525
429472044
227274487
265853206
696813405
913412598
816828683
356407994
248750349
381429989
700073948
111152341
612663706
242145762
817942139
664904948
906747749
187868558
414764876
153881270
258488726
749468728
782857829
55825867
253007342
488593937
18170467
725764496
115269401
569650374
28765387
547684545
334999850
159812452
581557671
967804409
610063142
932255298
434963150
561804172
640974008
284823758
255510872
364044228
122442250
198488155
696272579
955588505
243711593
774365434
797173791
900916071
101056679
735322650
206655900
690823312
727277267
183322001
579715901
252334439
985685973
315729266
548034504
142131379
901748949
323226697
519744904
341769450
787691304
449028421
372421935
265864196
357246634
627774550
928496288
436429706
860013134
826344070
922925932
601685117
699519069
799623094
395724153
698017891
435440430
659644706
899696306
668901508
745685077
747453801
301161417
285786548
781747669
394601778
677000477
16102108
212152671
592882657
366382716
78717482
344894503
962230909
242010469
76062663
610819528
880495790
249663633
681786194
464139697
251936101
30548043
732702253
219429472
637656699
513066541
378158396
20056366
368455072
126916062
37309198
292889901
719730140
578044938
84316688
807104539
842673877
296169193
411599261
522738534
575590182
209566879
522410364
26036308
239807104
346155207
479264409
266020028
272431794
327858067
412058195
825725877
587837131
530861650
108993950
640933253
198110977
533979424
254992161
124076303
834557217
299637063
899514073
359856739
866507288
655905640
753030997
832018388
275446417
354175114
989277831
595948133
186803033
941799352
576130445
793065698
705719979
904861423
699259298
158539641
487679847
2160584
108573699
458034532
571698705
729981347
301165270
848682151
910338637
350337830
952726393
100468072
851920337
823447675
894911728
754693173
407775133
174231256
197761428
431970714
924885293
462283923
659474893
983306483
723079856
462816681
787063225
972939228
123064467
451333154
975074576
781029609
74417296
237804924
944642524
457297991
88757443
395159198
370586534
493633356
848522674
506887555
966413253
319188038
324073003
995644302
915374533
185405025
962406315
3672168
517860040
344395717
867093908
983135236
776267593
976347084
730160864
195135040
463658405
299859767
123825187
682782202
577210338
820444500
374707125
415365115
255227816
644581407
654311292
248901763
55480623
682689273
73080868
695033121
907841340
406513557
12273750
945706741
500193023
607672543
753340814
459199530
612512832
324313874
260956274
311160074
493953125
602744732
621591811
788999889
646666335
319450671
155090675
856038389
821076937
940501634
433829756
484907049
605535911
646554029
55199440
41502128
489128112
81687683
859662105
294942256
815121438
419601651
665159657
557954867
832219634
437037781
525500873
606144254
327081919
905859247
786003272
291940772
398530075
389200767
947895471
211484240
631402303
390805288
285004997
533798136
282970463
187009943
268034344
695005356
178747850
107843197
807551186
817077056
305249368
938642426
799074790
768820601
558501456
90664955
726826102
51347609
151055914
85455450
110412294
702817093
577315363
251046478
770326151
20135265
768454817
959286538
58886161
129400386
568748256
303890685
595516800
266992386
509128857
481488323
826925392
12706498
218832565
401942318
908095810
102476261
51694378
567228257
143483718
317267483
484679673
815645528
336174624
631935928
321689427
797564201
303362837
576326611
702363665
599614297
375103015
37307702
21349979
707049711
597013467
352018541
395279089
315446533
194672436
988438189
297889061
652903288
747809091
599627401
914964144
740517521
563657516
916683022
319523910
679480595
354323211
63952073
331703183
103448902
345714548
902117285
669113602
793669671
300892596
205499230
542702881
891368624
393604668
556490688
762140191
818210834
54573351
8951594
744270415
598727219
150547633
928467386
501371959
908227232
54710377
922088806
411782816
127578895
765028491
41481038
338416795
463242778
631369788
351415682
165670913
786320203
20278697
350467979
739805777
443192419
413060088
843895951
284754932
758911370
577639822
624309225
511623177
947917661
14167307
279229819
36497611
351968174
721726267
780163422
242265993
903600869
577220823
210514327
941304186
810118792
137308219
960557126
575724782
692956574
221305477
608637016
228405513
383058355
149632546
482751778
469288074
977988245
758813977
976662305
758470636
439859760
249253505
129934179
836889786
732787628
781518709
462940932
350338888
614492510
342860858
235891481
311753544
953006259
487804094
304005483
13123755
342857491
937710442
66101973
398548663
385965251
733878569
597264977
492115302
585118105
618343346
423279750
7671644
650554854
46491319
31133414
345215148
912980948
423880247
261110626
788260622
901151342
519511347
800260738
466167861
218063628
666844424
209808680
76362492
718602821
668362411
92042196
368913837
470382427
8677025
86795792
667036301
948596982
531020256
955055176
562933625
169204098
714976521
892337858
248779257
833465580
655623533
913199168
20468120
943477525
805352461
536856447
766336061
763002064
332527032
26078292
97056181
345770000
34536405
493892648
64483143
875407597
219708973
606601811
860911696
390717235
44184663
919307401
938306592
220541087
832407283
137442504
886879518
858058859
332111339
896969486
52644346
155694132
502806926
195506409
7555162
710350871
656770813
890329693
493963131
230110617
863217862
471959740
783556089
50484771
286449071
112307212
115270357
182702400
291389938
400370277
795166265
720735969
281607277
912913222
344302321
722442500
350476666
877526559
475204014
818157023
141970307
188429331
561404274
775593709
633376549
185354825
798719856
476779031
99920323
136706170
305416106
795067846
738946708
505166481
700205564
210292496
973643267
280134844
54549665
152773692
679175863
629728474
824564716
550064583
955186652
75624670
896326689
49375337
457009903
690277262
430459433
371099767
834105485
52411378
356401072
764056312
912776470
895000042
429316830
493188636
557074795
568525953
959463236
827718819
373513
939334869
129413981
133584535
525840595
905025703
917428005
100000999
518206450
752949012
109129688
60373378
325284989
337239111
346723665
774565371
211986306
91322095
911878345
863486028
123808291
943349092
919427161
78106182
570896546
27124393
468466771
977240078
927114666
155362753
75954928
21293381
610671488
468233346
390012520
774615893
24549085
976425558
744417721
776090025
354350830
653260517
516309838
89949571
245357954
413866800
366082650
509188195
605135894
766784338
40863383
107995497
602142092
59316549
134232822
517680832
478720280
27529921
202028020
168528298
369215624
153914960
150033719
404477412
124394133
708558252
421095682
50426330
914735319
547899004
28587453
754326466
886098818
612935054
185797633
927464155
504096087
128547248
753779738
645657993
721141963
82188646
184733086
868927932
268628827
611072431
442351922
419462246
634966517
947615095
549643113
676972147
392828554
394366638
9247293
693546998
456553818
926323686
204215159
106260900
136444491
891253722
652603477
965973308
260730786
842722989
656979160
230761384
778456439
118973694
889639916
671701854
228690493
844373570
787800296
170329512
297762866
681192951
404825359
529407059
795881982
407600433
547800264
833774712
112501160
867549605
398893986
985369324
333695427
745398346
448082191
720924836
332988752
879989703
642198968
385630020
60463980
384574556
628980182
649014121
597577279
74508296
173539790
22276264
700421706
461684270
490266655
952022817
138937365
549519319
436524953
858347635
957413859
629691699
76020426
49492494
117094191
265676058
966526015
64972222
622426875
196156154
111735284
12859511
126693827
506782713
301142444
729495182
246001518
214534206
231282535
71049967
46750890
248900811
65045415
732585854
890812337
887394631
909683635
348565621
869083176
346143377
19396428
890839700
996663150
806159742
953943639
346657507
88971903
212024970
553082665
111529974
736431633
171662540
186730146
843974577
737876103
777168691
671662255
577811583
357949690
585297267
961876446
264776219
184676784
677726215
330811228
718587460
939610296
111333918
682478349
490294445
566910301
6377060
927533255
711132951
654272152
2829676
252777118
541158015
271488860
502519586
696412517
875202699
127738111
378844091
806794703
447192401
232503861
437403520
441984206
686744613
550756104
21185524
256834736
833721069
834117399
130639769
337019448
159928485
636028337
773535374
133429267
838860078
195019812
108209070
108028890
837297655
766909942
701389895
761606863
877430124
575048625
550518716
758410053
30959033
362041048
122400879
194152146
434182817
687283966
237628508
812729936
358680671
49394301
361217793
417843250
671268774
121026930
264867346
590770084
814494838
905913409
451558395
942878723
489650987
560949119
942462395
608166689
382159918
599593879
346344363
202684606
119148469
182551483
929701115
63174310
645956542
806181661
103914909
247939815
287474532
224424191
884518754
453699434
579698833
421505905
436292313
82628894
986884494
935739086
760248742
435964106
853773329
936911175
89615528
463666247
694106589
399241509
38681905
146121547
535069187
351487690
528801858
948722869
739580643
19879774
727536192
277741342
706549110
582737024
595872286
793344304
284940403
264068239
472396391
811624316
133915820
494865386
597831838
601952758
379952609
809473750
169509810
419203976
520877753
449876768
777927843
13935491
537393495
85505526
864438464
905151233
479069353
367994937
321166019
851422822
223942993
822041310
296478823
158679087
82348977
776898182
840731266
515666935
687661181
846522636
237713376
130825492
644688847
613778926
624706092
513026070
245411545
51778122
540976798
433155120
629907910
804250444
448061416
400304040
962770800
910847783
789583704
48737077
400981906
444155694
842500220
781638832
333837084
834516607
765137503
913063344
152399048
869654742
976187301
580882285
568581910
774529811
139584505
892647849
254669142
841283713
822206971
535399541
330284134
335586550
921882689
826726630
888179592
232906395
242753741
943445766
334003501
267900907
573996932
897332989
768515965
20765032
106812596
464586344
515595050
246854821
131163539
305741817
329704665
301048127
268639059
702300388
182760957
408238295
3927047
727080836
234199452
946062798
492901534
297318012
716002862
269029229
840978144
24958565
13212093
49920461
425511404
432122923
761229118
776043429
461798000
396665167
653788624
201800511
312143993
682911860
911715027
476603859
912515459
135517691
123531492
69107886
324818763
843886074
617190265
675312076
77669834
324778285
278540744
833841614
933405500
951607824
229645638
362787729
327133498
412819550
408451442
303721958
96711540
758899121
91198898
681407725
187063874
30816020
499082098
845191451
425592616
848332686
91725172
719316903
488905698
831076350
904401167
526894233
983105507
405060202
229548045
596096950
143629828
809200303
719262766
678700453
889883019
332954693
516825260
237939201
397170076
452477011
871115446
851746756
911761172
590766511
319400968
461206925
422206487
96921502
595823467
572830695
750592896
958808197
770818670
355726937
421149480
167526326
365398263
99494123
514782824
535307712
811255756
169247196
562564552
90497681
64944617
341209695
613520251
291305366
410550612
947235913
160625218
524795550
299299170
911816839
114407344
270000843
696682909
355802123
439683565
363832198
255884907
718557195
798891279
691461602
401005927
651035029
9462444
823987531
773079884
670412741
909955252
702932628
649676791
475483576
800632164
151548689
375475015
641583156
807878403
763700509
734161659
539637332
978445930
41268280
720562792
266608378
762615480
136220703
975679285
887637343
920111975
752299693
654164098
442618049
134887678
198865905
22901396
767174808
675892207
642752221
904222283
248498214
483097815
636629277
903819744
38011032
39069324
240806342
60986805
632491039
716673937
460608004
606823356
505331176
591957806
582879855
503201456
482750119
589209056
164776994
212070960
557165049
939207750
974983304
174031632
698203503
858911682
66773063
556053006
657125917
295851453
552296556
507347056
986652918
432831600
256090988
843079127
13533777
434020860
787421463
579980041
792030138
577602973
603549764
127870087
360504544
624512174
481032778
866123231
759796518
151520370
170877309
843692868
576979290
766335791
902987099
993505678
391181616
305607088
985202385
548760043
343579904
837604953
687209266
341227951
12104640
915174453
661550107
756645942
425878332
741406861
594083075
79066581
30466965
924432844
913972015
303438526
109881887
60707392
584141299
383397855
373332237
566223129
537378166
668504558
423644955
626247875
235796280
61147056
274339541
692648216
434831869
393235221
703413372
687570965
697997809
477521555
109247589
15015944
688350764
859941450
639492280
581911981
21940331
94917240
80372949
213891542
250907545
708446301
868327925
528138038
757680739
909805049
183685886
970132521
896126673
737017283
656780651
545367368
2867762
29583739
743414827
722878686
222390557
949225208
279816414
486165987
175108421
32065424
392398072
777511264
957089607
946928108
328491794
631440911
70420690
311830836
932331842
662752093
597732703
227051854
554366991
51304598
991358584
282874753
839000035
214689126
972509452
333637684
674066040
427770839
570492691
206344310
902331292
841047337
772121686
667872591
812406267
320365892
13332157
270989176
331462371
829782799
321681767
964793836
865941310
286278329
129207004
746947223
507342311
127090201
341614972
461437701
416792833
308651075
351420108
635573927
489154087
823603880
582187692
826188925
48905769
408235160
611970904
929169524
138524906
526991112
403947132
819107186
811672674
209146582
907941298
661336773
713927990
601919481
276491720
862117868
343173561
697622192
199978064
402928355
260023868
695970267
490151560
60393524
563997438
566021384
642770295
170096573
225157871
506513950
785984214
28470036
822214468
817154986
823330363
385190561
524310913
960679778
437199603
163078651
114802936
332274999
273941401
221895462
199048297
281855331
978598372
596706820
686780182
644072149
912570064
305586318
179961307
451256852
24419621
150695400
979973997
282564717
246637480
619172847
755505210
309918106
329855218
99570921
337254650
322010333
865570656
635927381
649157738
89622261
291070978
589591967
673924448
701164651
733150420
844972521
606372359
459736569
448833615
994826118
648236115
410292981
978092389
606636230
939831168
245997784
973181317
202599674
478501613
453382454
426245820
611858868
669559052
199828836
2397955
953061892
204227459
595901233
542672670
391511277
307659861
222733247
271310419
139881007
770495486
30145813
808605455
995845111
75556100
39718411
386738746
447267436
465200768
76451252
924081444
280457522
389221094
624697404
191849182
621090376
861759776
258291538
443415499
827655769
633570190
214212677
70048562
570070479
398935599
138479547
355746539
929379102
525327374
388854290
177024371
155124191
488105146
61671493
173395134
848840899
51603261
243967456
93928283
697411290
665250047
394628721
732672455
763832221
44060511
882173945
677289408
828294534
171567844
69203738
915594805
285135721
273605243
983456146
516497036
437826888
936723306
320054206
674857949
514446560
161350894
628317400
183897433
892273863
593009887
275730854
689673802
240414571
846875266
955789441
154580157
168856780
223765843
407419243
397050332
598546161
786131819
910040589
84149377
747786697
644499082
622917133
478645280
806680482
988446217
561968206
143194197
951623945
52311240
698864
419294906
365759766
473686034
569841032
637771149
632067077
133951531
573994132
160496926
471368356
391569910
743864500
973682799
753496825
923474305
184975795
968550013
598731652
881171598
88313840
489637422
132194712
645088532
29859285
599822110
177466050
587257882
877812280
413931100
802685418
466877403
360515878
448592736
128424607
791713868
228196257
457294374
644752003
322546712
98325979
894157020
430876524
945904406
659993449
617295083
783241059
786563784
884548957
837145133
712795739
142417161
634682781
617662306
516912409
269992639
58392985
237668160
85729690
921147378
395398711
436439437
105756524
154396046
934572522
744725167
345920048
330956109
764770726
340801659
200396734
26731766
680029743
360423279
128226085
829627735
128835951
82419558
754126459
504580247
743375812
908177705
673718977
284226605
954166577
739582376
507268622
938393518
645684755
851340530
754303540
440104494
991618315
225815555
947431453
967651831
503135049
783402332
497674450
582009638
469076435
233348457
616776976
204193388
113614939
460358110
864347473
836931569
683771798
512587497
661449068
423442419
24841231
225864658
34271181
4423628
557416871
305119361
390493718
70041541
127969421
697194334
763440327
395216033
169689104
148168964
701847814
4204000
12146203
921180999
615622602
633311967
550002328
969558728
218903051
213745619
344881034
103082001
713200268
867245259
670600828
152834036
92576654
305138034
261285402
920180128
117937785
857056160
802817133
36908525
506305016
546471496
971220235
891500262
309153653
886855341
628276240
950617286
348100555
83091803
810337576
239413976
393042738
219590780
598008113
361848689
145452273
833641605
91342724
840508252
241637533
355866103
793313013
129413772
758917447
892998815
702593072
530639544
275210066
768783818
155708092
376744905
150934507
747393534
216701794
423069273
299968842
396218261
211223001
534572430
262325082
718995566
496287859
64642853
529748719
350191936
758654207
761022014
297462181
130019012
344233538
153195288
858679026
901122155
593280745
85242326
738180249
223860430
743524227
854265059
684293759
43231292
99531787
241823985
491424570
695297171
727910186
412257798
474717444
579537877
743962592
878652955
618417089
993425413
767066591
945560164
778304236
172446844
881598153
598593563
79412196
226025761
207134937
602398401
911691185
247984573
126477807
214494441
572650779
963369440
795884098
128391559
934435105
883019399
721425222
231174278
599035693
286900728
609749946
212852266
480668502
326166607
945675338
267571212
370363395
688962880
643317747
697660516
230814830
65302146
880121512
498867502
778030453
905001990
140236083
237672940
943776771
950047086
713552833
517689754
238646145
688958925
453355180
36596432
721579896
697188782
63924281
262121578
242160077
967512419
816545658
550976837
673352616
141804124
123194449
408930716
103156585
596596758
712383926
890068687
93285056
854475632
557466890
900320426
251797866
892852185
992789184
547966184
967386741
834430079
278161370
597631016
259409019
793810893
985219304
599721751
394321557
446861502
219386263
157069698
963940515
280734290
298153445
376268094
225269255
190956456
438084049
981444927
224715292
720170867
764781070
117216592
533671928
254557894
951609972
624479736
587383654
788421201
877831973
921760297
200556933
142118350
366836832
246137749
814110355
146057588
882263263
373379603
143992329
424697178
558095498
185218564
321368949
485099311
182864920
409477048
887059966
934072582
800865195
638280594
857506116
181941208
977750592
207756582
329432100
29115983
36089962
839114393
298645180
611388381
887873261
705506945
567262344
995440767
47605617
518253225
977662011
426517801
900370730
232800739
167169777
749463718
548643812
372685082
838621662
284920912
340450324
865864044
156065621
137626403
541251708
732841426
284253588
239871688
939149777
291243801
650394513
588567798
961770251
520476413
288547919
838397097
148800592
262228501
964569661
297285277
887189660
265393966
758211704
237914161
867675832
557610738
760850012
531888394
405371905
619198997
647409684
348692086
214303826
28820576
588305349
310051806
595878630
647145296
676217637
155010248
419173278
48947781
518219351
17067492
329960232
693608087
964021321
531006249
531050975
710085197
579672948
395557602
13277632
36103776
201963125
13969259
930900153
186914240
347742718
731442645
764037068
397013299
966623557
293627821
896498953
107192547
779262019
827975329
590349312
198884664
970194991
236040648
5760773
467015762
583312031
981142428
564317714
624734438
144227624
337297676
534941722
908729108
391402817
66607664
638930340
886971569
750959607
322476121
870331451
941048262
328502355
539199452
380007881
82557809
874532885
95454747
913891213
982471839
331526087
685122115
820533481
983972857
661686887
791125990
895925798
738682157
507089868
533689982
472687058
540741328
502020610
384988307
677900895
174536187
510135775
313618034
54604411
17747564
279701660
731319077
56033106
699776797
259330767
185606384
197505923
625448504
646375004
970795303
810635836
892164018
745965706
47729894
101735172
657706686
413635626
989361873
211243277
738685953
443714074
144888821
729686779
163310431
323303200
188626909
53616361
235826920
352719118
644863992
367032823
690571072
752401094
886879649
149698255
276601909
305131372
996751929
519014232
797116113
860906759
491378244
160946633
171178645
935234451
13242154
254191888
875295625
776409253
871585108
109016073
657454679
146674112
674582289
941386464
406452588
504151702
469397378
482939065
451074192
698330993
527449261
308187017
985152835
522078876
319330591
763702001
117231824
11028266
763165779
744384375
233886587
52068929
982835530
85490343
449545054
261668640
947247978
849857084
745391186
120810797
989261167
77979693
195307286
14743399
958486356
470685080
974580917
853060277
535567887
53556404
369709416
958418894
149707238
229714249
916741029
615893214
308672587
829981496
466974749
878932711
379461881
823833959
23004907
609382914
175927532
655591298
207826329
702613209
582915387
568472102
219823914
340019077
155176766
613162283
674726815
633467525
711643791
932571711
201512261
162987701
988297383
595919909
527167813
908503803
107907958
752740502
373917055
341601100
219649777
134262437
347222218
345336982
725207750
86932042
697706733
990519238
812585620
284744042
233831993
90790830
710561010
668148980
762296280
717853422
31398492
666229193
179997574
668197322
953875616
757028116
161648678
151184882
406845087
45404879
611797323
581143377
550635714
980634589
774608188
933474779
434936038
931947310
61932229
715067748
912636820
922076452
653486830
440086032
436258788
302767661
326116525
537710469
154264480
109569735
842027642
268254034
841849576
454498156
9574865
519939611
370721607
555148588
909538693
602981327
64939321
518676838
505737010
266829246
926507082
146548853
898115641
876876547
666734503
372706496
999156562
490538767
134531415
967859398
132837605
77801088
626561451
396991811
319500354
896668816
469922237
56506060
66524655
87888451
401794783
949120543
86040616
168931741
312917354
763284890
123884601
547110640
511828873
790659410
230016643
510632303
680156668
713950831
721785757
252980190
614488157
951202879
41525712
212308163
81048
762699194
858447022
809345547
942272438
22270554
976749086
517385812
393212647
906695553
741906885
433815036
23212067
906373082
341055455
412895808
91470787
771131167
722989478
889877863
39044780
112837894
194778390
162005728
275172620
457108771
919609158
584258169
55103567
801984957
120364736
715746585
851012768
934890261
262709567
863659503
130684591
134036194
768814675
752733205
181757437
530476574
600578781
139570366
8682236
431001742
673234212
399019802
929379810
916714704
555760029
370036419
20458215
670178793
809350576
777147900
71109136
466821824
993883195
171354771
8555965
801184024
379964432
691766987
796702715
494642434
130153938
84059847
63922829
844146536
224433448
150306093
374921552
48450089
286184410
252508155
204618637
568433293
697403975
317083636
803120500
583782713
999289670
253358591
736267680
387046357
659432368
268644022
341894411
288580523
821077402
89699069
341659778
672370744
175592284
390655737
923332637
604124552
259191643
846085248
594108118
88458191
259421587
249199392
221183419
367915311
780336888
226716347
611214359
98308082
113393718
552309841
883634483
597387038
812170423
555298382
616017105
687921630
569421124
452573016
38626608
169992195
663308836
415456555
766768421
720022346
710520089
587615804
156872175
139559060
812265582
107574340
718140243
961872138
303356774
37616442
346189734
257464629
346203250
455570565
746158595
355279147
115556731
230806468
491663057
382142658
495142744
926644558
545515407
555947324
773516367
459517846
218217840
283818316
361504178
364667609
744772902
648771949
102371435
954433722
91408343
881566942
168676585
112400971
656511966
139985932
14266086
55544625
299362017
528693321
90321101
715063750
806501330
86122956
159556884
319421768
37785581
877325181
340463036
128123942
501666479
711529790
200364655
925204193
899701770
445264695
162778982
465809232
366200407
135943633
903066139
126551139
131406585
308227914
788834382
691322159
743003005
150481944
318992997
481087623
79367254
193479780
962398553
131351886
439548470
902556292
346427934
595246309
575163858
18389337
900831405
155924954
84734918
358928740
765720210
718753497
923710163
273959239
657193868
560528101
192324726
114298613
840817480
898746766
503392793
346537937
947043630
427897410
28964562
199261377
170935291
7747627
217613152
426160044
742748685
852234922
105022753
912351564
94022398
793407967
443783247
391948062
172839812
864318674
909884741
809916390
866886837
388178786
444138742
575319785
604332874
576076772
49842712
607410192
139003296
905828333
178076701
258090379
627826597
453546743
837305294
542528118
684068545
839872589
88057969
49409321
571192174
809428807
554976974
219795728
248182351
408327320
123864082
573137105
366376068
824466169
89725430
50211312
763803115
976986394
780482730
97272377
846148972
106043604
326273534
3101381
198015535
562663274
562325179
58750426
841637397
739365161
482022127
118193724
712533604
601978073
101739012
688847690
561182363
48065648
353729617
96119824
359562081
503500293
166835723
577782270
689335195
13847719
77470085
906556586
967726429
540094036
226329112
718155409
256071891
746764315
345889691
699468671
547804440
613646709
422754399
742067161
667998120
368230957
548040902
368859224
285984200
799259729
544288584
102301129
583228657
948911151
727991754
419172961
17007413
914552005
277253563
919945505
548733425
671958234
500344637
869433959
553344576
181847500
391042185
408490063
911999713
909392586
110725587
847825064
662011426
528092571
536735210
821465890
640280420
594481458
325446762
879492652
116872125
401497704
659549678
41224826
817892881
878017990
819110552
545241496
178368490
501409312
682409993
718789741
114576090
911501489
976871563
785657728
708569557
85272390
281424670
766230784
874557512
138980418
549205554
614298581
117838615
105154537
226151469
998878028
315685091
51930404
767439159
230042991
881564136
220506610
688893118
505046887
215400443
436071018
440580693
91296883
964546329
572406381
228484094
783106085
146909776
912649292
640873398
777719276
565485876
670791862
924540284
847197325
114813032
2499025
715328804
834983981
994411884
316987500
911904419
7224501
33124639
92829963
547094016
284236239
755012938
320340494
480729436
769186603
437548
525201572
777065637
361920304
170951475
885258637
683982477
155824286
383400569
863739761
336012470
449230916
166536520
853982118
661160730
643239241
440599328
835292671
442117498
585933822
562633347
618405594
740652660
551154138
501261264
829063460
282285046
604637087
163453
372182887
306259686
845763542
894148347
578163138
463456396
232453930
668844868
657494039
788473944
260041591
639578062
59460041
213439383
391393713
969828125
233469951
980614708
344890894
639255385
770120415
127336427
736261841
887616886
718635391
623999515
50526614
279304489
168054089
153686168
932993373
312580939
189535704
408676754
974442623
46220815
29444505
249820570
6867289
940797650
954990975
717235002
97873789
45457500
656746702
838631092
948669511
231033182
635586179
255284354
121043846
943926124
167000719
342280019
179598728
360933750
748391847
382142336
719746247
749109140
451161860
939585249
900276662
560042738
677936680
238805789
671953797
81569569
469165134
64670603
701670189
642592340
695746174
612996545
991374673
721525409
624034695
885146242
834719595
971350856
552042586
711654653
289938782
286382426
940558259
950041888
945047933
122041229
82586390
800419626
935099789
62522025
162064170
134143227
639691551
966197722
588898425
669537124
867068605
512562840
997379297
721698925
513319242
32104851
828777090
652635357
316622496
183881165
238894573
417901166
206567733
450968222
365627142
369660460
746442922
387934240
955834904
505258619
531276672
492070263
876877079
405463022
229175104
223729433
651648518
512478733
983052701
428358810
984549580
977541909
782939497
745252306
926242974
448742421
852026966
725124324
978023762
10679174
390735457
307564026
220049648
252323849
46045664
173338565
551080200
135375237
930212574
518502520
889192734
609199031
130316824
672708945
496028158
41694587
548859404
543564982
246045712
823207457
234893215
361904824
486644986
76955166
458377260
626043815
763886890
924712105
117135285
801021236
20130622
667004330
143301411
643955305
487686044
515809787
718318737
766356230
25473426
52609998
272947878
650337432
127655154
749315565
879954599
507897229
462881214
234063732
610861952
584017645
42462330
942465915
346153542
825500560
514178481
512453377
748851594
690735493
957144009
592484328
301677998
337483195
184307408
212182395
602961383
750077463
306971610
375762236
495800747
983768378
421965166
394177063
502526287
579788126
935565837
304039961
811649259
613868949
801053163
823281056
913016567
430348562
543118590
582700590
708133171
733953659
213695936
408195683
97414128
460690619
677280673
270287474
583998037
59814741
60788291
774617034
49954573
42443338
757494918
609961750
263331012
965218575
573203405
996711096
286332178
184453150
85827072
597408124
637959235
500570160
194856449
730915746
457956160
955989798
83254461
818697696
65686840
888210074
730863392
450234341
757341884
129347137
618982453
909994190
517943494
11796263
145753666
371353657
120156238
563165069
626155434
813065944
634252830
149685345
264099882
37496869
197559203
164034303
919928568
547464903
287498869
656459678
482087395
343517291
685152767
284668055
251034261
420129945
121533362
995597606
416802505
618053997
165376625
142845369
476165327
874534732
290246030
798628058
147973642
840538602
340129937
552685057
295866209
256035580
293132152
53093818
926518540
503908511
733468626
747635901
562105609
957550883
751538646
475922538
849837549
19806441
17526718
47515348
761234597
483077
196055745
632562761
642031292
810030949
495154251
743152232
554769719
229111196
78911048
146767509
558493330
958280478
733680014
963074706
340438009
612925201
27184679
412237405
632776707
271136719
650084914
745562267
470961909
973313106
687146111
677505037
950654417
534284732
588509767
592579344
884150737
882974289
238633481
245649998
215293004
360111609
357264409
693795799
374616348
958072562
371778971
236270775
166765480
965483651
60242709
827347986
119478701
315618150
426280154
314861680
909710448
94590732
233866006
511452379
372630230
216908846
63856228
247708220
554311683
161367231
331090964
681888628
146635677
928851190
542949156
689791117
60833118
769420888
191171283
294779812
11742740
433109587
457714524
823821582
148451046
637081445
614135353
230642988
736971546
350048131
241694867
817720095
423057787
559404636
640158016
129907126
538861184
165009242
529418912
398427204
733516059
156499059
428631867
247504370
247334971
195635209
439562264
181503673
49915990
714018373
40406434
751551755
425022754
310511437
381212572
253643476
154476469
900537390
648337475
443486534
599312142
643315266
552615077
901711198
313775644
468864165
216645692
946428209
346750145
107758688
844765680
982847990
901258325
162179120
445066681
818984502
618126516
596785781
563858133
156153280
959259684
397968170
262080861
935711265
156592778
696699003
720272570
281027116
983760074
307250383
360692606
948769573
973094536
270176536
210596071
737725632
9686564
677898875
357404014
927916727
503882519
715945964
14346413
540183315
389080670
8008473
86364397
244513462
152446425
79723382
702204137
670622988
603699260
15310807
380328682
556144279
521276258
592743745
4765323
428519206
905585862
283272027
745938829
873357103
754277696
488720845
7738354
555102571
92751211
691729756
541880436
494395606
79269936
162403426
522387718
23695260
801127525
305896469
154613695
234963481
925888017
976985569
983714305
491410455
619007933
336646528
275042407
927020284
743260660
904546843
126894985
651860840
886745531
206576008
175529300
688734244
711319083
413273298
146937440
952146420
305241546
415005862
606689118
263258992
351773837
309509295
430080681
892845583
583049126
722396463
222478842
707856740
932087618
740271754
801338767
625480445
925277021
160574182
27901969
122943828
539015179
843131672
700383663
470245252
544018605
552768747
357313618
147460054
39804898
232834669
939541656
216855612
950426163
626645813
360628348
390239008
968465462
991302449
18771029
970624689
301721344
442869292
150788422
961501909
313921720
929289978
341015991
350423736
120967489
272407031
81297665
499249057
511146559
860922268
360362513
2125578
225807586
108124167
323387137
322047737
765785055
744437185
647194008
505827882
735173269
541485601
906600680
516461901
569779448
614964726
539547140
458555286
15992827
257044247
713389237
934215425
831705912
752533287
387120081
772700650
82900762
841448702
578108904
757036476
711799317
378257665
896492092
148684258
984450744
960886547
275068395
988134127
758250273
477838964
491932254
660491657
990420320
601105017
198905605
743672712
749403417
548867412
500454554
709330613
476980407
701702859
320998156
381314046
646023323
869428448
172665106
886367290
312517129
821044868
516397294
124612039
798432556
978604421
918476957
182813580
995403255
547200635
623562884
558436473
187040358
669327565
285269742
307181761
903508130
78126318
795690440
139340051
914186572
224859516
409252578
219470783
115602022
652809234
945454894
989175871
733367430
594477583
930306676
811201352
815976951
651097608
979883302
414498681
555670409
945078539
549344987
313356035
532688588
422538632
792392194
478546816
192602364
802936688
24928627
564046959
429559066
385617210
883305578
531252480
215645556
262558717
384123083
108204781
169616226
736313631
859565873
233197573
33822554
654159202
828961483
488186339
314541412
571660567
599746877
893296261
273017478
883018062
311788388
268776439
194270012
928732363
855992174
315906880
390290655
53721723
559307218
986295533
945808238
587883802
516364004
791118280
262953473
816261093
277211131
753241746
24675580
848710427
652567249
771531546
831007579
489734433
349630706
286431784
229718602
619846776
352698902
462641951
695035968
959062388
527142070
519340886
896917827
25782728
325605265
715691179
81857207
830660813
407824357
852482211
988085520
662281815
714454694
770214962
427939692
755397955
985664376
674289500
502827544
957676445
388543223
865419754
304284199
703464027
762493903
296869854
296107738
280271185
745570649
900779520
168896251
39154194
9375967
898029926
629198111
347865482
769875173
314862672
325131783
239629878
288880115
598318417
630038903
22804694
22019844
344719375
596538460
698789704
99581791
891021805
21938732
364754836
361152480
530878708
872711371
38700290
143068303
926374217
354258234
152265902
102438202
685902606
924654067
177131833
307260647
557888349
248504782
156341984
417283749
896696860
238391655
981586529
110582852
811056794
250163781
610601667
488724406
627595240
276699888
297940120
335315820
868146126
982719526
604927475
883605155
4583146
529085136
398771255
569712689
481083121
145306813
766182511
507154770
913369177
755185304
43407331
994589414
414737997
65863906
150830487
533301292
741793287
31019309
400660132
353884096
809514048
502333958
7623028
532730689
50419092
965072503
848244929
825768353
748172283
419410354
132629830
148065618
522279111
126106636
244670975
195329698
709263796
282871584
267331522
656481195
980329572
767198894
603989495
541052356
691836358
227946935
630609859
605140537
488179047
824857315
170709371
495258059
900146523
538521237
184711932
205852888
582150590
600079672
715384192
186355078
510444247
695674217
148830467
368043536
989582833
232658264
641691425
217835571
536248585
117178844
227314226
113866701
794761278
15093513
499621561
518195762
183193059
1937974
589089897
902073728
332059380
64927048
645943333
616240865
427871237
636150379
53250733
339209096
790030332
754492900
368225193
678849471
502678947
472664697
818173717
193371854
181239354
872495271
442515673
358892650
623922332
112955861
465966299
915038758
452669242
800758079
490984124
793072362
334736178
946340569
82192859
714185000
915846621
423422237
196960191
747764942
467941452
397890108
918152275
8756088
466570230
991401573
104349419
790308230
259176579
130592702
384192222
716419562
751293543
790316537
972720667
29946577
156453399
952973618
146583884
171342216
835475830
455723717
133101223
784281669
525559669
684751545
208497973
591621031
225993122
553972482
226232478
53677092
840993284
297901908
392699255
704119214
694461864
990730938
677831824
929548318
718163308
278126177
458282551
280626488
494504881
11152134
949384148
506078217
154158845
445285054
6304059
57621997
982600450
979651985
450100932
108954008
867872577
739876948
811639983
543369320
108660146
23460460
568859269
449477359
686739746
817647006
122751154
81420801
983655268
418366778
675105764
251732608
488392168
201891396
107994398
83523005
592265680
472681548
473627950
717724094
773179232
360406052
429148383
101490195
175334404
75458445
159432055
171935009
304836366
205330660
72189101
492569287
184399394
368435163
658379459
193136648
904319106
115302441
612147824
215708471
45914969
40191663
77517815
682481941
969307816
17568491
629067414
762682706
146891588
577591595
531404063
222163711
175628989
946072027
865916274
194734726
955812237
367487490
777142791
38685706
525798271
754027411
760689351
635738765
885612065
434499788
708002339
338516637
719850730
203327202
945742525
851538796
842412976
545077553
169997459
722347862
948190609
808415054
265263869
319453883
160211460
425845004
707700274
518536594
766306636
40713939
891284982
723316463
374091949
424526894
167499254
937818006
287011613
253483806
629397406
210906653
688465679
463023144
838862596
539041400
120289335
595400014
527351636
243495233
854287668
149036870
60879759
47676456
588610585
123268941
635084859
240600582
571861033
110339337
986047318
616830004
680591607
123174324
446381199
107092098
926819669
873212809
766790566
483951003
934664342
58561748
923337636
258141813
147692114
754837583
229922185
638681490
382106432
391897636
406512312
934507330
786644240
538802205
917514217
825445930
475506665
955834792
809202868
725073288
382578507
536876822
978802737
463599165
450533798
360559467
443338502
99842061
677664171
235754529
47105234
155490697
432751855
337077998
295014825
200736328
59860783
6930989
558652878
737182167
461052563
727834961
626879225
413988436
14650739
766224665
870055418
470101193
124497522
904669281
934629582
644474356
38067888
161887976
934781026
350790849
141658446
323450262
793967186
127367360
286896504
158167007
613580099
122235117
557533153
72044171
918360072
109246192
995291013
750604728
271104486
198326924
298642323
976352368
823294495
600844375
841194602
374943913
110655368
975480234
95245057
518099562
979910880
781323535
437628934
304977667
428882835
306491153
332136610
966701784
940863005
229800570
194683555
264769493
560998293
958060758
97014454
312187980
717530596
499205721
882203393
172940889
31234839
964452985
876940635
635503400
249695461
677033181
18674682
737472743
577854319
728387047
703902391
928753015
297780370
525221999
586710987
695671219
156348266
119601563
81358753
346887979
805171339
497409868
456574365
642635731
949077966
594580611
683470479
941349360
998162199
417303037
676037586
938000455
841108443
73346226
594615781
231569656
727255219
780006540
100259663
726009944
218676358
828058959
37070596
389949425
803543776
172133386
108117863
257796196
790783797
185475696
316006566
492140535
749416064
146146582
408467189
407380039
376187059
832103693
169263634
624685436
60598263
399635586
492468388
314360338
248513935
247522438
201871821
129093434
235683555
67859157
502584784
311018013
355985749
676950712
400071474
97851552
195574466
548687226
524920837
349369897
244018407
946957147
349881661
423323714
417279712
73308382
953971940
312100917
781198403
692630371
163277877
644041709
738344213
941598458
21136038
830500707
804499815
669628291
91479004
267990707
939364622
971346473
196203120
225484741
958130917
637008119
948902846
408582024
151157486
4049297
962580958
331614324
801119102
911365144
425931121
306043426
372145484
355749853
595885262
720856056
797877036
657009307
765414417
29788471
374733461
278652209
982760166
411165812
220124204
812461105
51746677
97139309
577485944
628652755
365421277
193145896
413918326
231484577
743243032
174354355
481054660
957444971
917023115
713848432
458911125
701773854
506394099
389294647
304047533
491208649
948847047
77713035
736403816
828691413
48763549
520648132
934762284
122769930
513782771
295873250
104924263
575089506
863026879
597299536
918507884
684623092
331452305
764367180
267416598
950125305
538232940
84830785
149672054
156306608
769415672
490727477
53763446
713649986
828462771
826648629
829278180
724840060
999294716
199924732
510068942
613816217
211098963
626087570
903640422
178444339
680146613
234154507
894125941
74599964
138357490
448706091
591822493
505220794
546386246
447291381
744924413
25147419
417793772
41281071
234890119
710592099
944691581
933376473
478129162
627688815
485409415
463927399
13738746
254007014
542059853
558604289
124762133
970734222
445512132
390742486
330434986
608785918
506169204
861720463
722990855
342890527
939135359
450166944
836936463
879991616
312688859
574674416
139555752
388773069
530079812
735464840
727016675
19695894
544590254
36413276
660654315
409001093
800823828
581972592
188509609
129380184
355498801
490620964
924018314
645435038
155794194
306984721
135247415
118183813
809302292
963958054
41484784
409181904
699044727
214234902
828204544
896560847
784659247
786198797
573767087
840176834
729848367
419985602
228846933
245387854
927815370
502329699
998888636
613248394
667756752
146765106
274121857
393009063
795881139
217998169
29165120
258004044
413734771
782471633
627229465
152278135
914874747
609016351
635637605
556755748
32316444
184798296
141365953
785684402
932308590
238192100
641551541
523131287
779490674
936124975
438258990
817351427
799825734
675174431
21215246
176185118
592546540
394877344
455814310
748836908
557529924
100016914
600408285
529170102
889521651
660033188
983272534
586021140
123042723
214530512
682188915
804647500
733494869
581416073
700809317
479305758
611221707
17348799
667195749
147961288
194831251
532648656
655926090
776981004
236698143
649055353
526128750
104553284
536188384
460861721
748363655
595037349
587416290
798633622
213595540
761640907
38494405
137226649
320917906
791208831
457359151
314813603
970627048
973138553
714075829
402867869
346396260
112227161
73169828
89628628
969582571
95010674
345558734
913584398
756485019
99419826
214303384
773730660
184706076
319338831
597150710
175863577
718197148
601892452
290476739
216133790
686638159
421265382
924925737
142493561
243487314
834493854
69711542
960781442
994929053
156190489
39626418
504453363
513574382
929369221
657710986
946415790
961711612
198903717
153192299
459529714
847094094
799194338
594340244
54568691
137274610
731920545
671449497
594469289
654333993
261235515
605181302
567037505
981083055
736418168
187911211
415200641
745799191
787087414
39925768
617611892
464208570
892819521
4576586
991904403
33180555
917486281
658621064
810009602
153074976
258710321
778885700
43644872
588306102
231955249
112266462
188046187
535468940
764607010
390966451
234215379
405638765
564163459
888988728
927496822
332406183
446708243
30188101
554599232
153527587
462015923
747829717
852095736
971323308
265344125
868751633
47875167
329595797
885620539
422890630
297564312
102281417
518664372
558114791
337209853
366505811
136120801
109763371
340390018
317457510
464608440
100195123
26345819
376860640
99479078
689795291
328780974
648362864
117658092
901724238
371939537
655572912
463825928
396395450
455206364
149348117
314920274
960807561
668792600
566641765
858101943
330160110
902323510
939195927
787619008
212458295
461960475
215934090
549796698
602443434
86095913
407703595
170934090
744716866
764342462
497673792
339832472
653885824
161926897
338637395
300068028
810894002
850476678
459540809
883517304
923612521
519119401
649361530
174321537
30125516
375571701
968449686
826447301
448362278
359272300
609592534
278615593
906083092
503209744
115406371
707394713
83211478
988818286
285052238
155949410
401610906
876810928
78738622
582550413
220679899
551298571
647755024
921799906
235812279
445600940
25224185
860821343
487515772
323922247
158071931
747726456
793585018
102548542
519481984
381488757
590610371
1361141
449827599
900326785
659644121
387731384
248364655
691370003
653042660
762920242
599939921
320212670
255528145
698991098
16262329
908187763
949709850
567281215
233416611
141356440
92604137
361695350
989261379
748056635
771910928
682804292
549780563
856334272
833447990
273535673
953184425
940275836
346342518
51797221
975863496
404560071
27595866
818108101
10716742
405826602
279470133
404429072
943658551
94969974
348273424
342646413
40334853
982347622
290059569
886719953
475878172
773683758
271291892
708678363
498174145
438197951
521691214
282826535
424411026
345668800
842542097
844532257
252672702
403737654
425205540
89828205
871522270
43356901
296164254
806155374
890604178
356012297
452782048
973915535
991361605
954260032
782464773
337043791
67949094
351851913
890571942
234284574
57334637
385712161
161256372
70082579
429272872
671623577
471172630
561808230
300240902
6416934
130148238
883425801
545217534
379186629
404489310
298410940
639017412
622988244
992871309
500663388
629933982
944784642
635733349
971872446
51975232
829987876
746657574
568520953
621543992
459132379
683067097
151923980
983025896
238311072
505180571
839850287
234056246
35883456
326729237
484218231
859657936
126641974
155896672
38565995
791218822
14904744
968221647
415922088
282081439
865920261
388150972
954629449
106490585
579101533
424746338
721258879
542714397
927423176
41324066
825535429
948231211
185074325
727338391
977574238
990975282
139017931
781502011
397916088
307452036
483929381
918604150
98588228
43082586
10303261
515791152
565913661
431349856
162791071
521105626
184416607
718871117
37285718
524978667
156742031
722791663
756697204
207580633
654915023
207549441
793640351
246134799
55974605
474553950
936532351
350694812
119231078
179367832
258413467
549144407
995303510
351006030
836359986
374082995
133938009
388688335
717212723
742311485
53452335
508522653
193486927
775670651
989476035
180322690
738595965
800137331
623507243
798375090
964995540
273625053
220943798
741771607
309330024
416753348
827671375
140040902
877958312
78609032
263874579
607335140
903165397
596830200
189415151
990550587
347203435
824997110
384554569
634338133
83996860
516525180
34727222
710777415
298885644
55389169
415658311
387437672
975749918
399463321
114865530
186031315
604739526
392911585
751768577
581056815
354213507
904696695
45379990
738747545
375768846
587525410
69702030
990659895
839880101
998207143
124943618
887708977
711298349
379350265
584263257
946222505
21920338
875162728
228992168
146438217
860722869
169400352
666768147
121631565
228588209
560239555
330168259
757621509
335232662
263288484
114264045
14939684
809523432
952788538
540673450
179027125
96779093
448059833
312814947
693855486
614305750
428390978
5606570
82309214
65093061
564869493
781199516
613012775
52792491
120577004
24872217
450582207
230129730
433807846
717025051
423832097
42758581
271884710
37820633
91386828
799201632
269436475
25872037
585443550
219066617
530572267
231456170
551484860
163391521
933140928
30240102
567358517
154809121
646031037
550524703
860176220
143173711
856443704
622522173
970217194
609577522
70887245
146249228
200947658
231639576
270348118
14312887
278390554
909243648
197567901
649515779
196865602
875320138
306080521
471109788
960406636
559066869
165213825
287137706
793826460
558595050
831945896
335458051
367418793
544647538
293464355
330392437
8807093
782506432
564477326
205223144
676714375
241272575
295286701
802483946
124987126
656356459
819710533
689764474
785287951
832464899
92438837
322260820
289088165
143722047
556737810
534101273
516168447
948041534
526592654
842738481
956485466
658687976
259573992
128193391
859407929
981207443
28994681
348976076
856843482
410922370
720934524
579878257
518717038
338724442
222732423
920393645
124227985
733474418
396511401
920878176
830020027
894097997
102434450
842515495
907443015
906150274
308691090
697149135
917071754
845792481
724219145
661055488
716831605
602696064
459180659
437656765
598047673
726589210
350161478
286717649
104187010
178601393
954678057
148444040
664388414
776216292
886010340
737287594
979630931
399157490
700878435
101694522
974749696
611512641
296800676
844735279
434074476
952167572
553404636
276621698
589230750
292253269
495849418
272668141
21118095
204620357
204572155
782037929
304931344
518956469
977738796
307259650
357782026
464797878
240070975
539980104
471940093
345675366
739888758
28352332
479091685
816935761
966405422
299414653
603939537
512180814
692987119
924826238
702314611
178886357
799700944
927976465
897463066
328985785
111578083
762004831
159988277
256847153
783983361
894021386
606300638
303019165
928201397
290457722
160298974
988076377
98410415
911111675
278155578
57314987
448050158
22289951
48668908
583940491
434292166
853290703
162550489
200031526
776843045
351638903
735681461
474448151
722142952
995481377
791101810
857385064
316147568
58948967
290733397
285254697
92064577
316703230
467382481
357455903
213152195
606349737
166895113
440374552
875979251
593741574
705422253
919368389
196764138
161576741
747799115
538075201
412504304
163629723
263120796
168468003
158546185
134468946
920125239
18318178
159414243
265751870
189333031
653430147
646316715
485388933
85210613
191316103
569206573
340931329
709578906
516320865
175621251
477366538
776186161
676909018
321912080
888758737
654063227
165710091
363374166
740771959
318005931
90340133
102788293
206576184
507783693
278017211
350245373
312380671
644046186
82291367
914820875
248304350
477259008
663947514
339664287
861231400
483593752
295952291
686495058
363172099
41122654
839104582
920345534
146944984
473991088
562747250
66660008
288175763
555790293
444085370
298415179
943797436
301613776
338623874
148964475
709727237
254162040
761832291
193265110
472600455
443474576
94239086
645392319
620584839
861315776
594718480
735840942
896613756
740936638
214987513
875286974
835085009
156496158
570321053
681651788
131508006
998267718
897977123
604306644
408497839
835881303
15776879
621591316
695426213
235770702
775750743
395136546
281328466
115539288
249034323
431124383
757683507
790683284
599470011
684605726
113682947
426919951
858962241
934670897
620397148
295150433
798836736
537662833
11977596
967573315
561048509
35806693
322385922
720679024
3466409
530198656
880549702
671477565
417810102
968005209
702223582
172556127
626085709
310645340
140513758
397643232
884951691
222158599
989558780
949353390
748396097
435889370
250158359
84818528
108491473
452613448
109464555
704894614
466135316
898573183
312717058
651550569
529085876
404155075
252184347
314597423
994741057
870732251
563489242
908036729
199711575
541438938
290276858
957941528
438507684
12661780
795475384
303680784
711713040
139293969
485124315
239198007
321810118
905341175
464492450
581009282
312632951
188390417
455254622
553981708
192521790
248467135
440820513
66403873
87923371
305294226
584202508
115369879
209011920
656968129
187431435
804125420
428825644
288739416
90968774
724801725
997202702
866726219
911367678
874357700
949245182
633969221
608741221
587419272
594003012
565465532
978540073
92927327
549757671
269012940
361995280
397348192
413154078
673231707
863763934
192382488
807901209
17362863
830822017
506580496
977855965
201148875
658232422
708639763
956664865
389650869
752509400
297097580
906826892
239742519
487321601
901530792
574151390
205451449
994114833
353282381
643513722
822939686
118695063
559514957
792011612
327680348
723545159
855389267
256627189
502689180
601342743
72117190
726916083
497500803
760209622
848784103
98296152
671024650
432955537
866388874
946977389
38712435
372443074
492384970
504618836
812382058
590698584
98237309
63180747
431350273
714522233
491891498
672734252
322613532
717414751
722917816
156848229
310685733
979571739
797988517
721263047
41439110
806261187
67929360
199584135
353713262
675028921
922072626
793082030
470330268
435680888
447718305
184436747
832147468
558587931
904032677
939053490
865153550
6793120
835568065
972775904
8924576
815673960
776085863
811191734
987807316
966241224
858477970
771279336
245299421
635563852
479257038
794510441
634529425
913813355
792801090
651816071
256029083
471510909
951960330
107641300
120763279
52396769
2543576
969162973
576637457
629228036
21725528
820041271
830169589
157893321
570550481
39086009
525428445
970592809
180170956
988678864
249405857
115980128
880268021
878602851
344393013
618572839
255766321
491737962
456869774
452443803
725221691
86472568
273635635
417230369
485096137
449289786
79796905
450281187
911610146
512991718
400647738
513256389
324357557
814668666
7712367
644872109
189630401
291121001
455427251
802978908
573698060
48423094
72866363
429677338
338917689
937770824
788075757
182973052
607497198
104280302
617899883
912954748
345759828
315018236
253550586
20791188
889984272
224385962
881823426
774609311
268735540
645874577
450233401
445092857
151239579
891508653
500020813
937339477
402424411
410691292
477754254
624904510
984708669
93818798
281732200
336640233
804617142
471136249
413882929
57448836
670023283
415080654
146801964
346577556
570068383
828528231
381277357
796537487
136514185
780014130
464459755
818219218
789141437
178055161
681683479
392826084
135277966
477206532
423733775
458786019
30547491
831578506
645030252
620738637
428520130
53353200
903819697
805419961
804378145
103618021
782019956
350671941
642793242
707435059
122186232
581282075
436826123
86190703
753661807
563838734
415958878
767101123
336221583
443507889
574429824
907318502
859484162
859913601
907106632
986689112
945342777
993445418
225293066
639747061
539299308
100072585
987539193
905297878
174156896
470486095
127407181
409994445
825978223
64428077
390266663
521821382
63033350
645888951
311604704
123278231
48252930
827940306
749899833
302675877
634608546
943022597
46408485
750016346
444394011
297743354
198261289
22582842
648185924
849273622
730776314
920228927
89979227
632797716
390355736
931667520
781860909
88127260
816070712
494156158
811250501
241787244
82996900
14038750
740348293
129107502
498093735
557827938
968343715
724527715
669303237
849992425
929870223
58490196
499789977
576026291
570386093
711761537
152025228
787122526
590814390
373915243
284689744
458857805
672830283
722082231
56037680
580960448
752251046
202169831
29197512
986587972
350302940
539541591
80168202
68379570
960598146
305990339
87734184
412498324
839481777
386217099
735408498
728121876
540697295
73537328
781151355
11328602
685700673
454913017
104030508
348331919
89220694
578901261
919769785
933898550
657264548
877270864
6208833
888568539
400583639
483487440
102644630
403434535
595068947
873324635
171121030
363686955
246575150
665340165
870950804
10150457
315538782
922661312
984778575
338720596
926150729
77457752
359175278
773575110
864389325
596788262
563792032
258428132
544495281
926463029
21994308
158584146
676954424
399226157
67538254
600449376
897862099
505013078
690075056
823032362
603550213
127716842
292571785
705724813
469686144
594835109
800353379
132132048
186333905
337457194
965823601
226650007
56385140
281355472
764724446
431642171
963666076
392525753
219214231
322682164
937872565
947879133
642290870
818704198
994675600
708272272
850059129
149813759
636060368
282256041
496989833
700996659
195578597
228108361
4109844
390892059
91751593
740357081
717516495
196454981
67383752
171159491
537382263
678370443
328172378
789345384
182109892
266402358
839290028
499753190
884953730
379747986
648080000
726129542
921966632
19104951
377160359
377866372
456258210
548535462
942791198
460689620
413951188
232052513
982910691
901529926
126854655
691075776
722621631
347117483
550066265
147862701
757845779
35025812
484366056
400733585
229748848
976743907
822658923
707303239
668952484
415575673
595650944
704859441
570755805
874849319
197690163
969159681
316768677
20871342
90199267
835669301
267430558
795566202
505678117
319177986
140753395
467415933
598448271
43071546
326333002
756370057
800265051
753692757
943844423
384481917
216400801
807074180
913892204
979164931
17878461
512485200
749716685
366300230
765848223
240232964
794007440
896712933
488398022
861011571
288441870
640219656
943733605
1943807
222541297
847220257
937425895
668053274
294771560
939761158
607572089
888388577
259684758
749624627
799604649
923686391
361572810
551876119
4236294
315595614
960009184
270706804
528898068
629441014
528566715
382594659
781631981
514663876
651441771
333856350
893740616
969193621
873983891
779601063
738381068
732067043
739589616
182908774
443161340
109591329
881107092
783598557
525289801
795904411
94877407
167517825
536125047
412114927
356049360
871989367
876607084
982586257
752655281
454208319
969812634
820790388
745879253
505780011
647236918
906510294
925955840
978887764
480540593
210530732
841780086
61497708
493075693
53767377
727334767
608653806
784593161
480770223
608356786
368043898
677935404
4380341
812534065
285457809
559981930
698639471
938863600
481018024
343875004
416319880
140217824
377554924
772440627
71651557
608568056
342363559
858777295
628221
164652107
349251790
304880323
104879513
625780235
9511238
714400289
101758730
772050175
320813572
815538692
585589226
772418056
190429103
803844948
819668407
322699590
164559722
490890266
169306947
987263903
697384412
665090580
387542465
20824835
978445093
584815882
58051176
433284914
905979560
825636880
961492203
387133454
305279939
64181149
958233757
701635198
881092964
788029805
753901906
806169463
271108501
727381273
900440250
198854028
178598026
170860900
343103034
399411316
383332497
49005778
364161190
144064254
465664217
620041387
222271885
449651577
442549797
329382813
866133076
113240496
664881738
563508441
471087180
406467984
314661145
198079450
370212892
213139944
463886618
803905811
98318782
524564113
647085566
657584425
47192301
396722679
974570726
903248846
156762577
59430164
824145920
588753885
180955571
662265940
490456845
103129972
214819445
14711640
729854029
232930513
702055296
805642362
151654763
987656676
538977949
62720016
539437175
285873313
82268288
845737584
839007760
80376635
343799995
591985228
714261671
507053968
37628352
823394031
793554454
720864066
190148416
487148786
7973162
598853679
779795854
305888903
786621367
786082858
399443695
960311909
779459294
371015691
884419334
868817314
484356715
561194317
805631497
674635105
355221584
850274639
995799785
934631441
537369857
323378035
353627541
680159623
275132760
159668275
600461363
294327347
918634122
462532883
936481699
427845981
842804671
536171154
695020752
412344357
798688544
618115168
483823298
139648544
946436792
203336078
309763430
599717408
407838040
982336262
341076108
356969416
855576002
85033675
442829345
727544198
792865270
676267299
427071878
22684217
738308085
722948962
803057493
769539781
503546214
589959780
637515220
373396896
822824971
230251717
782028162
408727205
421809757
413024362
652119614
101552614
506856239
938176417
434928905
513114755
333647269
550877940
845704409
805667016
22441111
460227961
563237512
577596736
351980173
571674303
535413277
874207388
459316686
3395510
821512602
460232454
984542467
965429292
133209617
718409152
46154351
214880654
758684057
204362218
458737327
961091654
485015171
2951862
533723744
873824710
798837115
284951395
103357975
922600484
430655945
520063152
700671506
1807269
124637778
89404680
96273036
576007822
475867526
222098621
262273568
525604438
699597496
872937885
304900409
573401216
179814686
187859477
2782520
477403635
655200484
475124142
616155915
238673668
64578467
603845704
208466696
142147059
118885886
681569320
634825636
180252080
656645597
216406520
604670452
35537633
706521456
239133526
420548653
601181629
736055160
792888577
964682246
486614275
675490865
795363213
938884013
501050658
279666205
313709022
966064886
815999507
135779487
146391048
143782738
937320109
118452236
36565677
330524118
725122374
573686744
310653176
807504499
604358347
340585205
199382900
547520092
135849963
669691263
36659521
843858847
803878371
511717937
785702601
352683858
376520356
981128153
364357805
640112029
362390628
971756876
571355754
803611348
674586144
293490158
438073710
221522128
341479573
349509025
340660869
623949177
113265977
286228265
955556223
817275193
897222850
502756017
281468815
488536974
169502389
473784886
291761896
672960075
642699256
347523369
625656777
411483807
554963710
86522648
509464418
587180018
891253173
789072066
982786638
737721109
375122776
887247628
906925767
591675662
641465975
326182525
522372780
117276304
37283298
609993427
311678016
796904824
750136774
708960531
658693626
431708596
899152138
1175247
160316310
430461090
476158630
521236430
377558518
732654041
871943598
380379541
932830187
777677784
44032322
809163782
587451788
404363727
304833811
530884052
673934557
233729677
674657194
30821816
814254712
476318362
701337076
832982740
167028156
932405910
559692488
777958354
350840062
650423299
242569450
988757591
297783660
489150800
229677741
233117032
10613936
861385329
953817938
198410279
798547933
990970730
257529549
118051820
531434394
812943865
769428098
760703577
289045526
781118912
589611824
733304310
925706262
915035606
296642540
155677634
922164772
319994014
141033942
660933447
405031130
671673209
833047667
611312090
368240593
795196090
233771763
636786622
581107646
115383957
892378428
99070496
716626289
359407821
125551899
164127909
956207744
732230131
604551795
664526177
156688370
495263598
373737495
291308915
899581642
724498812
274534897
20980278
164560333
56590874
231023592
237829764
144420314
823421998
156955267
911561283
680109533
449400660
979864041
201604487
117789893
119734812
177582405
682285630
420947914
220844763
77913910
279172868
384249646
338874924
608734226
842331502
105879319
29851889
679815155
616038473
492802930
957369982
991444834
472573474
201214473
76884516
602277480
375060778
413890115
558123011
97147090
637778390
232241679
655130112
441075776
408046389
746348108
51624476
459273960
366651599
26830536
220450818
760375816
352048644
594799121
443873126
400684127
781570287
13820116
862921888
241149081
383772444
939408619
63407441
195056105
969383957
463823728
85293923
711564316
916193602
238050204
996135751
255219763
481719895
860796194
343634260
145053618
936581141
343355905
140074114
635391778
367834065
414870542
196773963
486946372
664697788
984992575
674645705
42330623
774792738
917421854
344021422
451544426
567189780
677419891
313143286
344225847
193628794
674360725
212221567
622934112
63853873
274964345
115020398
986931187
957051987
699650334
410603977
272674935
126473885
253938044
789413425
323354527
839153869
224233136
867750672
249422119
407441534
788074350
229278653
511620344
577675383
334313115
722749518
164002523
651150528
527342658
26937257
384346721
903690886
915839013
636260868
340783022
402583264
803029165
996418683
570280365
847987952
399410394
78353245
65486382
945968255
454410940
183374089
637134296
70768566
109677927
351026858
197054939
154626083
787105856
635233653
507795323
829473962
584099252
911285959
185241485
763691952
403287482
304001235
211418102
874773914
479284605
929520827
374838355
773106384
222251637
806140273
730261201
750712068
313918113
865684517
724027353
227538768
917073112
164075029
593507916
344419
367091017
137408449
599149547
236051427
321548877
892352719
411261275
732926758
298519966
415928992
240753476
781683351
166609959
543226781
145587852
818206647
151437040
50634841
573247952
740681716
536850906
870780571
25862591
70645464
354393285
284182980
890306124
485164656
205490436
927226866
294887150
168759752
96902521
495279998
44189108
693950844
107100997
275730150
156704622
495993038
73576918
147691160
293914011
141177111
576590891
361654832
919248622
422066483
833369077
902262349
560626680
842083856
561722117
639791296
827467045
970347572
518391692
527444787
883876928
682788156
590531073
963322268
176756980
916681760
741172555
741138812
254409364
504246383
935688332
313123555
267621980
945089531
862493261
848856910
369546794
569965246
260101527
86990466
302484911
224002858
152875493
49613100
641937165
183056576
345975567
307185016
424035125
397489913
323046049
300170141
868717108
333043755
79893494
285096412
699538470
265258568
694552728
352597202
11201870
94451264
203282433
516265376
733758845
48209991
837086803
859453830
63997390
695634630
946944461
721148941
104212182
239933270
134445523
634727306
235010492
628969681
633387148
937252175
13844568
876135384
463107923
257626872
49001327
172722066
548481256
241675144
174503975
595959698
766697529
882283794
366426471
336186489
163586727
95856768
233310479
128520572
187087196
861348467
947076742
593794603
864131528
470965687
331840652
572712151
510314826
482327526
414810075
609369825
313020717
233523295
107936522
909157363
869571972
315580913
584480176
705773881
130553558
487832810
194338157
450695041
366159414
137952192
758780125
770314734
754845119
894286016
670901716
552509223
538591295
922685453
874770068
24128570
612905693
778779310
204727664
589848983
469594448
310838531
574048228
305076385
53178436
439983323
300751954
660817722
254194339
977546494
63533196
324949882
976477611
934801968
82035158
571526823
723115976
438951797
660458529
963899779
343136299
43874111
721403056
147605521
303026614
314924434
110228960
763895534
823603529
62751064
623084008
239190959
743948676
444955262
183619400
326418497
206594885
282094479
403374621
259654126
284735669
488063406
837668650
947517634
822461724
400811386
115442949
886067808
839593643
904106730
594341954
938652020
533832175
541910898
284432092
963141584
385584197
794423975
370004191
702657520
979394271
413799939
574899265
192735399
912522429
924974320
876736101
500201123
259259055
784496410
879055050
119078187
540544939
462015954
160966656
922913382
136532257
697971771
393259474
71867427
665954926
845556044
258812720
420821280
177931924
89433865
897308144
550984993
820534148
855379867
652567430
532363236
113210804
853697838
659475696
541669093
435102425
525590698
972089163
138408430
131331570
347457164
565605884
937075250
262339161
979859745
347877356
803393477
556309032
958623374
565814401
290956702
226180253
362263407
116828520
29694970
415260325
339299802
506824824
760820733
137454538
854122994
937593449
390425653
952396555
173258908
249863831
665404710
155274994
774066926
953751562
579525475
801241789
956814366
339491405
454750041
86721876
547240635
738027975
448469378
234213370
843755852
291337690
238247329
147301057
123821661
221598489
259305241
59361126
309745442
927161400
574145525
623515006
572346931
107566264
2396395
988318563
666713388
182947081
797486394
604507002
773717458
172485687
900453956
663264515
334893344
252403789
887661658
706288606
2324049
393751694
182127050
515751301
236604858
627409844
620737204
845930033
361983775
275640689
138424409
657502071
895111756
218655571
734488920
444682322
336919686
593454286
641283706
914073326
150647753
32010647
180108168
826622741
38641458
813898179
94387111
101340259
896443329
266654486
969526028
768859390
292603347
222052185
904139662
349704199
297271320
196688600
375986106
492511457
304697163
531861321
146194142
51967767
40772462
319971372
301027466
229457906
979953859
499879438
157742371
514801730
520708496
991160868
121075346
48811736
281165512
10719987
317214253
59294892
701183269
385484072
116319954
467307792
467857498
16718839
598938583
672189727
837735706
589287611
526136703
877849055
109395040
331309033
473299614
464944580
597580819
935348634
136329503
581778267
6384826
67958182
253443800
973426899
450843721
305391892
439297883
707274201
82208560
535172321
418615589
188159437
645844434
18136830
710297163
770796293
797151659
567000172
149080917
858686010
962609722
20427771
212019028
615226532
542199974
838828362
522670830
91577422
224070680
463016988
993364254
991889892
412446551
628634524
120604888
914786856
400261960
112897686
960227896
969655484
634353505
176214403
341731678
586270553
986801841
796798227
676351303
904432021
241894176
739045314
921978875
131442105
95686762
119155351
558485950
879540253
533976557
227844677
673403172
548511707
231111195
520385384
982314113
908974781
718550092
142834582
77246520
512102391
619676903
278461447
444796683
924411380
120916336
418931716
12670422
963146649
212437397
320792587
682311323
709099575
989354822
109080355
133862857
385874575
538452969
205031648
202828084
767908858
324405085
607395465
275105924
790132387
359955711
860826864
532158096
678783329
604759682
122619299
527355849
185185197
122184183
632431136
747729142
959063633
8394102
503505319
765005468
187268396
244009997
446482046
396013548
537786000
324476341
911835036
892196764
259520468
237087211
343419181
704703541
945689460
509240457
351868973
239128233
321430910
326117691
178887738
808712373
702474240
199873509
419294627
753272709
696552450
694930901
69852381
29005735
387707235
893542205
126758071
856242977
259018485
725543550
630544474
732449825
360073793
93475461
506740452
527464805
434923589
294479021
298150575
282441551
569578971
477580771
569975584
808962494
27835275
74343446
190300643
929752337
357151520
494559190
676404319
909474006
772945236
67814377
97909625
937700791
122120610
731211086
470615165
938707513
43584364
471298869
261078691
357820058
993579889
555454010
362603727
365488258
27809718
561870982
228925475
639855247
897182497
996137413
829329054
578386416
686365262
590016391
210209534
831664875
10218443
876272877
454332815
127222178
488186777
82268302
50252779
72022484
929736031
393719639
557361954
442519848
941882207
714087999
518349505
194672301
423208546
260461023
634231355
914740909
355297171
12981953
555932002
728140847
453066957
373486380
244896897
804915859
700589634
797081864
902141184
296860766
95979182
694701313
918776638
664834581
583868210
795570729
446789591
51674292
710897594
844159835
16874969
380039927
413267056
491962628
332985872
556615698
240086920
504156417
37159987
53939499
736258346
587971488
719806072
539901314
342454665
57939438
580824839
679078241
988315088
612137991
512501122
739724177
411866956
315906169
474374989
904305911
785205850
419949765
497589580
283026251
621332437
122359231
517302549
890872686
497418172
481973442
974764016
619887390
92068236
192472191
581149361
312233147
230501937
254109618
260722811
936355773
235168688
583906198
808295254
637212972
278724438
259326586
390468186
333046073
828206951
276798932
418257018
211666393
59541
12575888
151374
786029242
550656398
245339968
585900232
315434248
87562282
204092400
470401245
279864193
44173295
842181461
876821790
373199616
472221288
568188054
848096523
841588868
40782648
977046271
71510080
554443222
662578584
482968343
991496357
95659745
191813508
465732287
448261618
915135040
399292154
856308153
231189304
579294497
483812715
765730660
941321223
498337483
144044738
987401481
414738822
284055858
678891302
71205214
733867526
199540568
805786322
971544122
319164577
162382181
975850043
838010946
478193403
956459888
89095150
718151010
858821077
624278666
620589492
220285183
175190352
599690194
753037793
993694113
162501951
171009469
290412513
828558392
981225111
349785181
347842911
824901519
872946481
46535767
425342228
413262962
446287908
583481633
793719916
270466078
72712152
310445915
890457169
444883150
98666534
264176026
576425511
249651225
793580700
778599000
915799273
247897105
906595002
576483325
830497089
62617348
575863650
974285763
698410425
264939108
648467679
880018892
353246031
273947945
815288093
284650109
623241245
373345281
855568065
411938911
674371790
211363258
693050972
191800922
674389173
18942496
836315504
282172942
459243507
433364360
993321843
482435356
389691966
549722859
143524417
115111200
637537192
235443655
976012988
591698804
612530407
32843690
734604132
949344651
661152329
546609700
604344282
567760277
879096562
989033516
385549803
499743763
302493434
472927702
344682079
259727530
231623515
635683803
945906506
586011967
720582969
401333315
423648986
345586637
661371315
859829053
502794836
880412511
799735279
466327879
179638305
842976022
300062033
652163431
427401586
536095123
190961229
833582662
206156401
652850066
398413162
390721899
495301878
599576040
782731041
512294558
148130933
153827815
865784346
889686093
268906182
502210312
911484890
676593767
265048336
638776259
992586143
945810491
839253948
398852293
126903500
579411599
321486231
364371529
841593830
178677702
458849166
975842706
585772164
822742246
417330886
817853734
856074624
351761931
789787356
813559528
572692842
92436674
754202866
937279475
735647768
263369059
617182662
963357474
653294923
156892946
755295006
87292512
408464170
516191582
338447146
641349238
211433434
440822846
346800077
467144032
466066270
182822119
640027215
315519158
386285559
987049833
111066334
890988592
482156094
634714065
470907878
903244399
759581447
837545452
862934801
13191371
605875030
961236403
367164207
735438666
333690404
159588407
331228574
132546362
882127880
342244096
232636721
198061185
928943322
28749316
179533414
303771510
431459583
445094681
242574694
751678762
163537333
898710118
179133668
787616837
32525880
125297771
374318201
625883862
542198570
234945069
632904882
229668730
534685351
143586611
618381044
187046984
501386326
389892360
829035749
815338504
636472981
715156125
15041604
105203112
212590312
555434209
137336738
975944834
370688413
795819730
506511839
885723775
852261022
316781383
558831259
823050877
480567916
244773360
616253612
129362666
913766636
538547288
708761180
468169465
608442875
765671561
869776050
943052277
262456076
446111652
805781652
566448209
623222232
879108439
692739077
377184575
234626490
479025344
803060687
894951523
225530629
978126909
991299890
518018996
893313841
580985227
509578933
364507729
572440925
575475566
919378233
264417681
640446757
495155874
594173264
882956582
191958002
785163748
948041945
679567559
874339646
285812877
399116849
389465600
701388285
160463563
733383820
325675357
766510464
245642422
345031473
238797824
791600796
56546753
314592899
562982258
396702443
220985546
16864595
283020542
477082279
515118332
488049229
205115859
118011602
582869190
938669260
565473956
674690899
384567910
701760732
510448597
534509139
31501660
925591019
215303711
574650010
458016856
844597951
786255374
914483058
161001659
362461315
760658920
881489569
658311628
911694874
121690227
530345540
702491602
744600292
222037514
361572559
821940231
381064772
304261095
679109511
770464824
573925350
167068125
873696393
577050487
392390503
50293596
89535942
911616587
247733956
659000259
910924050
719768328
641487546
694533487
497019513
349751665
706477815
817906764
497131059
84154092
96957487
643323903
981710138
399544913
544980725
332649825
390033240
246418002
394446453
734102103
901727674
638811894
605739154
439292973
573670370
116497809
141996819
582720616
830234109
927145098
969232183
832117817
888681212
240264648
698779023
212616177
28330316
456479826
561476607
663437301
183734831
40140753
51180916
507113913
226885250
3734103
19001436
952300169
102647748
149570145
183032073
430877423
842869900
459541507
498458610
95602370
809434542
807338008
66944399
485622894
429961935
52316044
95602009
700505664
73178247
18816165
316044634
687302859
428327138
764509870
656694517
183172947
903485059
67496357
672300806
174743619
619957194
614466278
159899034
946991813
306140114
864133425
410770925
809327427
676412731
262139446
611332720
945707672
964901479
241618681
20488317
522190933
962259942
36448687
91116304
421540370
372866223
541940273
711658080
93930989
952756068
541120278
851952335
447185484
58446782
521976438
345988957
997173437
627828252
52060685
124147582
253725621
78722230
11673287
320124798
831611003
449722083
158507614
857626867
349365085
98577543
195391658
603776997
948097770
359254891
777988483
609509205
729241744
930954521
300382961
51927482
934348227
632087427
697003680
284157395
997662634
123977592
791551729
465465108
30233951
337335898
638682754
807324870
91986295
720875837
196297139
316006373
848293369
567148027
650201653
582119037
955647489
649915042
137597106
569199705
187624232
428682975
704992977
533898529
31076213
711568156
764643596
621562608
584697614
741417436
172292831
57370759
400273435
331863824
913961580
816382269
963066796
476109769
100877459
838545111
979436590
57667543
932037226
547462110
710206993
455016219
494608276
64143549
379962179
47145400
228229407
726785252
990313296
545606935
543496117
309046767
731516416
305022654
851693681
969039101
574298688
971037578
433427614
211898267
705161771
292286280
380462550
243326033
660784385
486848226
633119940
380583209
208332421
139991084
783513120
150569462
629422689
373015350
192312123
825014906
684530645
809038707
690971610
692973067
864150169
922247910
912905820
410966772
263224771
453308336
481531405
725457855
991078933
810452232
779034077
588860798
705457635
638621628
2331686
308410350
306960520
699279449
999413489
515406222
603238843
666940612
397631281
936465857
725071218
492015041
164379640
617641124
24000862
795267338
767029644
373432627
850870840
632630788
821631850
823808419
889579117
920916134
17342373
242540640
878089259
396489633
826998820
838698732
696426068
895812092
829149012
317559064
177677428
109251920
772661603
452297831
113230899
764209180
945704149
219154906
172834302
382541011
71213463
73083468
720228306
814285453
120621196
521404832
948619140
469704477
179499710
171560711
423152213
218347929
853801767
819369705
370902222
169464096
795042253
247580373
716891648
678844874
7802738
841923220
683443686
329632927
78818061
794278427
871416390
590481322
16210960
94237557
597852902
793067999
390368106
188332353
974254129
844093310
900767004
940751036
320145675
304137661
813807257
942296662
774963676
896612539
376310198
374279467
667021451
602971761
37738842
629139269
339471788
223292949
483835930
868416589
449991195
283241566
746340186
353353383
417338267
798439235
26893068
902469412
251706874
84338726
210850851
815788680
336024194
905887736
43667016
922541479
334959140
371986581
517578976
980961178
202989237
806916562
387201078
253630751
816869105
819009009
915122515
769619395
237702984
518227139
536723674
408495824
493492888
827809375
974293679
712448929
165349759
865348268
325888210
31114213
782665197
125039315
240847548
479246573
842606127
603496668
790049410
608704771
264592709
564842177
298737620
370974593
402375951
790285702
349366210
124260108
654144201
359603963
983319238
662624328
825748384
185608911
697518574
837457605
89367350
583497088
597821282
168755038
271538819
481243500
711773624
991210797
676455430
45077711
89614925
698972462
996813258
844418117
632384048
726285992
448269977
716167864
904533879
32707063
294923529
390433809
354912089
294835018
808168352
978108998
213549791
63483528
980895968
396280906
270462157
909988585
18932868
377101420
496424592
837117380
305737683
441163061
422908586
136980585
936344169
859778696
676644479
245720198
171594071
521424076
507360880
875872564
150212545
13340901
744052138
619971447
712152844
326444672
795047999
858682477
755023566
580727574
78368352
672691841
789027889
654778822
650418474
799061214
706047655
709537532
568580711
448802882
470905010
604537746
778026346
60822912
507386039
361509834
813742134
892411305
168946342
257922068
373434158
78723154
36800482
706005468
936202225
846103675
612393611
750904612
874706722
196850163
970758989
248470784
230358149
346194475
954834799
835080679
886131838
747174791
374329312
382796719
9846118
764697613
789928684
494835993
244709333
488331179
499023308
669542458
627751352
860722717
993942566
173429576
570792996
150242703
429856367
271704568
961585678
505578643
570158035
366305676
616896314
902789205
744752604
331076534
77205415
1081461
646911071
369749662
673416138
184663419
746026083
171219240
347624622
673639836
134400868
679338354
703743166
375237734
307232378
879838880
687586477
724734507
566845466
544064957
937313941
557041777
596306448
102063748
254716649
544462025
224259642
47492442
406028796
694187064
145320342
519193911
49946693
853614816
682107686
31660280
139130666
115414058
736308022
463941013
746551678
832191433
871731042
131594929
166459358
712161526
130639536
769625562
589347413
481717417
556494857
737764982
829442460
451859585
840660393
558588114
307949593
744391391
65795647
127085924
867108590
960947252
356148232
851483332
109003297
904124950
890871098
688992004
226400135
698891816
726994870
101830925
240383742
815312737
785845313
70373740
474041419
467443343
65539613
919811695
381434438
985457813
994013882
766391771
976139769
241119776
251473148
370980622
512713376
185699922
211374985
60378005
968229660
712914526
24231162
779371506
911866887
283500936
976949627
773373537
539670736
621055423
275223708
175393274
296894530
954719579
169941891
674084611
635414549
42972740
786963426
930780749
284373458
456424782
980908942
530979225
182293762
542995637
878989388
813320181
343847461
161401928
258179704
524337500
624360747
293858113
99568907
371980044
353196168
689891910
796463016
133718336
418596062
873941113
321188883
491428117
520582027
470187315
43723053
257330337
629610178
302677828
115911262
747188233
522165972
766887717
365377847
673745276
203868452
215583856
251646463
343651365
873667672
594243641
581003188
634166850
794512538
18241840
900116425
659711077
557953455
894084145
589444617
368765999
826590062
370800412
890893165
866380379
857587480
934585160
17850851
332401100
888260242
901245329
739925553
23666685
269570517
268127848
557256976
271637736
216070920
42512692
995883924
900627808
900348358
737858053
787558306
603155170
271912931
436408769
612037305
694658432
645549432
995737812
366358456
47255468
25631787
730037655
918304600
324833260
663586979
175398765
575615978
157102301
845101805
811703741
814290400
193948240
588450298
788621211
507298282
534364934
28860082
891798883
228959208
410359336
150054694
24339366
221867061
105515499
256645818
268043911
28109036
963764874
266730163
254357610
549469719
383863001
324999839
982630867
277701665
485709395
821942714
412224410
948197592
678978092
662593685
136120841
788495165
667416304
567764487
801415295
254548636
641925405
980590639
790977311
767308910
203419522
671920490
926476192
234072148
243659413
816615767
678309199
206071791
937248838
29033795
577674840
496664075
42543169
163694717
161963188
416131881
303371108
73395957
606248428
301810732
137238809
633546896
129913152
108626405
937331555
161153613
927020355
461095343
671122235
788445519
522617779
622009138
218767305
311705657
630810700
76681044
732919286
495345456
251760458
320264341
259796374
69104887
437908933
455365715
220324472
799531768
496826658
803953869
709433346
572065795
484678321
543833154
20774845
882850395
134166117
402716974
531236067
84079171
176928032
231662412
800115082
243127703
786588391
438902446
212737268
378992463
667267273
527314138
943356705
424420330
240374019
935850606
193081879
298335643
349123651
101276962
43803329
704173459
489809682
300600760
66251340
306695311
383384852
176746335
340422507
265574127
335195774
35396511
626119274
600203778
151305336
824928811
131778523
345242342
126210233
53775561
424169313
350798187
82916339
345629228
404341687
388020375
390096928
30333041
610004241
1939225
504480560
183878948
5411512
307697388
889314668
539549220
971398329
223153252
830585337
569715366
714362509
64451717
615508607
503471877
917340712
743340684
756968323
872516190
835462127
566939801
835132190
131502269
991482679
310413672
551111811
709543855
81377705
360966109
749100906
982210583
769107815
529264710
517835746
228066810
569554944
413547277
804034952
106537116
122618578
30274593
30989424
776786801
770012405
324488342
742638622
824084007
207037388
336035720
496485672
694668820
814684297
498196681
582313840
58094813
641472418
590156143
116460031
184862203
23955135
791943991
720613807
651801022
242982096
356266510
148410408
618975189
187592533
631065331
775016341
357116954
150397685
143440255
331367297
532567198
473337413
726818610
971184598
782838129
201783129
765500747
540562790
214710846
625303399
734143653
720638727
290797825
217392693
175672051
11459794
983486106
968445710
483846253
434268842
989900382
541018414
712568542
427180299
866988257
407605603
704184456
386826822
288433028
158133731
216281021
889373496
54521803
192290724
981708200
390617817
424364807
28867999
621951436
583492824
337206423
722396558
270941289
157697731
278063257
790012442
835486555
136995032
669558411
833854110
380302374
714640418
511176780
171011151
988817346
995483934
908588069
715679368
661702722
609263989
727975780
946630766
569647102
216676886
510804920
601280545
810664351
912980669
577074253
210489423
398885430
839882806
530299891
413023671
593234176
676072546
734766129
453065575
366124086
123045663
881490720
705152165
808354543
342979923
411227462
818667003
678842692
310839755
753092960
378612913
671760389
910217191
442702477
460124618
350153853
358357972
397830734
114262399
679666563
988402313
58951745
958329329
325361796
698733491
2042699
86077549
915352651
739862980
728957869
750154958
132956561
123294934
627934149
159884985
663717327
705521368
51638577
64549736
445880204
283936844
225485949
985245563
753668541
16864618
968044672
54222738
495796904
897192916
49383251
463549736
673103609
251436605
350625431
307476637
424201226
196519212
364397690
686032831
227825624
890029946
382821229
558297582
759755319
242518798
846193424
917940661
249935269
353096726
31273580
379197908
561652942
879952052
542375741
486427197
196916159
29877777
109904244
305244340
467687625
222211822
205426393
645660622
179745245
941480908
995908038
782490808
856457691
190347613
569132079
695674653
564858660
383303711
731193913
51405122
795425989
798091210
238431028
420414003
293296339
460750969
45104443
533513907
63891438
427545386
443494718
924312840
211670150
950845149
530107557
321189072
915856972
130631943
250416689
919457757
86651752
490816846
619155454
604665724
946476419
423291136
598757691
306588318
719221870
64625356
278363060
264310208
451887145
294886721
402380618
216209329
287092934
156029858
111155990
55521589
281818178
127410096
294438293
33529425
328897654
73659920
796562656
213059406
347297494
935594133
157677023
489068530
363779594
81488595
841501676
235633337
768475368
142285804
497903804
556228050
403930189
682970986
631975575
799531197
151297328
679953614
940944030
565931362
830212176
181776344
959953589
491760814
962766006
343410825
904374976
507613659
8022033
739663160
369688512
543627471
880315026
796873232
979051596
63244163
480900278
143212212
677911266
342991219
478464374
812715330
741886433
823433861
393845121
866349997
918984069
478315610
223532171
670679093
154161211
351908924
930472640
937521125
59529514
363426169
836464045
623531311
908661694
287609248
446230814
523991446
766843639
470972121
494468795
415406917
229813118
527893196
115008505
447114838
1648722
173938438
620167581
96184684
70129984
291346033
771947654
697003818
67748556
864815343
643093600
386899939
20421270
122989196
784965391
622059105
594775491
710868291
41631519
38314738
115836071
435697243
475925267
276886538
83326965
246239380
740337257
548323020
760181517
493636917
971954534
475541958
47779810
942084382
594132399
207594446
332288102
706953784
867153972
24837540
649910916
88764478
266666777
128066462
426958812
13968231
993879202
954468634
945340672
884378875
335523173
592962908
983921295
1101537
641609822
632695806
767055516
656191044
512487024
748314250
123610256
836566275
105643126
185774087
635104426
209618335
300320733
821519468
301488766
226738585
101399631
42418428
408921584
249519647
940375425
580070042
406434874
67403305
212058076
821985383
794605678
100294203
914465407
11631483
781674059
674797214
872049600
934130010
869545040
938233373
869701670
978454861
722036295
446108571
509221686
433338209
888450822
326603846
388101747
599326526
190944760
151901417
196301814
878750382
679291123
991812343
224004385
350996727
158142132
309690438
864665293
869723591
254777785
286286844
690939617
746327286
602471908
847460060
932897031
61055892
741618972
391181054
451012084
796466829
556364478
833424601
369387846
544275968
200056279
540103471
574567957
579808874
309425935
256662752
263320253
497387321
249060240
12000555
894083124
198708510
727401625
122400139
707005242
376159034
498750366
2071333
939791370
224360256
143699955
673422643
420964760
936372761
407422964
107807233
973292705
700688021
877732326
607255835
169547356
61896869
755378971
693112221
693537359
604037251
723963385
910261726
666026056
933005740
966905637
128502126
644501106
498283684
73086444
641882998
384236769
697758164
117962954
594245472
347712162
727159282
748639294
21833202
78113897
709570458
776057408
2818380
675456256
716446091
836476167
367081588
438165120
458655671
813653075
426992665
252704663
364542542
305723720
287185614
925718343
122842530
388657333
26224914
47384403
163285866
352320182
28910188
420421070
943861196
870024553
592799252
32372946
886870087
920900498
411596391
934379590
267553894
953618550
803942809
23075638
917527577
998616384
330288585
710396201
799309096
870709521
804926110
795464457
923756290
189025885
364554295
501711131
935347701
332620540
368686040
64867709
376503345
242324522
176103639
412224501
766630544
487722659
609776157
273381706
363313105
27306022
367678474
923419600
329565058
186540221
767865741
52692888
463816349
390913278
815563091
494283540
397798919
798889269
749807187
23633918
46223182
547815747
254592119
842249502
456427415
735322155
924540009
378689805
224596752
598349018
250944750
671689508
273402305
711045365
397432123
43339878
287180799
286865954
146561840
634727055
540292374
155374702
764326298
11372132
225070674
155553847
377696304
505183258
894800815
678309418
582373946
52980694
558497948
178268947
382949875
860009820
613578782
971291317
782198128
647504988
139110682
174408578
304120798
832933579
189080317
815201941
650403219
74533479
382853692
415416420
221441631
513074570
503590631
453809786
651281665
754023487
704518756
688555208
362754071
980918517
334339104
665677840
848644325
612184267
679092008
916762707
258132754
807842704
297552394
289572709
586159170
497463526
946755801
239511500
802715933
238113591
378582749
96034563
721917078
711689973
393629645
254079797
583872704
837224864
495213958
716860658
603429320
858594083
61071511
110470434
376707312
773658929
707398111
806101255
145154286
117608913
667137378
600500735
482817784
730940355
139475775
764549081
79502049
693612600
847404531
601708593
193860849
415667565
398985415
769509340
36715540
491086734
218038447
612061658
304600053
124786035
737453437
46365994
540219338
130842729
555266818
607397112
642276822
686550908
559213504
681904473
444238287
215068012
882071662
936608664
569492076
241002165
378225942
833675840
692221538
899938293
271822017
37270993
193933646
578557809
851591099
507340282
412100724
417582546
548985720
501448231
808597822
752756140
890947029
967475345
114471519
105967840
273567716
113516184
154377711
617998394
781630083
88556319
288782799
367117081
480934658
251224217
347690969
656669650
63079012
115726544
937799566
975499129
962113368
704491272
901792041
13719885
394601804
718981144
471695815
620415541
614941603
894235033
496511810
692280891
516027262
384010179
459407587
806897968
951645242
759341405
207193888
440831334
112875750
661623623
794230742
630270626
248518239
72972825
177138006
128675831
355155337
531997309
519879471
13392738
257695118
342001723
209053611
138428358
838757198
845722493
735001217
793303737
501770292
146602513
567093834
404521133
948312818
588359989
813419345
819797024
277639270
291874473
620984006
464281540
796431397
222900727
668070584
120892266
870274565
527634860
923963814
482057313
924597456
153738357
220411558
511373065
511858235
845703961
918651533
431181946
706631225
421221714
444582496
646448497
387008769
713189430
763687407
972506027
633874453
86562943
826371124
674810062
662876362
783353237
624983465
196629482
775234983
54872330
632154284
658633043
489591561
270917637
912916127
24630255
551648754
927254041
443766108
611022270
66380337
465494371
182422399
813941611
322937761
194861063
998128660
815260004
559959048
885794511
139480896
937769902
691154538
276224082
112961261
560985262
509132336
981662893
366306283
218091539
287214201
949936346
865174423
655726314
498875567
530349264
917078388
123153988
856833486
777647420
502448097
780802044
845255582
724133669
387086500
684619590
26918652
108330003
796724287
563475952
683482481
984063052
698158890
369490802
778357742
422530257
244399768
33134761
158743635
667625027
587914856
917278839
994927353
19424115
534178983
961848818
84707196
943275229
470301993
701841876
147241741
33329696
877893229
350200297
277759097
948439739
363023434
170221419
426117553
592673525
686839714
251030038
505805358
618056413
156511706
800543139
824536267
275197528
487929838
673663002
765099153
530421012
691638881
405996774
737829448
111469675
912498598
190637900
468851685
94785811
187261413
945655360
189768686
904349077
75086014
919671173
601471079
316302360
976515681
326446096
423821494
98838850
801892527
347316182
499332713
804914981
144710977
760708595
475219153
288976298
787681897
663342456
854112375
720607994
571743800
966538308
320601694
507532079
512708703
315893110
121839965
104049394
282638451
140445525
545900717
414094716
682147910
15825408
547974731
692575225
459906476
693568906
37828975
774762630
870934959
224675311
172558884
637477992
873538412
627703305
391549919
433543167
772036958
975534158
816167571
426517800
889511457
160583196
322164624
975699145
38942369
502915546
854863526
508613020
838758132
169979117
789509537
566110190
310624225
131688943
872454192
321166271
847002973
858480916
299410427
498238668
316853131
772536279
598883776
425055211
706502085
866228446
643500011
501021357
398041354
948782186
448976183
163988810
852157588
885233112
859618075
245175512
216136352
819768616
169993685
353193532
769573526
387238399
981279025
1407036
803948299
292487873
955776538
886476469
930687091
694532425
639649742
486097348
56190007
615042757
701991668
327531769
408673705
194592982
268800063
140789007
809091599
325341014
293319110
526993188
854782302
789158343
96779800
202484712
630931164
246786803
612471590
923444899
906688767
369914456
885754624
754326924
116546937
202886248
2142383
248634452
365960626
390407377
53403606
378421089
954271476
801699611
119312896
950750699
648228959
123169833
733373861
414239823
785232681
866643847
515287866
605379944
405594858
194000670
410353588
778781813
563867785
210814124
511965382
120636363
779784701
891330986
241129481
700334831
457929533
531018651
416719838
347418120
574206217
170265980
829218195
463788069
466926616
926516566
789925218
561721466
122093473
642034962
749159685
751054784
851379516
627998300
277755524
421021696
685137546
453799913
837687781
645652817
42473248
578706521
744967547
430786503
468178132
603066314
653431559
138396229
250506961
939782354
426654186
70184082
924697039
455517777
230128699
153135874
529241764
336861840
584710774
620497245
322956145
317151345
711020741
252611837
763513939
474776631
982811549
984964532
552511807
791878465
533198853
333398726
923979954
867302286
851518739
682894551
367368883
721558284
797102982
281784594
531731156
536333460
949828165
700985694
434424137
237799075
149924057
282168476
847881091
752474550
923235268
158079702
455081897
545108004
416635606
471849553
289657747
342394608
870016270
637588783
813352463
853153082
966941572
257772805
756649555
98721344
876617742
141237814
253957292
665084227
863316425
255668484
823453004
281899699
845872129
142241752
577660628
815807972
60063877
221090700
565038760
278384599
934126766
930544586
513962791
925913671
96106565
306823422
357860188
806143784
277791693
933488959
954917253
367044731
602799866
372076473
920441805
542768812
351374249
171560897
351672551
251643426
142076604
644383732
692354143
683380821
8304911
410500735
951873870
685661497
847628884
2079332
446160044
137858483
556589513
316879383
877507646
670765274
210703754
90892229
651523063
71363571
398816177
340990191
696804239
455476599
127788519
491691443
577509471
776678615
22560656
154144178
587082071
503817291
162183296
668209165
784743064
134412407
715963482
427356916
919121777
79483116
602520441
102939569
401652286
151548426
911335551
450794533
49118082
673650691
26826356
603438474
855130942
543141211
965157201
483660714
812460702
662573876
950096981
350992178
213483222
361278935
784707249
165324268
678168069
101940386
113503793
435127106
905266897
173507692
986139040
99988952
157496716
58154495
372306706
835485215
680861866
823698146
140326235
648364020
154117183
673920476
390436679
601468717
838526293
557233985
796992246
481281484
353985449
855160899
776690633
447605523
386233514
471941173
134017054
468988170
676544405
230994840
125183886
946670696
67513605
565352953
135017697
803066984
848039505
813650782
158419814
792678911
573074435
206207920
411713800
767354004
541553762
49080297
488939960
530359684
471374239
243900568
13360254
774145719
389548727
563368152
607745651
338153271
759784031
783080988
532354787
596404913
322016264
592426760
456695758
45469292
100524907
237310919
515143860
261731818
65399115
228522095
776231098
404338452
343713827
587828274
459383367
810172234
686975748
249648063
238866513
197411957
963757210
204180562
705966846
522070673
667665036
253597100
865473829
276703036
193896946
606632081
325709057
583179767
486233410
613909500
797930357
443319403
715092975
402983815
186043947
90361253
689503527
882335409
440775368
709402425
521089502
969230647
471719497
890763671
902427353
297784662
62572978
436136109
654937481
226006208
67405552
826669965
329334266
8222013
905515129
727685974
737103246
148942504
254109984
209400366
249409541
164524476
349701450
759567596
326306897
211658136
43687853
621676968
821289429
474065083
655313346
817505774
792323644
144394382
412524331
192475723
943320972
344387500
876165397
566857464
418812603
885903903
134573461
761026354
153074511
912281545
425274655
960311668
343598058
114809492
877078197
357547312
730849231
691226803
947192436
361082161
4535654
511956989
572078366
599135668
843546513
65318917
544221636
269238167
830152719
203850474
426835707
502970886
245222575
341137644
450402342
671769796
681850070
529371012
375210933
913416726
827023894
144879828
658547923
362318484
970093453
256150489
369821752
387084472
768095538
441372629
742240904
16938705
602294566
143413918
949985317
367241754
707104619
17466169
564398932
684308360
234501101
608639727
516216715
693484627
267624530
731097485
574560188
463670304
108714536
577843825
678551090
120063867
82083413
39730662
761296589
515727743
486542230
910226423
71381436
691263035
91171791
553624070
76956667
824912829
704828596
381206173
19218909
886112191
242312538
667942445
405190436
932669156
315428828
35789562
847355489
295210772
344635205
723023341
231408968
537520582
526509081
636518500
867714065
489159334
709009815
800285873
769116285
689260015
705963796
179494309
615100240
867224103
743779342
221706724
94670269
73493674
395232935
758667847
425473520
402838437
525453002
732011068
847678441
948998071
768678665
474836579
53692727
168065807
4446926
864296488
365879260
103345970
313455564
465195257
553711858
95113968
292003261
874475475
274891713
447782007
324732055
999914611
376057924
325566765
612087799
473199317
971336922
84100070
179414817
312949750
339861285
838260025
12430134
387170816
142818195
433991015
716737392
844290775
499974003
30654674
251149947
945562953
589815937
979954588
963023300
588632249
846927569
287514752
931610890
699143063
826583366
839093385
288416696
596520019
639911899
345839301
699402089
174031178
153127732
400357632
392099667
290742708
485129782
582732575
939087460
769715960
95257685
581606397
513307591
186978222
463487214
328850958
217857818
120461911
544644177
606850892
257693107
885082003
786336365
35310315
418735977
236566876
765876749
539921127
580402199
159960649
140693282
375869984
396953517
316779456
142025076
585135570
61176739
805713221
833734160
19876939
798815659
85342399
369138537
644006832
397048382
144235178
729271249
873639288
662507365
469534049
77084181
18120569
133840537
192817161
697059397
138987951
217611066
973035653
65945507
623287793
725418974
327763656
655613014
277557831
719382704
212349763
836750392
160752009
422299260
758761795
633518569
220594599
493077393
514847099
54686316
203799139
339468798
277179295
310713569
498114080
604635544
856409888
741583392
674930128
272788244
984142910
396100733
736123745
959712461
590051234
427744727
888874701
16209740
778273021
929634238
800911798
110970950
783734697
153283979
542556742
703020945
831016973
790864993
442374828
211082276
668363698
487522547
147426560
484431422
600315941
96827266
10113896
128575189
882792818
602325014
333006871
257821810
907575064
883455749
172593214
73646305
256464778
436657055
603131739
182022032
129460851
199490247
646770876
995234643
907365444
807731122
912545834
653985331
680364150
344159992
243434282
479842684
95645743
2877205
99324876
489312607
754173052
579705548
651018820
84355471
536328348
699300358
921725720
556003383
6674904
986641229
846206074
445306547
31949803
968132668
809244126
849097961
433893990
775330735
689416388
119680186
320144775
515666899
759409521
951139400
594941296
468744890
693642417
691549847
815103615
679465324
826324781
237932873
589034757
946326710
820561882
474488897
239700650
95028078
602515678
99115077
930586723
603927530
78125764
41519536
467789582
983626772
284398944
11125179
242039137
893127897
39814069
466256930
582297354
255056824
887675280
997498861
395674363
889075721
305793376
970081797
392775105
3242204
927653995
601886249
749337271
24267391
753604697
68517138
759895552
13479255
785236474
461674992
157051982
739700241
892050066
939090082
283614435
393112710
945152017
525780914
718647598
569880161
390804139
541405585
789666226
483145542
253296507
923436997
869781136
742042689
826545268
536922826
812893878
934749177
834132180
56896946
924574394
690770402
738535838
839925489
239565684
405451308
439869129
756535877
754894390
21284501
664788996
836521417
617970246
294293973
876263145
240994224
490363129
964833050
846566164
94564251
370004318
840859755
103056674
709890343
224695804
175857351
407826091
282495881
625244792
399321995
832856690
576613554
631971335
344869246
911089843
825695895
144685903
66520795
127254293
209229786
837645176
849993283
541325824
801795758
258693802
364658663
250529947
343382243
437686256
436164031
149610775
881393859
259691198
656728359
948571252
22407773
505979347
25971122
484314557
321836568
25508714
836554492
968935348
702322272
900563146
955869990
601855146
53892870
261393405
414836793
935164686
819881573
496289168
317615633
103620566
813586934
209912186
380098543
418381961
932771742
622889386
100623919
872854883
86887960
661915512
190801832
821271906
611932407
76110440
101454654
144800413
107088314
592802584
842939042
391720581
293136522
979148827
947731602
465257841
234011524
200465930
119344961
194109102
970543729
149086685
142934171
777963006
890264534
509949607
482853063
630687319
574150384
336793452
96478369
407925316
838999050
406187929
870967119
484539191
440636649
349498923
482019582
795342084
859181519
150267695
44773314
524504472
371319124
664491711
203784708
656475216
59164671
124526360
708121264
55131713
813213573
403700309
999083815
847694332
935394266
900617909
870322113
191188999
335852796
562679706
897433608
515701355
612290618
33465671
486750269
649609005
719497560
507774587
833830314
465221194
567139588
955371302
304950538
201375259
718558140
548527359
897890272
498932028
502430068
62878077
391152792
246034387
167912568
377915738
557202004
803897256
742824009
158972740
745819634
61287274
492377503
839983334
623097879
708123353
599760029
23374150
523407279
545823063
622620351
365449450
799387091
380878395
752785450
967622903
978966712
916338855
179092164
651945640
980042164
612874651
773390345
994969225
22010137
72607774
340811209
928458028
955933915
59494224
530859477
959316936
909043470
420189780
11784132
258869472
378873624
743828703
927619665
84750162
777064605
316482972
28301728
85390615
365205174
907385753
431647487
97686333
517555588
801073062
649273072
772788971
933213816
703365195
891530140
68687177
877614598
529425739
937796638
267894409
261030861
934577467
868741858
490263293
617222505
927185467
163289501
328078503
311450518
623294248
36031716
276984331
842528583
126732727
312839999
448774195
524825494
613239671
684439923
391486178
473715646
2810618
283538459
272204661
822354857
325499688
443847636
889983580
3746104
138962363
522571236
220763834
175054606
250443940
461136163
915693567
195094104
213523239
646937567
515527892
529098393
549449212
976138726
51504418
657619087
203380542
688859530
49781111
730218678
21847489
140247804
681086565
801271152
562905649
311276999
94746856
756231927
38266134
174138537
338093962
486390527
856262521
341594766
235358381
141936411
563450275
130786736
223419480
553711
435533620
884888896
521619371
978565108
639548653
220457491
933268144
111933209
486655226
542288053
631151978
300677942
701728337
255137046
882361640
526830454
389815343
271208436
577639060
594926186
813882701
160316273
52545096
419683264
983331811
439244926
449338322
272048950
313106683
162612969
638506832
320460638
252224635
740578734
839463158
171719217
448686605
398031711
688886170
960177784
685703626
439702866
537524061
859220404
408448601
952331207
893043423
178634310
99387649
567396327
110642773
72195588
788163328
539991770
104146756
412663653
350352901
991440301
905655176
434063071
639547573
593218051
32038997
123998334
118896659
303296605
281958202
638547442
602422320
33344979
162517197
938777477
818576876
557335915
523305172
252374855
119898441
462473856
533115033
194902482
713568914
277678812
11811552
108786376
293593716
219479810
596733309
883654644
972637356
842728813
902399661
499820852
921835586
567268696
704182573
810706882
209489784
753016142
327501296
452512512
238831090
283004282
373969821
640121155
619753664
489816721
660720735
573347734
977205604
118015936
196988750
531176682
669835510
379442362
466295755
818236391
983684386
858499768
36833353
490942684
15981490
298850073
770783172
323578540
613598816
326147697
514133661
499877001
748925713
570936421
567002145
108813150
956721351
909281203
392672015
425655695
279901447
622688627
458606517
122229089
83841525
665966819
747312590
992710093
428934612
777013733
364190549
731460434
831393876
135882259
17320205
848115997
155236105
663835498
293035322
698616146
217774138
520294648
85009219
478729438
54806613
201873089
723367988
86734469
351173953
348831592
583019404
938859416
143022511
291607282
560805751
142124476
432123453
47513845
463848111
113028463
766428234
634765966
773686709
324499330
669328252
561403154
538913059
628290051
254712565
140166033
142874160
168508349
398174842
282836755
238289916
543396067
439294507
487377303
415446443
103810878
232826578
881090639
587511928
129772818
157767108
599799934
748131028
454015145
392993517
167301188
738394253
177356222
444231932
956802375
631635676
10054650
275487999
678243096
799938133
340973992
985224978
110535454
153108728
845100601
277111102
804764162
404432845
569940229
431170362
123133312
579502749
190179635
277785423
623648552
880903395
713554433
985546637
142788902
400318316
731064106
675805009
529907867
181200203
395443755
433654622
325094659
903971219
309088229
513032226
220306143
47243752
641525961
580564513
377516587
631884743
835720281
314502992
489744617
548870891
31370847
792336788
985261219
178862825
496505470
152949111
652887431
726699628
208102494
753875735
804664298
944744808
544018404
92053610
968103238
670450524
274998913
81286778
432543750
179896361
364061670
412042175
707944663
292337196
736528161
314245828
382583146
999695114
543845613
528392509
289102774
682319755
43083275
357875257
597476675
21116708
530660933
250840107
270363999
846050404
214074615
932601067
584557005
633638405
535825653
310539306
476929167
676931539
924426956
443376701
4086869
837488102
689944898
277582464
493734292
595892823
474051975
710586904
910164087
337812923
895027568
189097422
780917494
179075302
33591667
611777057
372640887
400662866
37635411
378001228
83937369
212280811
860318735
826166488
960561276
799001181
465978777
393259531
13282833
206512125
210727623
444778169
623338569
53744715
482738767
506882205
112602233
348668824
115081050
335021259
512469756
69638907
959551126
993291045
253615104
735329620
456774539
780219852
892312884
435541509
412444268
411363423
960259087
265749233
13312126
832557177
357291556
261813338
614762141
561549236
475397675
530165198
919024560
303950456
792681997
9090941
946894993
686287559
129828035
799033271
799097742
756824633
789989147
693567813
283032085
930629016
590785432
915804486
495066228
407747446
773622142
833042864
877456736
386710200
871556155
343604989
538587080
523022027
591681466
582645683
784392420
258582179
543389362
293081482
356733437
152604411
903591239
756486929
288883067
208801471
888812512
112337785
823210856
874464965
813599226
962367545
422401708
442197319
11747861
304896140
881567251
48825998
956975190
589040958
202864224
932682947
120458816
921318697
971211797
644980682
565848488
241292370
102283137
396359120
914490610
272287420
748217140
47568920
683831120
719668776
921552636
626901738
196014264
256449093
625113152
650425120
968039433
901939297
58481203
552205172
704569222
377128162
346174608
393818491
837524275
425536155
518217854
229251788
283243997
348260837
778110272
818718278
20477432
422284033
609482599
521364364
211322889
444310160
735070546
214625376
67178609
497000982
694352579
714241381
104421678
828366591
73416521
563297965
854556246
150480344
510314959
566678451
671253445
83076297
238667328
145594386
27565037
866338460
681206813
375515586
519990085
727096520
471598452
520201017
69435890
744495936
457228688
420864037
225698334
342591198
24914207
828145801
853815756
877714749
806503795
979658724
604053004
281379229
100965023
5460922
526045056
386757098
929386664
182198884
826352978
329257182
813460365
426628075
790368205
104402728
221032103
241129069
685306203
815637242
967925978
173378531
45222971
367563304
737312103
50264619
381426616
328127678
452040431
345002320
998354706
425736494
248456142
321899034
14483839
771079800
611844599
98623482
896809451
220181671
26910419
452981484
71484778
371175874
739106437
227456757
434196099
276173656
818553659
828868131
730343969
271952393
919585612
580387904
875037316
424087431
980459560
407048290
622948873
966606078
113210143
880415937
733310872
829505057
877749461
844360038
40278646
821730983
176570871
534422166
317380479
266963990
411810649
830186427
829823616
673109628
148015096
977824701
545610024
8099481
535925373
297845149
769406377
733155832
921129314
313461188
222729352
195179237
782848201
635512104
133710448
218327794
826698902
583124889
588344538
732218342
274500112
844935554
713839941
752520402
844332200
527234696
494947488
404676277
845668077
433982476
358815765
527937557
453256089
459806264
469299221
845326640
985742066
318114265
970844076
389801029
447755734
604933352
666039859
250835934
196991981
956944804
916438547
193442805
826336083
282413851
842897112
751273147
976620223
891049811
991914631
694635544
519522727
508548033
639496662
868011448
192596420
689491400
619358477
749563274
798162530
854587755
826093171
650703235
689988224
532238824
413519136
221742114
362826270
779855000
878648748
710621908
372211155
980044831
917018405
118653638
614435824
674185886
249648167
990314374
673287187
264696430
151096486
453302188
18074585
431443813
922043592
925761270
245521989
161441092
997214344
159293184
439678545
366391326
646943104
347294496
475443488
287073158
432730493
423584338
434593391
815878754
909032193
568034535
491872204
744846844
440237097
123398751
408191772
345582405
163954720
646149636
925386809
538922951
436680921
398570140
655536431
350189011
45135867
774686467
986258187
145613438
346905162
59569114
481139880
274948589
740622958
724074398
513994026
555743081
775727729
362806634
864284976
637311156
323722775
874075516
962496037
404565174
456027536
866622046
377351646
939591963
376124280
789837339
647405842
102679999
801848238
512329456
477263276
241686712
92957219
583156363
762482964
680528298
849296054
67417291
744249086
206502080
657435213
756112285
306733650
953579469
985245283
64002663
763253903
146956347
509811961
496398041
225993514
596411576
754000894
872158475
785240090
221106707
533700610
722400361
26611456
203837117
711405230
959755933
413496003
165603167
665214258
580619551
801436674
529461279
975856340
544837626
104748402
1339021
726407739
125345549
391562833
673313096
875812168
320244674
320784639
4857706
155311997
576252107
122022716
684109158
681629580
152487133
680800386
586847750
746778394
350121751
995756513
671943011
862321984
328204268
23741010
932775583
986901029
827374682
119995950
334715277
346772074
824146158
731953265
515749219
801046245
245849112
208871813
304324361
636855007
135410147
438004915
94086573
657622223
277496996
313985440
994348870
386868205
356557301
640514871
137764985
59695520
415543244
524781575
90925084
307890944
111306856
914805017
90204712
547142699
371045214
691372004
453427897
42981503
838392672
547286452
954112972
551801277
720224248
897203298
613577179
260732105
374154167
403248104
829808593
558293472
115371560
766194389
691808648
215554950
50688092
369413891
559005835
235437310
551942894
942627015
976697343
313177802
432700533
262502268
645321151
404468383
320273276
686253642
493759349
417301726
581831862
59458228
113445037
803301074
837212625
403217992
915171949
868837719
327664632
531049804
229784807
615265168
614008351
317106401
107673214
703961828
983511038
145378281
853049796
682157486
308644842
20831438
257689197
59681730
605059196
822717171
867603957
672883513
415283926
966953154
932134692
933768166
625516824
165003141
328319136
279339075
918399952
887319153
195923280
709882345
235345597
733891483
454956826
973351577
752358427
849982611
241942501
890095466
475427092
165359686
761995010
197411659
322050501
260360618
980479917
578412229
743969335
702531919
924034501
862161522
142626086
899988187
690836662
277942142
250485573
780810342
656634478
652439533
973782772
527618705
209104959
687228006
788844727
930534661
648121816
592566366
626701536
959084394
23982038
923710197
766469147
876298861
296168388
192838490
965827866
746296297
872004258
685321121
434255828
622127764
451048769
549346166
665847927
293380282
220179316
280749245
449106808
430832179
498613740
465137943
307711329
360200114
75858041
70597522
569812993
976958471
639608817
441713133
364829730
150333030
80242031
648438450
820019530
239158535
498204718
140928256
40182624
124925482
447356633
847853255
873113004
751536721
52236534
508728895
571401165
124865394
937848863
591756007
692487454
95037998
616826148
810450271
238722220
261944852
830377626
599743352
936327879
415250807
52411580
580659131
227683440
380171298
784402082
945900840
218082330
321167242
100927736
325677384
448164041
606514965
192961145
571485909
121442914
953187463
508810199
32752382
105792141
225182327
312863933
649771646
14361679
528226044
954795075
577406515
927404706
729984110
213035806
804403650
139904603
591640402
552215843
319619015
156496863
229269574
419547585
343198817
567736662
706884788
365138050
144058883
393194806
697556498
78456358
678552685
278539478
881777315
776844201
425478291
701247149
712544769
907022170
796422289
561923832
633821676
43620399
715245448
589751212
309122322
506806569
469381378
114526104
214207839
598870120
633362474
362178432
159413139
915591585
212944214
158011256
442668870
232802349
149771233
92243509
785369637
321758669
929114402
323765674
145056923
997815883
861107366
252923230
194093779
546290071
362849349
411387780
459045294
738096401
81959903
799346327
218675054
565590407
576959349
528622529
492478870
609399491
78792174
15549115
474409803
194825327
515926463
719342508
726685815
469962147
275822782
354233073
839498919
147976020
438786818
465405275
422695424
654079456
123795747
811071992
316517309
168701522
367432600
582470670
293155597
824399058
680816503
249974279
471188347
958996696
943049526
66448708
767742739
311672476
414557436
310101531
938646962
339789029
771820734
763845594
243562276
214746867
622955118
549571219
507854529
297093947
458546191
767898322
209792469
475732587
698672575
453002659
67145453
232409606
475631548
374344580
978404301
997660008
197783158
859900512
267753873
63847666
467404625
957524599
972034794
532143013
627966748
439668571
359656481
716495895
415920746
588933579
250206005
565363904
372388903
306497314
407659704
639242509
600732448
156099320
578373008
673173790
996657423
876902803
723445755
953276595
817236329
222901942
52663655
21394521
883599828
691791523
476457064
800685186
86008885
434924891
797763536
133207942
698435601
313326940
948419525
252966601
667226855
191534059
621700132
506066914
79390711
253178809
849611223
900542063
373247181
499802920
727055705
136538485
542770454
558487358
22575892
560622419
307086954
669463811
262618829
976225430
349733297
381227380
610329428
664750796
988370226
510291719
89552277
639775356
951523931
107432953
513759466
934441277
617953253
270535593
364104800
867920715
381216138
195522199
352817464
514745059
117879405
857928291
56645512
493070314
292030196
100795403
238416358
970086346
940100547
255523784
735681844
213868619
410234614
35842690
4737914
871336811
291320066
931305667
692513477
445742658
631604925
975451595
822371166
473622490
900153896
846083278
766258701
987815079
988958964
526359866
605409134
280547883
805015222
696459739
236270650
375115080
483201789
786419584
462919330
735006416
644771875
458972722
749779866
324501117
437232489
267275234
265005120
975524600
613621824
736065296
95943253
554435610
187173445
696472294
649485285
643217478
175024550
711353837
588298418
760474315
41114248
991812628
634012998
279321852
674922417
776157978
259568808
154175786
652927810
513407808
147509637
46847565
226584330
70922136
469345795
229198450
885405725
109031260
4646892
821877878
594933403
176308198
561000492
457580631
274562145
753624580
122603056
465764379
86519420
941012634
113283220
403072414
233614511
774621141
933692578
929561727
613916402
859770992
934872375
359514221
572237653
596552464
348190492
946657029
163362448
697130220
272570812
912038875
295021008
898911664
457395603
2892603
870119264
273797306
726993110
913287296
131601899
299135262
695066103
298290244
240647218
478119550
421858859
241584491
67143696
850482803
100520677
856493779
47746976
466595280
156556839
297779052
590957031
397140745
669620078
102356914
596852502
969604168
352158970
149023572
125686055
920514388
132662052
730425950
291461532
723162277
264053982
991619000
976897863
516837639
998727048
434518408
671890207
858686530
130568735
812291033
494762297
980282502
761584904
91555019
771127472
508471188
934377868
797380477
597792824
168696443
194010840
125694029
313705029
966278800
201421635
120558132
449663957
707172648
954321084
654639898
593212287
278738891
524801395
917245282
332444692
106214993
930462766
29445288
49486974
612966764
520758706
173604323
920798175
559328134
333089252
521758130
184714227
838946128
473420413
360845520
652280742
605685133
680733563
316168980
525517283
668333222
392199282
77141186
884374287
282909101
963769649
800293420
50278354
419886605
817533537
395126153
54265101
760813906
98683864
638164112
89234392
661600720
378282817
146920179
126710555
271324711
946214790
773891124
176817102
791163685
424119738
121060558
590195862
363328489
441725323
964258459
938598072
511084797
626686563
1014465
374789445
784089089
774993562
322860431
546807214
311632282
426908723
96378100
795076997
664809533
240122386
61537021
231073499
553600003
9450489
655818612
934377394
668168028
284933321
866837591
795954598
962681635
234381346
542245461
929703249
310665485
803334146
552037652
920708345
878597889
167402273
47535733
942931219
489098872
868238660
353860940
757275500
749075015
2344144
664117612
511647608
763175648
475729836
946930290
651106846
119285891
26950963
380956224
360261389
725625054
803272319
37373833
473205604
550259763
940001132
504317791
139509847
340639529
18767028
575676559
129178791
465557071
646476633
830377854
656042707
208916164
873530077
396233660
392976113
773706511
596213215
952759084
261906909
576476429
44363970
878795662
100654225
40382062
416735569
464350033
638198209
558062919
41850252
311311489
921281921
510244954
880471627
368624591
624174070
601625249
498915245
605661280
430528948
805743974
681243671
411627829
300823859
836832455
575500845
882218037
271125987
97061832
50003786
485895935
313258663
382421258
98628115
579892115
561924204
217643220
257800179
220095128
181518979
828424246
92250873
514501960
647050418
530553048
638740838
437498493
213320677
764510651
755493961
104509240
662082334
254424877
845208936
469760425
787174229
9132204
30049107
16920022
647028009
535493133
811775006
227673235
519235357
945213871
574024584
554770579
1944967
33302276
832084654
571154231
46481148
975689608
402408199
696979989
226895534
142455566
222491877
543463730
587074489
273051780
94831177
363195590
446743428
207274196
313590696
101107232
775370773
562559898
501898766
921349181
574487006
493573313
867091506
791770002
481142496
186772782
223144184
399264476
758938264
700462645
678927528
418509687
48558811
898862845
213630358
957003508
463568475
420081348
356669307
816481495
677281733
624310141
959521332
158975393
801996403
946247812
908187046
116249886
534282782
632322645
35310693
739985397
313069097
989311273
201951092
779979620
43379310
173953558
258770116
73859180
457407459
556696977
69170118
423105697
546532670
619540129
526658276
272450423
857997294
791864850
647305442
963440702
181118056
313795441
508857613
594635286
319196256
578072395
664317096
977889169
467674016
591858901
716980868
656818027
527547903
903949948
709496595
291611851
365429783
280153447
527467088
345422342
821603124
807700406
886766269
659975929
398523522
700638237
396787773
350412829
475615406
981645871
922316432
81243868
405248634
31445074
820239872
251044833
144347516
714639727
695650227
204718846
316372261
930988942
219587455
473185935
911111630
616330519
679368565
912541150
665470455
244165468
433423453
397841334
517169014
218476377
884151580
441653340
179152813
977119690
889674075
286638850
19996072
722571333
734897725
377597701
910509669
494306535
261968342
946815926
782163950
849755099
143250270
9288661
996939795
462936612
872808521
341569756
984319533
205207993
742121218
501162790
685546946
786543847
504195755
668454676
444552396
641476389
342046331
663143
41192176
362990420
8941857
346047330
534336391
518766742
402529229
643102594
357974755
386116764
759107368
211268129
569387189
209962763
751895749
509277489
240717196
254188516
132954979
431408523
627272084
267396034
333522495
676537253
528164998
141381233
647678380
646323864
806722794
241247875
416847666
385060691
802633248
725748539
347749886
75514420
856817667
342713441
901580084
607991823
183532038
213797971
308543168
170928332
791578855
981357225
874989962
295131546
331028240
44677401
619644143
840085490
734955257
174420388
682268449
757217100
938427335
111162191
968885700
603497303
592392009
87805008
556826982
992537076
332513549
472465545
179168895
918415723
8554322
433949327
153230597
593601188
700809483
847575768
829066511
301096190
796916512
995398606
22745010
779749153
20172809
953868395
409446630
111840486
382779199
813566366
144334951
117278613
741972613
595583327
986154004
294952798
992034944
346547895
344964699
231985453
641301359
586676903
321596985
463888889
296986330
846379147
914943319
972987230
24487086
181668039
326832275
516228984
141946041
347119338
893219228
854540999
940077431
266896920
131546933
147374151
793097755
637430514
494491579
242994870
573386144
143077589
635698790
765504810
382389685
771318805
387753323
560284917
843130015
151143826
981182561
510518761
13425742
503428826
353285996
864853263
83474217
257209061
621951434
708515338
343090543
281857002
950788527
233777803
302404091
56588208
140711048
796319843
638726425
724601887
496100809
555178679
998954087
44062929
902010788
478712438
324326648
959746504
893768950
747722548
936950514
403316437
902531154
699221985
649806536
186343911
913500967
551007484
264078480
604583852
880717496
109741261
567417845
492280387
787612274
584265801
443351318
785154195
230920883
931654051
97738240
538653782
53134939
686619963
846798215
765346104
841383874
215223632
332533624
355113383
560041331
759298512
918233774
324839709
403587324
868274444
231220697
513885288
183410438
956956809
526063663
630845971
794054176
387859028
404126121
757037322
718897030
752637928
483288740
201861743
2728635
696415983
458861722
315668433
445494156
167002771
91426745
364474674
747942222
397929318
218636222
62483559
136676764
64027745
492480372
558776392
243786318
740912864
567042278
287197711
120318148
613241453
167012930
983428783
269449211
268563821
559213558
215247849
647817948
381951912
853480113
458458442
242009056
188486893
182610170
527827915
458674709
292793958
207225264
685713414
960695190
616123802
805513536
436387873
608279973
94805025
352350712
832354171
419403900
144934236
528082916
402737219
525111715
140549705
693746585
695561311
504482715
368966081
162538669
331808240
148659798
80647707
983216119
586140841
773397477
702601082
494357153
895069222
295022171
802753707
103542471
702750100
260311822
168622767
570395973
778142982
929711891
77097403
150368179
653160519
2968977
448062809
987067176
315812788
15187335
348648724
33917831
263441170
267908751
630834073
517963574
525404947
186504900
830023170
330541352
448340455
528562713
724024886
34127668
138961082
766319126
175559989
496913607
129146481
623915179
110388728
512447909
860192576
316738724
204966146
573519665
862265495
956045824
700909291
465386770
115469673
138280879
70566676
363774879
215910390
649648036
132675388
627846915
779140252
470086399
838186590
764609667
124782507
806103083
889832361
916027268
880376846
809519628
982758234
127625566
393939895
678959519
803813086
916611093
971299127
700335033
791625201
243516248
653677629
933469152
211953502
240152669
464903450
730560894
453106864
291811413
530460266
777033512
6951537
279223765
535673459
727809557
431918046
181062233
161000837
325787473
323832826
303432751
999901178
589992044
716009055
83028604
638414688
376019326
152766932
284786122
867828194
795967646
492966753
389444865
695421777
601046975
824443595
495030212
501069924
722252513
415090443
5402145
309457568
327505874
768663516
183350571
513796315
335667750
622691597
332509350
308472871
510581485
663935000
925227990
224087244
162536125
901892467
209789364
724546385
309289857
885235747
535484756
19405449
806854382
3524575
521639510
864179874
77968685
109995430
474969611
868717336
110440448
49437121
776199214
874827262
904851096
515782514
64714586
259946318
874759375
166966518
600797520
178042465
549312695
12153024
817920252
690908364
265249385
685559949
574814197
843499198
363731483
860205406
442052257
434083237
976118767
837505988
305828306
444025626
125107363
288346231
96214968
932473138
987380184
672084178
597320200
298210845
938441374
326376743
587354212
759268370
989229049
441836654
827263657
751326322
341806666
519563163
52072170
389426799
611817357
990302198
234057632
342946212
873919866
801021362
469339615
141703426
596890219
67679370
359496563
394924855
258946796
642998073
617094297
119212909
342680539
730398616
928230107
836016618
284924059
224470725
6147817
355025549
613449188
71236392
392264664
19127718
321602550
730989342
694731740
939781006
539764486
855520516
58915282
830873614
438000623
849448173
15559080
516779955
686959547
219865417
284559147
746649463
836030979
730282098
963694198
47562102
131711668
520459847
786958617
831301298
893206185
917963368
940765896
245770397
432978982
917041835
775633266
787616640
74654188
678666400
79132622
276752427
710551896
164367569
751954523
900979579
590105105
721020527
56961744
344453372
208171554
15285241
330720002
684242964
754753261
322626539
317273573
574724447
481711141
73710048
307316144
539233408
970124548
247692850
207404937
175589332
66946299
271330258
631133587
910039749
750676398
689481090
702635892
312722633
786235057
63823970
973747900
547522362
394924694
157995693
240226237
754210732
601135204
761039423
644706386
622821332
610878181
382982302
124553218
215049697
637272114
928994380
257436620
749097220
4116920
418537478
640807037
623462531
52649290
832516687
917830977
905696548
439475439
306365793
16639053
657178820
826628071
363154344
367218719
210366380
56496472
931064696
993226523
729634524
135323177
733775311
5588969
809231419
334762989
568279491
953757377
500375965
120044571
774661234
332662645
572608768
410628181
28432404
771876846
967676052
648540014
318627670
455595040
219136020
96859995
107922456
792870006
289724956
25071576
555076627
578209592
612197191
120776765
654155373
895690755
185194514
543113113
314226095
573182558
217884943
847390260
947865671
182410343
146432924
847900297
863417449
945995560
843506629
43656058
806600486
237819943
629092526
899880313
820658775
722896970
138108790
740610058
174513506
265084813
569538464
460025076
368470811
943431271
852684629
748274848
267223495
966023686
49702918
590515726
151413167
469568527
966281795
285712397
45166645
738241804
269169332
185910663
712406702
46765412
206674182
483869395
951327674
860965352
134160418
195709616
493640962
760411865
216207660
878370629
713056693
474115515
810627613
346224354
321065868
34541813
409960382
378632876
429854092
441710948
318330356
17265562
221833757
801832216
934110281
214425762
372479640
703998930
174556769
11387664
266033826
865103700
332905146
128020577
340072016
673240128
764808128
522218862
671732297
876986800
256199993
879192509
184524045
107335066
74545735
201674599
298734188
679627127
990764401
86613453
578813489
923934362
81665789
749743804
404616440
85146793
847043777
403161277
832895518
11736835
859051736
420786966
41794424
121893381
410364407
730094170
616621041
307080784
315142500
531703328
803506516
381873395
817858464
532734796
653839901
235341314
999236009
79056326
473077215
339866034
962776596
547863490
219775680
276402487
103044668
151227126
916130718
72624316
212967795
473005160
281268631
931564202
16482899
472387081
997542296
888063914
515400535
141334308
544362992
314597904
873417337
356986256
279364168
781061475
27778037
704186008
930677636
401898004
630476812
966854482
521716906
888824041
861336260
79716382
430995895
394857688
696938218
872325631
640771932
35347690
351112016
894773302
329373288
623660498
353405227
115990655
549781294
240313640
499544523
993461093
915957386
220178955
306995739
708999313
544586773
907558828
652038549
183523769
908067652
930678049
97702177
138856089
818356315
704105696
961231946
273212874
306751384
488216065
224829835
669260877
975250980
969126809
221029715
769201485
668402416
951807082
346790203
500899700
316535562
732781279
561011961
674191686
642379521
575300742
98050006
681917359
678812690
942548046
117721360
794428970
992900453
361290669
930301616
80035815
157202006
215222726
644038716
895584591
533073990
897925853
402659581
183224841
875389054
238012997
902706156
689763888
896599988
503033616
477242580
648313930
670799099
759597642
539753629
357811209
554240875
406939555
907156829
251969841
467245651
212733710
678552115
165487194
236330146
211497116
579675441
814175813
869813803
885894596
760968925
42295759
244521170
26625088
83129117
233123927
961342808
761379623
406304284
435603300
566344514
796236371
815060912
640810116
528737924
646607386
51150337
523153999
683057467
477591952
496079493
607168834
870685003
460843991
604228962
19126083
803010537
408691235
570015524
963360272
525177128
732651915
3019264
110817869
693544088
765402435
498379288
843171284
97341883
65623726
365431641
930828702
87347585
346904888
286155899
904779210
491613780
951534998
202816740
704411359
914551822
45648357
737987848
275407203
683813605
166400320
867533699
561150961
841242303
700346350
802150110
504804762
750506925
514882643
563338535
748707895
907967075
747849718
630333910
756481082
349510337
21378168
543294303
780612688
230151697
94458999
35079683
951474142
279918930
121253079
830820716
578536420
12722250
825171710
956373490
717388796
275063970
151391964
19034399
903112125
99304309
536328341
196596565
74019616
781850314
530123833
848391694
681611663
581897460
823841067
126078356
757235750
938352296
943819710
117675046
479486231
311590583
327156851
970389593
324487224
933319252
333894742
298009588
918006738
828759584
519310513
336455440
20820573
36831431
518031425
164978372
495953398
441358021
959213198
916689595
16419600
453679080
139875039
584858097
228984723
333531988
431314673
586846567
489565432
910411334
257881747
378014790
570364799
209644548
78773283
838053345
842608693
16032079
874513757
342047914
396032341
163426075
851350171
618161683
900944744
266743268
789976598
30690570
418001726
303952478
24157707
170456421
93609906
751887978
987216234
348102006
391664250
850037366
485243106
645324022
653512372
663350259
322150672
548460846
205997966
788655120
734716182
888420604
548235713
873175029
881539459
672236253
70355749
491928726
661125857
999214644
829630481
604787993
220582647
634749212
454809538
588986081
571653288
774728963
605467391
778717111
380135610
567325442
34682142
535517603
207438314
190057081
453111707
451611089
430053570
28948256
412869633
541790757
565529195
72180548
796470227
45400461
156860696
840629815
496331602
297759699
838393081
637901187
473120414
960391810
938450146
408863435
700886614
898581609
546956245
362340310
231610752
484820841
724214275
225475078
394863604
507868692
437439593
356941294
819845164
859931353
137833330
82412784
351807998
664828208
91338915
507170405
173015129
845774406
849815792
335329151
29104192
976699847
585099213
95307476
955732428
150629710
852322400
245438109
988281251
156775135
444843443
892673478
302583540
832406954
826502717
215036602
417416326
451005852
332631258
991574718
533992148
886895042
235166123
38921255
917631552
580703212
998629065
725885133
846257607
699347238
974200783
230650036
341744814
888169638
169272298
96951481
323908155
345705716
95370906
26833855
530944338
14556141
727155168
209543800
594410859
923269316
552064397
52756259
677892157
365085151
362529395
477056811
328352853
429786964
522700151
881263311
751232385
8352661
769032622
547001994
656113940
323154470
444198235
59912883
211693329
698006176
233696725
613657266
947384435
893242076
714031607
549024624
908260124
340412005
885815478
962361118
889188035
716154566
168895279
20080957
570140923
482112292
844899863
548173819
662720911
529548159
612699450
217891293
881846408
280834682
639108128
50960982
918035802
424001267
243240168
144148355
84939951
433814791
111272399
121606303
832820195
426013656
993086014
156296282
430794122
503755859
986420628
856697373
942370308
327076880
943592323
239430097
495733265
453325504
17232603
210371867
773710764
227547863
17829269
767716948
784127488
361360949
161785253
171074916
208048551
385754291
151148066
798216596
446767439
226920304
88480042
935190487
243571952
703234420
587524800
789909794
934389366
484875501
442780028
512069803
768637659
733577163
909806257
47808459
957351632
498708219
558768861
489196422
179926138
963142696
252577907
466712300
473959764
737969761
463516613
42746109
790938901
606168865
862263625
269788874
265178863
541900706
112685202
919505108
395543343
612914565
791451562
163892811
166960173
266046583
267681871
523348144
762235564
292408324
285619457
245971583
798931432
104381640
784114332
773351867
948554842
765740125
905874791
926056399
770808782
992991948
718082783
147242906
762262532
190217675
91968284
269095025
447453993
191094018
12771461
819239381
865741709
419505608
159094960
116778302
790376573
24984466
607453266
551826311
907919970
831893325
312805436
632633525
805578663
698999321
586749704
34026577
500169456
294283920
585388949
738657195
582746526
776952581
398766964
128267229
898358723
866469413
91447836
699817870
202301533
524224787
156296759
662061452
685140124
43046205
636369552
563463981
32803216
789336929
5466053
120629419
168566489
900826450
360072950
760374335
763088665
215871542
531965437
723500991
893170211
150172998
227101872
270068849
268649010
473891380
333455848
120170822
229516864
649336003
515788473
293531413
315158193
485604302
150478931
455720525
30609505
784772780
619139834
142046272
181471617
889420212
238360556
742637454
221937676
4579922
250198932
160769130
230958235
592430569
994628555
935462756
777693545
673339902
385209403
466167042
656378994
681733366
535342150
138848113
106891092
959065159
562062422
335706658
632970020
163201853
338505229
273943403
649603099
920768560
533108299
938888967
466475019
471457699
291597968
755551872
554338083
764335158
745991646
822857937
79512314
862664840
376977851
684917975
810569229
616697370
136830304
5987203
446637526
929567240
970452853
235466535
189945882
875098221
757212913
344205345
33423357
956703830
817722899
71564618
961433336
195170552
185663037
956539552
937389611
213255691
145014755
818575682
846311096
360464841
403580090
27532005
57376712
800486478
278651725
790958802
445290017
443336717
602239226
924910404
319481809
197042714
980439223
434723115
424302347
112085372
912899959
530127303
759566413
495433980
571206609
532116240
613533587
733277264
659487805
397390043
595014256
373948711
41155331
214927075
828089828
365225826
852546501
584730020
659344797
409675465
63789055
154437997
533579897
261463927
359380157
165343733
213297551
361038367
397499641
809985923
127414408
640782032
850680662
330464207
500995741
138223857
177782175
434312913
376650781
504769443
244203308
984835992
666076404
5647130
828154040
434993175
170702360
133927335
403984910
854104266
806517530
813725757
590992346
594780537
346479182
236346159
370829187
169520029
72197333
327178968
658948396
327542956
510535946
591246872
801954089
66970775
386938116
596107806
527552019
29928575
155388294
716640620
342688177
885510815
123254566
951989918
519943098
921751285
540047643
478467501
451929673
642541985
6443822
220804220
580590907
117888624
505930040
459699662
922490495
179921003
736555904
840891586
461865016
571846287
34682487
974445531
490679508
294586248
199263029
160170693
615577539
620296937
92578310
755290015
660550657
154962785
411766371
392431929
887955967
313407923
275549010
384390131
208015347
352597982
644934163
95966466
781626618
606505861
869654501
300705601
228405649
60148506
66865995
600070632
935415338
145788293
263235380
541347216
220578283
885036741
299436336
443494773
305088572
55949478
485818328
629941637
362782485
731779952
231280099
632415706
956305322
979251465
794970301
289372930
314841524
898551227
173900110
157486343
626175168
825904840
645813318
718469045
814082298
784509571
757834772
24226388
417040958
382459958
21738942
972929290
428595650
651139514
168615849
457759023
649151667
67310349
911859025
352196149
992436067
394999003
563365995
884709352
303534555
376297266
145048701
688394098
72105138
878016207
316096729
239550918
246384627
658809934
346917090
382735994
795095194
946395486
261579090
577359838
807574047
525037479
794417401
112777099
567696956
841538860
808332662
122868692
918756163
209693289
330672968
981341464
461459384
343980164
430358009
826110812
58641085
575701369
302221682
387847598
82546419
135508902
998565268
422960765
786066635
608791286
695771678
75768660
129759210
299091434
61526856
453070213
431360921
906396902
606853096
224652218
576742296
151252350
61391554
124355142
996263787
492219690
796110014
541959527
397590539
44089702
414214392
980646807
52493042
465959216
724173477
45170076
882803591
22553344
764586937
666113210
235884406
392618836
669428869
174007035
984845233
160590695
24056419
274674739
896441679
87871690
461255284
665730976
489297304
687009050
460546450
647122976
223537677
527589961
508566337
419598435
100222692
764318748
603967586
421064612
944654102
734344959
33933683
550538280
207019570
797998516
28258403
231877115
408529322
785621172
824730030
908672450
711639275
672021086
447595182
866390971
503511291
700639886
52407516
920552288
60488296
466136140
642810473
458349448
15338412
480942632
233856868
599100939
907813273
340219843
535377077
402552371
656240391
74683976
125310371
48200367
486567344
493618068
642398181
486542720
425552898
258357924
760430547
714338836
652361897
256045255
916923104
498114974
238970904
328409059
668786369
861546572
454751317
373236611
410421983
69794724
222538508
243616366
660252822
99410938
996086357
55973799
514532675
364579273
284384579
13124241
333365458
367621787
324526758
982533461
628437191
335324501
121768574
245549470
523103898
141248243
28483584
239188327
564149919
738126882
504317260
156096342
221542354
756052085
453826635
385088064
530932075
943852953
939804803
614802844
785870797
644422928
678533837
815703326
729084553
739082417
308169897
545417266
475041417
305756805
152471399
6576373
711897877
170543257
129878410
265352392
312415898
517894414
45695229
88569216
366291064
389789823
617617766
671766055
22879537
547279264
920589745
83725651
827584891
265896939
447238534
694066590
386969445
6095027
927023643
990394458
498979408
974661925
645329332
59209542
548574619
191060323
502072977
145226623
412601363
687278256
745987970
1676167
459596736
754845599
939275886
861260416
938584797
673798289
755402351
943913255
877331241
879743174
263698146
491917548
816961175
129426174
458852939
569040527
848984997
866041367
453193129
225667900
415773245
632778707
944112636
766021300
186572123
334567910
327139108
210764127
460384187
306955973
489425357
12412964
434738925
182163592
261550916
582624898
182394312
666824584
901442181
280247663
527871331
339724355
124494048
888524807
140719480
574951629
311952721
235002363
130556791
898358836
485802029
623312859
176203641
67902372
482971914
222648220
863067052
63225500
211906728
228916362
616266610
359636521
456913560
203448383
312789134
372571758
222851886
246889620
572763439
429494150
248488582
212475590
607715692
445107485
770749671
15310641
392669903
33314598
423138195
455856365
228515184
170823971
968876006
70021124
214978232
169769995
451125410
628205196
671546010
993096506
56816005
109470239
409237999
950671253
318450228
643280931
826385294
126023876
914518251
386832606
41526777
443581011
904969792
87301323
678140320
759363788
495572670
336261611
534887391
514555620
518949600
91353275
696414006
823430115
125162665
689156420
25232935
639222825
259351562
596060165
560440788
169511069
858240675
83796741
901560975
462636955
124586320
57451054
109139304
539867980
328019731
788741928
671089936
973175623
389625092
596431514
375885359
595500262
413161764
463056243
254140880
910734805
925510534
893782328
126010652
979418369
739503332
694124112
636480116
896810079
143501323
731348313
837049476
527239711
179836845
682730376
789141685
416603387
93413042
524064508
499607817
959284694
448473649
397977316
708834348
872284281
693613422
518121971
126811263
737892827
264274076
141079142
898497361
270031737
178581925
592340992
875307101
974888468
190197888
357599695
516981049
390695509
446979134
784390151
124240748
600162614
488764642
237571171
305741415
711955143
307263186
748338003
547430821
896906946
803473664
397586847
517576079
301789253
845401544
948339320
270598404
696295310
302926927
564791385
239771873
897613437
411698707
569369506
864473814
228360293
284804658
50047296
366080423
920945662
250428935
57102484
321445515
153290538
614638446
968290905
449327253
540557460
20980406
528696891
368374465
185523379
224723217
58593999
832237421
76709033
475245104
211483939
149695033
218966514
726468399
536746507
101270026
894441966
251171263
531624697
198747438
575025012
143428976
319974146
503809150
606096102
964854680
943898915
529564446
133646680
577856978
949862628
220862355
206162744
345587576
439055088
990455966
768978743
445823984
318649742
229586284
50163632
253176885
149787946
551722785
372550630
733892840
861534914
368962479
163494320
497455949
511862146
290537545
237631878
935767886
816031846
372575791
425567179
235725474
568463522
699778888
933774245
519918422
315351255
498566067
317012442
537679713
602528034
823911238
921337894
330649825
78040105
12890922
260356173
729926566
422638958
868385993
271781012
682585839
217532105
951862350
987561319
333980559
643580827
470220941
237566741
963185027
199425634
943553518
959051706
484773494
292267316
279893424
382247465
497693563
642965195
990690322
702564123
932713504
884879530
786201981
471726640
680526070
839941862
361642323
676674646
402532884
728017701
819474476
333931933
590388937
928197358
47865818
680108119
18104537
582553884
885470596
997247449
978423891
159907988
909423331
811533509
276829551
968215472
391637703
348763882
848403903
125029332
377917560
943343287
325805054
895276984
24516377
358739794
191805107
312275942
474687705
495290741
310848377
506912880
89747608
151582543
814742828
582869083
331487683
685801165
187894208
215664535
688199501
572731580
914999790
714789329
65929933
837668690
262357457
984525603
838134715
522348173
856199388
11233869
26901289
116591263
902289102
308577188
144658131
952124751
754993261
453680247
223228977
965555227
90221536
519012171
358582642
725144986
144064857
531729714
249392442
136544365
23719283
418218883
573511283
270320723
287772178
260555312
32909478
791203917
423635857
306981661
237766836
725052656
292706822
102498875
279515491
906892645
45547783
25944912
281794399
440388832
342621509
598205674
579381882
408042301
692071620
756297243
796728863
888172612
905898900
586233165
310178257
268848922
622646288
60943982
256939765
961183623
17211988
838863487
85551306
279827847
556472378
763036812
925616075
67825634
584309982
841813402
268330381
848415530
946102708
287455497
805783133
323175598
222076854
251752866
487717048
58143436
57176859
963020803
284880140
570819465
952677371
395325993
590493382
469547833
497936632
339302121
659760153
255408212
815386908
21737526
66335390
624394152
522780256
755012363
731787617
186137221
180058170
575575392
580199
848774601
278612168
497071139
737551554
375816559
167661400
425860645
993140486
587683236
862279068
321826524
14780665
922965288
260153155
894560657
39358524
828970048
80261730
426505415
416205384
487962707
198074671
192794989
694856055
567955531
787078709
807612497
211429191
603608273
812465617
498901818
919123064
874401251
352309034
95808775
488770897
861833222
253113152
702675287
225220433
548259992
734045536
259371869
915334912
960918051
730395444
179272193
585082878
560308475
8540411
735449047
648414529
463814947
217969836
949034548
660128397
668096112
901416765
735996063
58852123
842799751
51655599
297461830
279806077
830998837
503608948
99656325
60638973
675198066
907992934
911576610
204883388
474738849
50280612
776431767
661743034
448467124
464313981
231443971
155598583
314502213
669235506
710469600
276425118
195176048
489329748
298702574
953892261
180364224
507047459
209291303
793183881
258944690
224905883
574458186
688593922
606562062
693061666
502491329
833591900
819369980
804061210
449582427
574750445
375355810
755262667
786947567
669501971
902713666
10806046
665220835
501566542
380960849
123559743
2594813
561391579
993167501
141762175
930760334
884637641
488396274
737027338
232662684
964522402
432726080
77658727
435823526
71365152
417295305
862858210
139392822
130786026
50055034
70623462
30571745
635629382
741785870
786970891
427991327
473578406
89803671
533581710
801422145
906403336
274937743
248579850
776772380
661718904
332976982
431789183
79499596
684333031
547825251
288874812
166596698
829577309
154616632
733919466
682043838
448376853
391306392
64780490
325696199
255866352
585189185
607019544
482542792
820625945
36306050
919738219
317464736
895569267
124391458
565697359
249065166
506891337
168821596
631177772
537266453
420152310
757657492
959829319
1442850
169216690
562672540
392288495
160668570
519391343
814194151
795176369
951474944
279616024
347717123
981961897
662310579
728350411
606145467
182824044
108072003
281817124
860375447
355255139
612187659
27231946
453992731
245481339
233292682
476764282
649980022
274422760
455784108
604662822
224062761
68666098
424992988
560002556
54334216
240868272
798201327
924647594
302072528
765808213
98073529
113533824
75410152
151115401
765468362
674746936
437589702
723026294
764865796
84545861
455740384
278249749
142987680
680491741
3409639
404997764
71185700
753617186
372228984
135209132
908690390
988126236
77812756
983572083
81793047
137982727
524193346
631161400
79790427
611824556
51652800
868656115
697950492
134574345
176314550
115744378
144847515
834169262
890587311
22776216
395762228
214327569
918070564
81192250
369788060
147245821
705819654
500823266
893682359
636999695
279845308
937909921
376575405
591437984
406439995
622400215
828400129
464853659
865807491
936350428
980039620
827834294
753278857
290584368
501086968
16135091
707412979
757291601
447743690
469403524
338224900
41241739
723477244
695874479
107847499
463260854
156817041
710503241
654482029
92402819
213099400
992181444
564642833
799729704
713847074
17426137
715691404
783981840
653542610
399616423
338868274
286975121
902482903
424129293
603101751
73562098
191839056
374650802
484950494
140873294
927097275
940050556
807438347
94865294
381775139
961881985
718052902
440132562
710655252
416770933
147751539
708288326
820613715
502232994
935751254
593730592
591442402
799584720
158966587
784915097
851808356
441685140
937018042
89383592
319179434
748487907
819724486
410547192
151723461
950400072
619227793
205326926
976643061
983365189
785905666
157092784
783592298
524397091
719660254
323572743
563524730
438189841
397317566
803516868
30649542
242563221
564308823
983104144
67824974
591798926
38414118
776297650
151986615
381600379
222460023
799682032
550771449
184483140
92289872
693668166
547353622
809771795
719838671
457691417
483984538
500705903
608792357
656297316
485154363
69241971
190809211
354968602
793352869
416658740
281465572
179213474
573081365
32977947
859706331
808292942
8139180
933813624
942367098
788821204
129523094
210973257
624578635
152688650
622572282
548641049
628797233
946040718
831280018
721408565
416266606
958076343
380024863
936464009
67949427
914699301
923729303
876330864
800347417
282781222
501651585
983355811
512197796
688343659
812300772
676749033
765668913
598610746
512590269
604568408
843811118
449663734
80971785
814904477
407416645
518521192
881877790
581559527
591710867
898989640
947461572
807095828
947814865
343416836
598593717
546524292
230962386
324547757
668356275
499952417
364124078
180836199
375380102
310803658
204231223
233773989
715879530
639448600
673326488
363172413
196758464
791377021
814986452
747517633
129972884
119561539
426403116
942508925
515638881
486708071
878051777
821587640
411604331
283767697
624703315
298609652
945826421
561886693
18899594
6955345
706796378
490801492
340754312
587867067
614736518
943381867
338344570
11084737
589772303
400535851
395583046
988124260
18235380
989703641
944848698
149275806
495272307
708126513
325222927
49088983
52183384
253897416
689297838
652328842
730263946
665356668
620370731
914125409
296073631
568980104
776259292
232807372
180577887
425095448
992817417
641547005
618726055
124371697
627382616
791211436
835498774
267262230
287270847
478768478
88485093
733110903
787135353
449121868
250872680
566734819
468134560
113301362
793368034
158357341
258120199
67089169
760145459
952549433
274641716
159248732
855025109
560048351
411737115
673937588
806498748
928272713
821979356
441293541
383806103
226784540
670161181
465737513
408464039
238662769
489052567
653794299
964747135
387534889
695089081
304025452
101259673
65393536
296954124
354378192
596512237
659807484
475684751
616185919
80189460
804411364
976396824
180913438
733178916
441945965
623335363
680745603
418981476
685825887
64900052
496837025
756681397
281817368
836394599
389728049
787939009
739666834
845574356
17198103
126369817
397456330
941250266
907571478
24346561
251924621
429914430
316846966
206648560
496896260
459851957
228859764
207120501
43530017
884646678
383167788
232246661
726666253
858840798
383765078
691714900
582721316
752645017
635472931
751087839
836436089
543576877
888961334
958502418
683435045
448129907
739145109
37738895
464261602
425919371
810929958
391167103
548294982
124965945
504123020
64200455
434803276
281129209
915954309
433779812
806676116
793239532
839545767
85028097
628211491
540644168
342116203
57616089
418845616
840653396
302398846
665693206
974279807
961699193
158095459
430568996
856743358
983980697
389881157
599945444
872613540
622264708
462794637
78999608
402485438
532290008
222735957
115368916
3455888
127650282
141656779
325193427
369692797
456567041
697544459
890578177
54179018
989910653
703969974
671971667
289167037
902872440
555346999
985437494
339964291
91953397
829116028
567027492
76588163
863416247
776908443
140496260
692228253
432605228
62152756
179390681
630275402
802083165
438424153
9513309
657277147
488334442
705591625
62105281
921606415
968953603
306732572
202708293
72469384
426740797
997771200
458468478
997222528
981960937
209783513
602273466
359573857
390487688
117845824
751498789
729179340
394728972
656089459
743720136
450679619
812569497
35521698
818275012
303842190
543454222
22829542
44228914
253187038
723313559
525598316
101235812
332662659
68770185
412747501
919093225
909556452
148485240
809597540
261532988
644515048
243555198
479282948
791437666
257930544
646163920
234142490
970072015
843531484
796625140
830275754
930716611
595071230
398808505
144622414
22881222
529722318
56707516
917588300
355593111
386164493
519207635
300121696
144005598
907331752
11600677
96494864
243451629
204947226
928844373
819035871
713083670
535970465
6653778
589923310
615226737
590786796
56554023
632155052
934556716
13739669
653815964
807795247
351340428
913539877
822503305
835225336
713090250
947845787
395239948
396835052
36583348
815855022
850503596
802180820
611253259
763080074
491324758
455729736
991885534
276082797
715644617
971363634
317805056
108229667
582797992
336345643
942413210
657595641
90054398
990948931
122752987
173832604
83276625
985026550
923067286
852436920
677179959
807447180
905987769
463703567
524288511
140749728
892793419
741745724
895456566
436637767
616122916
354398139
515623308
589085181
635208118
388147367
798511410
346996050
920108269
427351328
842416630
489028752
832897081
685882465
924417511
472337458
393219884
586078158
446864927
900202756
210687185
377297897
800347375
643869357
273992458
812088357
380248625
580666209
791695529
283018552
607406573
493709918
346274464
613679667
850599372
921965104
633300868
684858074
903860891
501591341
501033106
242254005
737261504
137868172
127600934
477207654
959556082
686341312
132785953
752240373
595812067
93084351
973983742
594018576
898360029
988645127
924299314
76740915
313805084
811983537
271868915
889474389
160144736
619685331
415231085
434057839
7776466
442543360
663186602
516252927
387527955
59220419
166564641
566302790
645491607
853984213
185122613
71796480
879642426
408616271
571811887
935595690
504058520
315188676
269676868
555481047
24793109
880721010
960148905
438223065
149713935
236658057
849485503
987654537
644479756
601926002
939709527
72679711
220129247
806348392
725221213
148504564
966311112
6239785
363519390
932915490
204235346
299013153
494622990
928948425
738794744
353603765
739201864
388478598
370884954
748448419
966332381
47671290
559093138
180062317
406350722
913748867
186758380
483856253
552602458
50448815
268731333
132610939
928935155
832350510
831721830
694567916
462412357
841935561
817364734
480179009
801778588
206293780
147744415
210414470
254232916
830768749
436042937
684851561
371399303
677267959
399393249
944832986
912686263
78641680
317856274
196121942
805854251
714757221
930399875
597552723
732013543
543348302
644226157
880206529
509396697
159026218
556270647
935248578
923109263
812810769
990382112
888070198
297165631
405137129
371674774
616183785
22407421
676600346
140887859
732693814
988588187
658902651
613857579
681453602
184299942
255848838
188279817
84313514
622358268
478855673
702234209
880402190
399713472
425301130
9159843
492274912
69031589
281981785
975486955
775603305
68618081
967476432
71199720
23614388
663453786
685382765
105439311
84878510
917350222
819396537
436691773
482590202
232854988
452081946
228838494
956454191
979612669
445319408
159633584
636698782
619378714
813790764
942958181
490408066
485550283
656945574
528767592
944934783
868602815
969420906
452908307
971104513
465034254
266887238
824693360
872236648
321990667
730065039
996546740
713306692
551157136
497517100
722117761
929408049
515883517
613126887
420448341
35772662
301084345
608243402
912860128
838673396
213093213
258567506
671528244
540464327
543032759
353517009
958108256
463344906
934202503
795682456
636165246
416115966
980806597
65778646
961907130
83953265
637128587
813427588
592357219
665820562
442630353
756281275
566252046
724764618
464828806
815141552
729461820
414542090
908674433
686958977
825663191
431487423
502810276
701233252
356805409
33530997
574148933
164490718
877611873
911866943
380920051
469290847
974839216
336180650
414249986
149989649
635263006
497271216
622477328
910364618
2416652
266926581
281361488
353442410
86499635
209666679
956681813
724051231
912356483
750330165
876613491
484825120
63463994
90281112
1775401
29348794
259864710
149871632
762945529
19786196
381239824
423521362
142760226
253416505
536729993
769259052
124080594
558264320
279262812
357504678
270499170
848451473
409838479
213865948
697412823
542139806
867209493
945509242
708814530
743017006
65877918
940763864
662487441
361746753
946960771
285548116
396561394
497674787
416989271
968079383
292039546
771368646
671670470
982002871
967978244
581668093
965259653
758408538
78998714
424422590
823350798
551997739
79774633
666748577
397978325
591514146
950041187
741482187
249593013
811305378
428794141
483705746
585947997
419761795
345216918
250319763
667824635
55398478
314497797
187680649
117593941
353717972
223728184
414165634
546708921
781053562
554690871
803354480
111953389
12171289
534800793
648035392
474784222
230244497
50179389
146089045
765079922
415495935
929283393
137143998
271651325
239603286
723361076
978493004
356125066
579873539
368816338
674876702
509201062
899671882
312888621
714221954
893322355
68875823
257312566
355349435
525152465
772739413
194122551
410409781
819197614
194109326
142705190
906615214
213269546
919306360
783231629
107844412
271504451
33944978
241814788
680931770
281376643
267305653
535278688
637648748
16543525
586307839
703180473
141914993
159034162
252497048
261290164
892210843
129324916
431808033
872492208
474776557
881083043
799893183
542402635
664891820
132098764
664503024
375645317
65762267
326311856
699200880
629831091
981314601
315804800
571568806
120576777
943004275
809229236
642158243
727543444
324679838
879762181
46930429
954364872
327082979
130761588
940666212
688080098
877868644
208254788
485734405
507904229
901991617
36664530
796117912
698237138
162005461
719727693
328673133
272477337
250111676
108420816
396324699
910849688
917124101
951977337
233134580
555554062
549542327
73259639
997817283
474344277
975905220
230473564
721657676
854772764
464194246
4846243
321319728
721542005
176318540
208395355
589618328
29601345
275913415
5763659
903900672
193007242
683811366
648843508
887419859
120507217
697977898
502868471
67401094
711142765
178781978
902528892
185888214
374223590
360594409
995820495
811064386
208680192
673801312
524002636
731452365
110235804
347401104
217097517
273175591
40391709
685196182
471533050
356685459
273466715
141045475
652137628
120539060
956674400
304730636
852914708
251423349
207968317
296273425
591717136
40916020
777988092
480793647
997883928
960392541
943417037
659707928
243165689
269430623
962002627
789491690
129746918
114820728
209015009
654053233
873385972
391397068
290685476
622138361
469337641
493629875
995029799
355422628
12334264
672692857
240834895
652132222
624870347
941170107
171876385
678295478
794141210
141770577
658932357
301743736
126599693
731146403
777000682
951170643
470248712
953606146
642158998
600266116
904909073
746924092
774495700
666905321
16823235
773005700
285223537
696508799
650820016
540733038
359271117
465019331
130007053
628453021
222333997
702657376
395267147
341773636
968691259
794637615
664297799
733649210
594458583
480278083
348585410
990378295
812551268
47168645
975642383
156930351
153167783
73946027
214933654
245905603
192986364
45647043
270640965
849781420
430366990
717793179
143692400
463686675
268063674
566251523
284285363
716338424
239894941
350059563
834136764
681274595
218894000
92337664
539124900
508102696
719898361
969531733
589746423
352938826
685460397
358604348
444641624
688995386
398120990
897128861
578103650
126792917
686420279
105973829
591766411
389152616
754665677
926942479
366445530
353155644
94934339
730083879
987130875
200249224
128757018
312730682
334299052
336980982
950597040
185802908
168530118
556335895
540513714
506579231
570633298
787441567
742033497
524570990
235778517
129634177
436826022
535761662
852273742
328384357
747483437
80176013
627184732
705370979
996872697
408578358
822188538
221646599
977942060
622390660
64110816
174979241
285036677
897079220
791415837
452240679
618187087
358850761
228432284
39112820
355207102
430451739
345912555
610963602
724531214
727084297
447307449
983452233
991788978
941635362
429543745
795965496
886895080
867265486
655754261
449275619
307546944
800907386
261913283
434422627
928796208
291694767
819686689
540108142
886430285
736675630
325714177
575473358
689965672
195946527
106089333
183703249
535625748
266699318
931623632
74011860
676520311
417302902
931908936
722889437
24996617
709948129
785307018
504425582
603007757
550675051
843578895
241269725
983056518
874400678
408961626
862803249
977143585
41229384
344696369
399380999
993383018
968919467
570946811
788507736
704106015
555692264
295564004
309495682
247528419
234746999
946845705
976976647
359634091
507216821
634608418
530193027
710352246
644648484
477317615
787292222
694701754
408932500
210983830
331223038
877554323
978424656
899735793
675921317
767971720
221228048
774272853
437804042
918076506
540785355
35236754
206399328
666035737
595622130
392067424
604507821
504537690
242795478
878413394
541305894
321993674
687258013
353052863
756761818
495577817
4992218
995076373
819972751
787705867
33748529
655182304
674006849
512204057
869904088
731908292
221191406
897963899
152891429
201484694
956256409
306043677
364178420
771703571
683394017
921016965
569599504
72113918
512850677
90671952
640101220
502140450
478855843
804857737
192321615
746985580
68186097
655488405
943883895
809048373
80457848
957088598
606914180
893897381
491332656
186967614
354817701
665768146
642132721
990622152
70424884
677394332
536380964
68702262
307750730
251507572
974220358
499843274
669595051
353368317
499455235
739618654
22583022
921085843
379959131
932528337
981421814
618322532
477319195
130339629
926169224
507035186
657463717
359745063
721174655
158309521
963995109
604450182
432716023
816515581
685647630
628681300
371373363
949056425
604048346
833504617
637628649
624695968
50433792
627380043
896532888
495749111
935850481
576308551
880453190
2603855
665574964
195511679
501097749
623129883
755446045
259938725
664186378
559362013
270356079
756847661
462970422
904090334
717533102
770488307
422859278
282354777
991746824
30258332
851012535
975538455
735287114
652434214
353349840
898081582
50396067
246024579
542859232
868716214
72665389
823329085
859018776
864291739
913366963
542521311
854024793
630918781
45447409
388549865
148559682
602162048
66263085
282286645
105333400
622079086
722383723
637839434
68051652
275504316
730927997
377995916
354164136
542604640
221218485
485894705
460969809
575129640
37263390
697060320
626783379
683896621
922329042
125697604
809364643
868336128
382672075
211140451
394521818
664229146
519582050
649972700
576332738
664074059
15649738
618302767
334832106
881226581
671338970
228656647
269225010
937674441
881741027
141098096
481745966
72088078
706462982
485954641
625636391
549412674
342089996
483957196
747527296
266003626
566911840
754981263
159421299
180514495
173006327
844766211
668133931
880279158
233363416
365147107
996560635
900297114
729356511
635553259
881510578
365046889
39015247
840822495
205227866
147107667
19933150
47827128
749521797
55090722
340769778
887666959
592966806
580768704
833291774
569985918
995670286
424155218
478074489
920700318
189691442
947353327
515179122
325424162
407174164
409935174
331810154
739804213
576728303
205320053
471238041
142601790
296419558
385453150
904250550
91811438
754917413
127593622
938835998
309829760
168823099
280328106
965316629
686375968
521491367
796858759
290701577
54371581
801362918
73727482
594071633
963551654
266071793
160440651
489423607
998841300
425537807
933370155
252002604
761313201
118097219
883987427
525752920
285375102
531098244
590259040
143534111
118097246
896931989
741925961
959511926
544895463
765327838
251162091
735571005
189987931
33574463
102214213
39459845
432063987
150190462
329600928
500898748
175845256
153113357
519892026
960197514
713393362
266260685
274776136
188358958
674995964
553538052
21229381
431967696
182150322
962578056
272288360
425178702
287216116
398660263
579089419
973557942
876298484
826277909
399674287
58224446
163971661
425324206
1357094
824471693
235233202
659073973
207337522
912804186
413615343
361309178
361593442
507302948
34697960
301603825
219736899
561902956
602509296
465713111
988111062
275469813
650246908
622935795
934137647
13931102
858174440
890605490
585076289
836312900
366246257
220440177
984768068
293372473
98002265
999299072
544951564
989659656
967174326
663487213
50571146
503301490
826129405
851915504
195722372
927616254
448850192
67579813
226772828
926394076
716514305
935780373
154719532
277027722
767717376
730695241
852545398
299697970
785417106
56364357
963820564
436718192
632778772
702800449
307636002
514333585
410349523
899899112
898252594
721647736
572988520
515182077
114240539
630655780
509507225
661044844
796183510
523270581
936868489
39050938
840778478
572249149
579795215
916543890
734968322
664712456
149065431
597195913
359143574
330865802
856176135
120345014
190473448
83560157
923265077
145568889
247523991
175553530
454671757
673858352
610554674
57579415
596126494
273665929
286889334
939583312
595711190
809656673
841027406
125368046
890779113
521601002
106482351
901695381
137224690
86564917
928688849
685714728
289132699
940998602
548217693
614380605
81906463
955099451
684303980
519993336
672219072
787853490
808269006
758813839
784381110
721797940
710279666
238775173
243320269
992192361
289755742
6839764
214032454
523718861
57423603
906742884
271233620
842775902
211765460
268273777
639913506
449040992
65811201
716455449
815525257
594031887
460003826
623921452
654907382
469310377
414760782
478992104
902408403
342359650
573661879
266175070
203784720
548882723
822416211
622563277
700250150
843198379
684086291
730384778
467258939
980411865
399198245
577350851
202323807
353573452
474930521
101740257
823522747
26920129
442060216
648441977
824829299
584147616
17934001
131598349
284031765
138001582
716281089
865077561
562826332
160738510
563501504
769313939
47784133
88316035
803043456
542706850
678778955
279076260
662641178
512808671
228807613
328457015
74683060
33363945
872216565
707507599
725837626
924792055
698982129
612386267
456692261
965051169
487153601
530793441
766959933
783767361
86812495
393116722
470220114
234833526
145836632
208776667
962396521
855972201
801925272
624073897
417691661
567205319
714642245
444166553
267463703
938154959
103202186
858776126
357590204
464834156
473202079
516096791
785234440
778338446
762863671
700516265
218165266
10749210
747779441
643791064
841015580
653746870
602909946
857858187
891543577
412137366
192327359
705076029
759837852
593652401
472448799
241523032
252694992
4714495
487716546
609661709
546558029
581748653
818577466
983499511
892349516
959280757
36050421
827848452
203574986
264345295
761026032
544287848
458485272
98584687
464174678
497578393
277426101
803545808
464156943
892124731
525442228
519085169
263844564
711800233
405792668
851054814
127706357
833530076
178280846
151255706
434593012
147012344
458324515
809979902
200397437
720976025
649126542
400740641
637456359
942338671
855268519
404442635
523502572
819481832
894132555
946221878
517248526
988641338
527044276
685319667
195969590
603722769
377331010
218695013
23095869
802204915
431574734
80164507
211187347
467410879
7246644
970077628
26189668
528868032
814848191
596815154
753527738
577032651
513153211
654708636
16876346
363279341
637045567
767343041
235506398
360230741
850788963
909927906
71966878
207771050
492395564
158339597
582423890
610811924
337949815
296071073
62352056
144420821
46249054
281314093
690338030
548575027
889858917
791881421
659584661
418781759
988716716
573248733
375453616
339044763
683026954
140496395
948331051
496909517
42191042
128164790
296941312
226859652
642850760
684666446
385545461
610598007
666958658
689169370
66385448
438161915
54145780
192458583
142864767
791894364
271851471
653611347
314051084
23654067
894981633
884252510
667000511
233563438
772435924
567706881
562653227
633123545
974950818
14073213
829141353
746231394
619138958
90554142
578283218
221629290
533702944
789317860
649196743
973512763
425187117
872663853
150739532
813104459
794191729
13047827
8498396
447228697
874246704
757360153
870643982
74478847
830652562
992883976
34442974
912158341
40366061
274469302
772260266
599721683
274511994
101411327
102302019
405548964
689118024
751215153
891106273
584578364
363121487
98885559
132643079
251290142
53463614
240372598
544082302
551518235
913860245
128059199
683769460
766001894
460209568
64253102
793848033
569572451
252527909
610100779
684738317
121155126
8722138
761416316
39369157
731777231
490917444
467573595
63061783
909604675
534854275
65282600
510190915
280486762
872160188
867404932
144008936
612934212
862888442
757609731
299281852
404580764
544531257
306161850
618717296
335528859
108406772
434910682
919749150
269330068
640994831
461166964
482125246
672857366
543877677
582314343
120546376
779969656
142398268
936113345
684510958
536199211
826823972
820973433
566068471
389345728
475115853
122854452
844731583
982144040
756258179
752911585
649584960
858807630
716276311
120320261
99266617
655664826
780137790
458244259
421479633
45087618
947227062
945190086
511089694
412459067
743234205
747991778
531126903
889382525
208488502
814773955
186245598
141471812
929532660
799141038
674343482
738676489
502994327
495518948
834334611
764144285
70596925
311470162
806250186
559653828
305061630
295657373
70839895
851373355
19718093
895022552
742028779
5447853
938195120
498073271
207469339
503239801
138619821
777835062
153687695
591654988
381135907
199853102
324362811
848115268
112049835
368585181
849755788
240735284
761894401
539703191
586958891
778310510
352300337
903306668
210060456
681938383
772063896
621094099
421567285
155191784
235372068
56214062
596060777
33143851
800186198
523451145
688152846
751648857
2069925
90719746
645442077
45070400
330817270
92963398
566575012
498055544
94993347
790571326
486072253
543128761
609569332
394892788
802594861
789481600
922446800
209689316
864193190
739875753
489102307
590963491
985725239
697883663
525087805
860547415
732321159
330237052
83295196
818205498
575259218
283619947
755348219
468804707
990366168
469667735
492958226
26070553
268564629
914395268
419095920
674208469
118531686
981706922
86085893
612097216
554760943
770661369
64359586
175466564
718424852
140411656
720792158
684145634
644255108
824713926
603499397
477380294
506835916
339408206
846212377
35825031
952938104
309400892
277412866
391815469
890493615
735401155
917445000
82822328
874276832
251822273
469331445
302063739
316155300
379470985
994513438
104424822
187108409
457505546
772791767
40484041
700312499
977404735
181500026
686518765
210060706
977030447
237112512
156209110
54772717
907713956
379379681
709092668
10764156
503585219
318378094
741229901
711419944
140260942
323223614
701625522
771489248
788204115
966761748
73824412
502863764
664354886
227098627
152244491
698364389
478227016
269257040
134571846
236125687
459375025
999408895
59800271
323571587
580065323
543135524
739355528
263009647
110925698
196548062
484140472
816447307
251698330
659714310
340953957
235474695
716870237
466333348
18756087
926069528
975973981
502914180
934020405
954310465
686332136
749160441
560529263
756812854
414499370
408447089
385834102
864122230
832105486
273836299
72388880
217099267
416413928
613582773
746095207
89505117
745504187
723116908
756687855
592235230
463495113
453213890
801783118
916784673
616940061
594047642
38124009
705628739
903306576
513439853
259654784
502326279
94705196
707658889
976655279
501213859
583981016
974394556
122930820
3057820
582890096
237719547
160113646
70312929
334144015
956764715
675492370
972337931
925817938
882734872
774133466
722633720
763748519
250091719
794011831
691837905
140801640
65614241
723170256
361644937
50633013
158012738
455714325
799453674
23334010
264274847
401312984
151596232
144472651
803134010
646446993
890577908
78249223
63711484
266919552
233121680
193501442
880010084
843173464
583488469
812908820
424417645
434744277
446856960
922879021
334098707
188856702
688349179
858578375
690308313
381733455
629937121
334477974
963237732
483180278
667693986
245199021
740005660
598578630
718097172
530667224
770624580
53130887
609463054
33685850
486177359
192047036
658299564
837978073
665748966
322163910
880662062
726145592
512533046
919409668
201535574
477646124
980320711
669820271
253264497
545786478
782353332
732944168
83408336
796784007
274307005
608904308
320477792
80648173
611002625
195539676
122160827
899491617
739827255
412345321
808011095
549211453
823097357
217367507
414560923
564225061
124753415
936077088
549276870
5835462
408688930
953464690
461084293
438845454
206354232
77467282
305454296
878518610
127784964
68444424
462011433
973424089
344077377
291815066
350905936
829028976
950211060
37215760
592310788
126669738
153682677
204881644
307353473
280239204
269381803
626954638
427621052
264477989
849518952
342145827
252507410
804397614
144299320
104348054
875069771
476055657
972610604
362275535
423885025
40981112
659589471
971119202
273667643
515476203
511808506
374067793
625649974
493493462
457839284
435468492
767634061
223677531
488462029
738946343
318782282
628985438
618826038
136878276
982573653
563606079
603910709
951457112
321558333
252841832
136223808
613498026
659671233
426103494
713156541
213211967
934773934
866126656
716409945
68677482
938539634
340432187
257498592
189392461
453437710
140249014
641267337
713372940
318703449
328342565
614683911
664664669
852128881
925777814
252591590
697680107
634334198
656061926
446120633
228665404
716898500
123428726
77940190
249677894
207769776
586879055
299111707
451287888
402001399
859988949
546073993
331796022
100186908
384689057
741894501
178069691
884747414
957177909
683349220
290054462
524852250
987527981
878107692
755411080
81572767
458498677
661141297
411606710
379714234
755641556
969882483
865554253
541813925
415895796
405193514
985908688
925414580
508552623
872742087
433212582
453330663
870075899
559934576
71988806
113270329
972206664
668436614
386262480
169806180
600122605
95083932
825786901
94610838
840977426
451058054
264206313
617300136
664863897
327132209
174403336
764692194
768449021
772008692
401858148
442850186
985181114
390203246
263343033
534545238
880944560
662787114
783908256
635180777
831604277
506424018
319717750
380127079
727338748
135711291
765637584
968219033
535771465
511360197
681749301
86002021
280404304
732589172
369867449
928182018
370059426
282706211
31481886
2057132
46178143
530370030
74937988
39013462
355554068
391444908
726484884
233222105
564403488
697524113
68299280
795477901
550612000
875614470
221518374
257045186
52455106
243767853
949984757
36062397
772264005
123240829
335897565
111144517
332880135
14365055
519365596
731657335
373851277
576590233
573296653
279548376
306395600
466992444
505598114
84797769
995846290
484906127
471192435
708719327
589229315
886978439
168175198
989440548
910106824
413536341
129390344
63735569
403527464
616333441
270326104
475115111
285524477
99117167
735061710
319409617
937877396
318950255
171167885
725636792
158605423
750044553
137844674
223464227
931275900
664054003
840316588
888216668
376634500
994004365
935979012
388676026
45644848
446102378
739834314
888248601
757600944
359873078
604805874
850634863
95552308
84414868
425972467
80712964
665692494
616505583
278143868
440523573
409462862
501987442
329793250
327287600
122564279
865543474
214280745
135655199
279914486
604528234
637070130
401601494
244067891
211835638
876820791
302113434
140896225
522657560
375406356
309756271
963318131
889679436
571357168
174693752
301542299
83022131
344965856
465785358
619206160
770407279
311650711
800696405
894995905
447182857
601193477
734912658
310860077
25986631
361291030
735395656
653489829
572752006
227558847
380975269
783166332
442469408
102117201
309861183
821123230
490741168
286989838
714884550
517390695
274774427
197800220
166284702
455783574
535155663
101973422
69552607
596074817
330340600
756174177
782908798
162380235
436553398
514920508
889309999
523796918
41697353
347191479
674707533
958780670
640599371
562101881
950546626
739802060
543400505
156703778
472887497
741070905
317008473
451909057
962026537
50490763
102732514
378508132
602080275
389209486
421639444
549733292
986321400
663885624
150503681
909332974
361440129
476751524
993659059
630957548
844713251
470321556
400941097
554700245
513381560
567003417
66957656
142810246
962064391
477063430
108507836
881335436
828692566
735230175
167158113
966730713
619319472
14668718
958379640
319087298
298233639
316348617
173593471
11987164
183634799
933526986
398250164
718910224
17053599
170193220
21394553
210903365
812789937
257336295
99183032
513679463
929050082
442753732
201513289
961765617
914362428
517111880
769267208
109951635
811115614
191694654
437124103
836488065
94168348
399921563
339001781
741469571
529065026
197860802
525792593
203388847
35607869
468122582
448385826
734533131
869345521
616792427
609259449
680804331
801583850
157607809
616859610
211736695
178012803
699824128
36256306
111884011
904014570
223561073
58101948
786468617
880724702
40407648
433391070
364835019
877727759
797500471
910675747
166456665
218518690
18948080
971506471
845858636
843847303
593274020
854634293
903643042
275411459
838372052
711895559
299099093
400800582
8595439
981919080
494841254
915437652
335213064
653505266
653131306
163768924
701787075
39053066
381383894
602199444
41076944
343568071
929929522
107632352
84197773
220816328
155394625
492217673
565387275
845060016
990485683
908784600
941293307
550823875
872593750
569562818
705465756
508469455
902028985
632884235
236925260
959508199
597076350
779103064
416215992
819603860
657558051
709464153
413081818
691676432
907244387
94132671
287173079
509464700
215545521
269693498
740725744
765337208
711522391
904920670
235328520
323734486
182386486
350722166
368415098
247059922
303634524
746632717
329079018
261018531
389060428
623270447
328609748
399521159
384069560
825022751
175752337
543888690
174362052
395559722
953196507
721606714
685805357
994241620
588981415
794114784
421159796
76842135
393247540
560185421
550921613
812280582
593485817
876808584
748584641
267939622
759949556
672810872
566296935
841366337
195118909
171339525
23196836
168785443
429279915
502221538
343396565
618160041
858545307
743126578
49870445
118045893
290378978
883698362
184586687
728882210
905225386
440719650
792668831
770125043
287118846
967607420
600155215
525530586
538486346
198747815
512411621
447096041
382933205
322858237
849726251
580986645
917106807
907488203
635046553
674281537
205471943
461596924
155116883
228362410
777474489
548902486
414670223
217133713
142218394
769750046
587387568
471327798
510913006
172583547
659685685
384592915
215099714
480942803
511116629
756716084
594820740
879549729
186449802
816502265
939726885
955573070
30377848
516163104
164558167
167781068
956262003
195399956
167484518
682668945
360096462
35755178
600321240
755591297
368323717
895143776
201157296
264803767
995874345
336152582
982276251
849222105
565740887
612262198
650272935
503500093
873307648
456661437
238361059
307043090
35415139
95479528
238983887
770963757
146506502
590211562
820492625
110268377
428575754
626719148
959536466
90567927
665430650
381131308
539146201
96247791
80222881
273370171
198732533
628694025
769327502
986609788
556146000
863085800
240551075
792975485
43978969
212076799
757876448
364192188
702538494
202002070
789177149
113494542
523858826
658811297
98614154
288751232
17694293
463801569
808963298
911083685
262857036
806974069
55434376
608639280
31159721
61373437
51002699
460462540
365136542
113737204
786133662
690662329
945564022
331351210
364921993
695156821
825795819
257920902
63982499
295812564
435970618
647451243
798495449
178474803
577727649
282685574
22036260
110398376
682523465
680071715
949757558
698333414
143208219
651285036
375337804
556423551
924047416
214246175
29020118
77142373
301878572
943655360
167947733
955157146
878880810
73771786
214109048
402898605
134320091
809834615
559897940
964495286
696113504
56976171
48626026
556116403
571480015
430573668
121724228
666416384
942787709
528052110
239460341
927307112
129841541
592319930
367668583
670150833
961250946
824778435
497493182
702036180
7790542
177336910
562780884
78187211
449327891
503174501
587630105
903202118
486024000
907130864
822126225
485646243
294026759
747530366
833978032
407570584
996988137
979453087
486986120
982750124
406078898
570299993
852493110
783635336
852848387
378984732
505164702
630640861
462824075
170650234
583496494
474206011
738525485
976640937
249068054
117383446
903727360
914333040
246765014
63873714
896385008
702246885
793595912
80681675
961963071
483700575
49967098
431443807
898568247
772561678
363488383
487456894
499908338
580130614
446729468
664390622
416282625
673882378
223908293
510152252
337758289
134703304
38338180
841612439
635364081
136874418
552349724
603455377
277822140
232069413
614349669
68517381
191172119
579605663
522177229
810381057
653622539
973458704
920743841
497487708
123941884
593821379
108952781
469935132
669866991
445783225
266133106
105481250
672302805
353071264
294417842
843927465
803106673
983567973
282055621
880826576
13461747
509056973
237289083
546172624
800386358
968019640
512105744
762222455
748529713
610374669
615293422
458389085
578630930
225398270
33355024
510445172
515885530
340921272
846742667
146969628
562502227
979434951
560397684
350163607
319310919
879782562
199626553
669790134
627436356
823280896
183742776
492505265
988210826
378921821
35679789
182902890
946342700
923188855
602629241
254308710
826834800
548510468
936574036
704197169
66112312
26728799
473618292
196134002
331426408
986394671
70414945
600473776
773349655
362797379
395660316
88959392
937752139
812981212
908831610
803754564
146324205
502284989
322993834
189312186
719295586
616512360
516760006
551869718
254532694
115621378
716953148
925275892
206494613
134609819
804030349
258747571
859405588
893211821
725413654
363139478
392625859
886200744
226408483
431631676
371011933
656071876
989338309
717345289
831079433
753524399
645144613
460753199
669363914
474241449
896684582
35156429
69181691
836873452
939684553
18912491
545227301
176267221
596338797
633493249
422341226
398899444
24140212
9839576
512254578
380332273
708470406
2391410
466566637
481603556
676953973
787300512
562583174
727740840
678077632
428409481
534745286
2989549
918651979
936289905
513800621
259216372
13197204
610908151
817949707
742260656
447652218
874835026
66830819
280093464
466174157
180665030
309123450
267570589
185980752
611671999
245866744
33351498
891368322
596622819
772895265
37992177
992886833
15399526
232870458
176597168
346105325
485262985
792714521
599321157
186998970
94411346
382155598
803788350
691526235
705011146
382849115
47170547
18398107
451500354
283287007
187504236
663558825
974030032
113467147
847345097
351283377
892790283
600898129
869729243
386689986
54517265
468585171
299203719
57316061
205889815
858432212
934882532
839602908
693652272
28959688
352783810
724439734
920767350
293379383
22578635
336894134
775930782
132227898
193298558
383970578
947052864
898504819
233748059
712022534
277219983
904893246
341308948
871473024
462452952
179739082
467769858
402590329
743035519
661241909
793325470
306013333
659837110
785374643
863026415
961592939
322130226
977779059
512308899
661835123
270014278
366201434
578254533
441947177
172215851
462454323
497357720
936182314
595208451
179716610
125150585
666759787
832100661
754761909
6574220
768813031
624508663
737791320
872236465
459548380
589929336
501783118
979443024
536397482
573606258
608249580
802136964
234163618
408677932
63786097
986546850
690989874
82385442
865519192
858988537
721830069
72057362
46837708
236359218
483425909
85877543
322802612
515431339
848922383
748050176
405729286
961790102
386045561
71732541
145348347
654246512
512065176
138022982
150877718
950016404
150269363
301934201
485392496
911778766
487476721
966740323
200223073
79696693
128248200
571110251
473157878
606110762
638989468
169781016
872392796
731942531
278574144
794754357
89475792
190223184
558206368
594256674
493495445
741968431
216217192
637823312
906231293
400240779
443480000
877527313
587700429
896456673
503915471
532687237
514176826
457370003
86099395
711909859
630040918
943628630
573246283
783704501
717794823
38658312
560024292
518062947
332234569
260861156
968668223
303227781
709320622
577662708
153937256
301006791
629271577
279865115
786060512
724157951
836234391
291405235
229467885
736381792
927925872
844070179
499175823
239840422
593778479
377877283
121120796
144749572
873827628
354632947
970720482
872331043
230785211
983302813
618594262
595499505
511859469
817363679
366808848
46721275
513407324
614136465
917403158
67614689
455051466
867649396
635282946
170017478
770431074
815886242
256403155
366103603
985047836
117365828
821949024
675886536
329697035
491455729
329493323
409022772
178623374
714595512
577432325
178972363
376586929
397005875
885532056
490401583
480888297
990990452
698220956
286599977
103791028
509509272
899534992
260580648
352277746
888291655
982674051
301025100
312580189
741433058
724941187
672150919
530989384
574318070
698731789
528204144
958498777
149247660
687152026
252555207
791316954
595478580
257760408
748332359
132303537
120527991
46062718
323637896
962447096
798087937
6492941
262579643
86254198
21718576
696676297
338734264
820055258
141745333
417066957
33379451
413770297
939500372
334296611
371055742
644499623
573634061
610854822
344691383
666025926
94444388
446462486
41685342
610534112
656531954
253873689
276374310
989341271
712576110
392455540
86586744
451622238
723164537
195033808
824924456
514340350
978888869
978511087
395634625
502328759
549726717
103403260
768591298
860998915
676311587
713803652
923265967
803831811
358760201
25438595
939047576
500690491
20820965
792630818
355647446
797978121
460818644
488200108
773771650
943216739
805400032
361168176
768304497
738271462
892774415
28652428
526031841
585887802
419044179
263276779
375182259
860346012
768633637
463940793
622635035
632202270
620887040
671273532
786767636
80943958
324808413
897013494
522395336
53987369
279817494
384782123
319059699
346393576
551191133
153538331
818329102
832214484
547335402
338141666
286755778
783140685
717094632
447434762
645061479
612362820
568580669
34315363
163729398
524686473
805199921
74837334
722882166
320706451
410666578
717882241
590708231
605355260
570928073
289450786
626773966
587525718
307497823
208624956
234227069
993081315
779668179
831031564
439918892
549325852
616782854
419297977
957265001
322732546
521268356
643202938
781973076
507895694
917986066
153380363
594688308
897014274
795302225
301463610
540352023
711579451
860847391
719581844
30485355
776913972
557257163
737997326
445853663
287498828
939506518
966053205
852615139
86442341
390035103
26229137
467807273
869141209
926669208
981295738
77311889
502424650
439812671
852178559
533824535
591381646
301936137
39741122
553771808
551774096
414153395
973372663
313477436
509287132
83718126
293165867
188182895
103210266
655122739
194803813
609096505
709556794
719960935
85557546
945643376
287989878
742061515
950903238
297158760
42757114
969321862
286409672
172265113
692779552
50138238
487273983
637006532
136562926
354492152
539551425
564802038
889495230
335650742
857467808
245257731
276073327
327315453
882280885
293005267
199492816
989825558
741310921
281704559
684331037
93396818
672360853
982329796
429664542
311236458
827659804
573359308
772861406
820977027
549801671
187358110
924891160
715422480
965534200
681801440
909797442
478914799
669850263
198770525
370062550
608500364
942298112
532582982
980412568
946847982
900678136
624505538
925487364
620044516
971018248
301865564
413598326
682419581
805626978
521040070
945408641
264696449
456468756
741482718
847171526
97762865
375373427
303461768
513897203
247743871
476314046
58645624
49196567
221852044
26803166
206989641
286770829
379892073
808205890
971556726
194232884
744703281
341750608
109703351
383407966
755420752
766730069
199532829
796656724
230474748
23977673
528208551
41446861
503460348
431086160
468061762
856840394
485499947
561051741
626327325
589638428
496677902
879623621
15002353
790912513
347578707
118895681
117911186
212374217
21341920
906743501
125935924
730776285
996023924
994894963
863913581
113468839
939548813
565077584
385780719
234586697
770805633
511450048
144557255
982212492
872420229
42747588
76892343
714556988
492651939
931566738
478806944
910638727
750951825
117017988
226399801
171342346
989263558
872616198
645688831
808114971
58869042
942918332
934033775
953767026
784073257
334700896
937775497
610843825
952478479
908452370
291476149
847900195
723813405
937620602
609343910
673708829
802414383
793595218
641768169
402215592
53996139
327311311
392381574
462930722
679760114
552956788
431061030
771525158
774216495
612420275
85386357
950065138
80388816
307633881
954383454
319685617
423973474
551898894
465238030
294284356
920890798
213204858
774927769
226866125
940536231
350466722
154833283
801412608
398039089
79180342
876618043
98937214
170959164
399235422
981243261
947874597
677127449
492730561
366846908
866095484
969291089
579493561
47563886
54941592
149095165
540005009
752690919
967407170
195201363
751872530
731026672
887411773
718624379
696643934
56053868
926762933
381184336
797656418
637087263
516217448
489125052
698744588
113513001
448165207
638097101
584226020
392056129
140462737
709523946
849624580
41481584
444010383
926422779
603881560
507316810
85002453
982215789
150400104
596776203
613864052
584660360
199488523
437205456
219300061
681875301
953764654
330686890
691130128
191222519
399104063
814194225
686985879
116335522
878062043
745273579
670833779
749881663
706446578
885842546
730908893
933770660
763497783
955828754
885434616
696831037
629140920
743289249
526946198
655131520
717927469
178262105
430283734
58266580
88499172
913830489
526644018
531412689
191286443
955885419
86055616
343367029
537410160
663335632
954827447
957053957
94878638
679320519
91167248
379096489
148408240
659160687
551312977
686721028
770375409
980338126
347635846
660219374
141327734
720640707
318346376
878084701
761704951
964190033
733859028
456808249
765565852
702765205
600776892
736942962
587466574
555308310
265058761
549895992
219269532
232052998
796479005
191115279
808581784
263768439
910597661
966564138
776639530
641697425
966758361
779179221
353356351
618977827
37557101
855881003
565728047
502644050
783370771
6612338
76436705
123307654
686876263
303686998
698730734
868742868
940128197
693010026
690368022
606211005
550536890
488040546
725406147
796087775
559400390
85304317
966737370
913714178
35153591
725363039
933327725
716266128
943857808
592518609
158750142
995533982
736475446
920391598
369461695
935407694
398311560
85957709
556282731
126354127
934846665
223536489
256918396
865362794
544144377
69416311
554990830
629909060
429596114
463979491
541629014
243390163
38672712
839369386
198426082
523163777
564827156
226389800
170543323
743853689
31466237
138383887
644361887
95069085
185454942
57027343
735239142
688360916
813249647
593394488
391061932
264390584
528106600
877025213
881258452
852411179
781745947
722407754
925514831
506525303
711556684
602352094
571795445
120542247
338119277
516512959
611984449
53090676
384568843
993249793
9215427
700645330
221227407
402153662
357377430
650443249
371421615
43603750
142072914
149945230
892441959
340928258
678092701
283170710
291638901
197923148
234825895
28012563
983960717
356128650
316444849
969592910
174890096
826997699
807448282
610039073
210592301
612073369
854800054
281308191
838871802
678565735
631496070
872944520
869953481
428957480
865584181
550666998
296855160
635096482
61376615
621030993
290157118
419207840
253939513
254086915
234019775
50220552
88034932
989064468
212156552
103121625
83617030
80581872
77166217
724308898
16910566
168516525
381404838
860077780
321536071
295903610
389560
303245435
758812655
780344077
592537990
149500651
197862495
658451503
592597441
645564732
626262381
847284589
332784368
861500375
306919261
360931190
550573367
874303994
893850840
891770530
525223640
143260596
460892508
508490823
68612705
360971011
41156618
266773667
278359396
84068093
981214554
743284545
531574376
714338272
445030434
754162077
25796424
584321438
639353650
270273407
707546231
88762147
366925835
385113494
635316575
343949074
363487464
785333968
756588236
679930414
911255546
503266419
416765481
246782556
556649018
866430410
543810930
889148500
362884071
588325957
20297364
876230904
915052356
248711811
280681103
974819690
208471561
498697378
656664587
48500241
984472414
412987090
636667169
154889305
430140336
193736214
758604240
619715648
205450252
113330549
231397823
934659289
817765491
747171422
119943377
579036925
396834073
913998429
499051048
769328582
172855894
281788934
472537521
390671874
741110268
805899449
348238918
694456614
173153200
526262699
652797088
445117104
103155325
43161520
453804668
431373090
689083716
230475317
283756128
752404116
808606623
269079682
294395589
122878611
96112771
849040909
977862255
239493565
335078827
734752073
27638264
542214255
640983174
461827995
270843543
246255444
849274122
583430343
391191810
459539335
368784084
546691023
154749590
341250930
908366053
73493822
410558738
565670184
103493737
592294264
940155581
197729534
722345121
69631376
801997122
709379656
957570193
540951890
724082744
619969351
688166354
160323284
526464494
844674168
16996446
825668386
868325251
642004492
130420653
308617634
106763106
109711706
793207562
287810743
499801496
565438866
724788309
240493770
745235152
354377074
494203962
840066644
437493531
796768525
720568354
820931426
735565629
234326481
168378624
214454987
595055670
815347558
884744461
130885719
311333172
11965456
256400440
204721541
609864881
910964528
98557042
993585732
23970155
405939816
693672537
747514041
621450629
906102018
64882155
947311333
846135260
310722548
184790954
758472241
479400894
626212308
716351455
901572376
640565490
148802107
537111462
281224485
369407979
667593796
604460288
344172628
391634336
570168025
858758090
930378469
740971864
188010202
745034558
401675690
904483847
857631962
287799355
288256698
763283228
553676716
38064156
875594611
547407725
962148817
825495754
792494365
718070635
626319758
830751742
593856956
143738959
45427773
759750250
856868975
337304288
97261423
611372267
50027097
307288829
259063785
975049030
73050592
971284798
702677512
735807686
853647545
863295506
546585277
728256783
669457710
165634250
800186118
512696858
417643215
526858243
562913237
500627972
920872500
610410775
5594017
845994683
823410080
331743923
984684857
595086873
272886318
310779775
787594217
210082475
938403310
670183836
544158779
166333962
653922977
270659008
976315134
114540806
993926634
187264679
494156989
440966015
33362136
760413105
983199924
813632181
240006820
994202170
370363654
980432791
759279269
574266015
164407891
807503672
837430855
692303086
239916428
833884251
559712564
58489326
974827740
634825910
84464567
333747750
702507881
446202613
778489494
868629913
678179226
446386041
482003043
78864793
812904794
790991521
698284167
177225512
363452266
420457932
545511346
787128925
141825877
310063706
280101930
583230560
485724972
235638992
649078150
548069588
609330128
573197651
398580999
94615212
232102120
213392081
364987069
553840205
22257296
690089903
397831563
634083523
755715188
551577407
381417790
479069251
231316383
739765491
417540097
353775438
22654556
730920290
361773179
816343476
295084928
759550181
305448644
737370027
584084025
542996648
475210577
775220621
19845281
768788964
441189407
132507815
401729201
953509241
959326805
847884110
641234469
172416007
616457610
711007467
249087634
710301818
233751477
264770031
631449141
874245605
603764871
259980962
547832785
63539129
332000321
512373634
29798728
934554628
743694853
12681322
73862971
375142431
843574782
529495055
550748742
535972368
636691841
929978790
320592773
622275508
501635259
612073568
672549431
376826731
85507134
628637236
443538863
867584948
783241252
883394677
338094722
820800064
951352791
509306079
245891015
202251325
557619813
146854896
715962399
310255433
197583344
100575184
391498983
318117453
359556723
796565069
479107153
498249841
381203909
458418492
873986890
218793914
809611018
382985202
771071703
670358594
229136101
761746909
662989518
764715950
151104595
288957130
725318473
57353376
228826345
960582
22791580
163032544
818351879
970069430
89612399
90995136
238718728
903463917
711919644
363132162
79865116
792237352
691623928
353877678
209301031
119545633
636145622
677121748
637744227
174191653
552869628
846312672
589388833
916494868
737939442
255204091
387725344
50114774
994667254
751144681
470158329
344351049
495136809
194352967
937473196
350066721
895299261
248569220
221273391
289456974
102296735
89111628
407624138
633485699
289225092
798394494
616861832
812571551
496328219
602201675
933114169
166377221
52420248
827370049
93928748
347836506
765905587
935960080
249305863
799588274
962914068
330724321
98369213
855527494
711100004
559757207
290132849
268143039
54804298
473136330
786704747
60975676
366249034
776506701
606604300
630572199
737447137
719637369
845186002
401111058
472449116
994457920
703096441
941881874
372368719
858903972
220025881
467314183
668531314
424448816
404272253
627383510
907803921
724785042
436158911
693988369
275720375
121126094
467853549
781407231
388681806
307873346
466951611
612359448
315233232
683999010
855628182
731347786
830158752
879355523
705508241
136820343
194883585
548349607
941065721
847513450
264347404
474399512
799507114
528473682
701210531
755564766
81784359
912419061
923393703
344602722
469875899
815702991
411834489
756447610
47653933
275567687
722797021
785018535
125337719
593554499
243483666
740246644
655153199
589030661
174344799
250834835
266767548
223317622
849133671
568656495
406102128
925298621
806768470
604535907
688208082
445430133
525414520
838950891
423661134
158851601
218168434
158196821
255391566
732795549
11168121
174176994
603378566
334284433
788367564
101014969
720520506
315677641
711723433
499918480
605382851
321278289
858885439
850022388
711406289
164044820
564194894
738038274
493993418
143666484
564908542
825316831
445717756
596079384
264817762
711386876
632493153
743011282
609576094
851315825
184358723
739681376
778034974
697087003
226787944
693996135
375202900
421214268
388019149
527983942
681594010
592872428
937283662
825308293
156522788
526243070
592359122
142876082
963103611
855804889
817460142
420835564
924479643
615536967
119746055
631443396
267290040
680930689
117320750
319970045
840036457
103112972
288399728
827626169
934462729
961038999
106796513
886750776
218116614
380153920
346693865
259828704
159534304
582491896
25435229
173740546
705565439
723209872
610683561
542939071
399667504
419639458
149931408
778475493
344925974
68179701
820668782
913866243
288962530
911972956
844120150
852519713
301180384
260485159
356806667
351294667
839078053
931127882
421640997
400787839
935100507
540398099
534900621
925349014
424208737
622598765
243487601
807404193
257405078
445200481
799249448
462834698
919048364
173337517
96969730
961096316
589517421
475732066
791930162
151613278
527409251
646427427
724728903
380345098
104774508
159323015
693016084
679108219
638145864
808298347
577743990
172758269
153177001
370726862
103036812
36443418
168493751
357757876
937391699
350410308
940756550
168903068
670709972
596894191
949919022
407238146
226495367
253414077
630740466
919833275
789551897
580289881
505048145
202112762
385391054
569279514
569589380
710399837
889426517
322304860
712787055
590269627
890660656
147949063
362578555
504686850
58074297
988626235
354094151
380673048
320662695
59122290
937246058
148349749
661113892
513360317
821890666
127604510
694796687
749016542
473974683
864453921
272019425
77028224
801404297
722997514
499395557
876107896
656687338
914042696
846443137
886815473
596443440
183795234
83875266
163715733
10827547
295287723
414065384
547767481
999745358
598792436
205669400
778714932
194896219
325817631
609946140
267290631
482448852
742145174
786649362
121096094
256839217
799203305
194874442
180061379
373017812
838272167
508593894
498116706
587763874
861710810
108354771
6254754
904001559
56658417
671690903
524370552
659663773
518818708
402760631
422193082
549872047
210620774
246952069
22442737
517541267
478084232
648213969
452478669
35586869
142800127
754630730
834506414
625378198
879082420
423293234
729025043
868397698
532524747
281848891
450152066
966716750
856099570
641078709
509487674
804226277
548732640
161090943
780250722
764300458
631855685
165522110
924522246
127594356
468170487
698395652
361945878
528114564
143354808
579468129
599731368
665292022
547258608
567703392
501849136
999682353
739343450
774946084
923428751
637861210
716762370
579966173
553501379
862750371
664150641
518795040
16376478
739248406
226827758
376507517
248246694
189290395
31695295
663376821
2932501
294012542
256245620
268256220
273790760
20833871
705678553
392842328
63616624
582271904
876000920
438732927
730109122
469853354
679824136
269756625
752173409
587120591
683110457
92600687
451337221
623580882
521348615
601193055
433671212
331098275
711402422
988567328
102790969
243384101
326621962
444438397
593675352
201052562
36398613
213854895
862473423
413816550
372567107
175378661
149708849
329925635
879776865
117237131
898213116
568464173
888666758
788634894
334948926
757239959
96773052
627370373
751803036
379200689
906150677
233550885
415212768
666825907
702074897
71038761
910158025
968828496
509416581
468249191
281107803
765127492
445298911
537562493
907464327
223778336
658910451
204429251
313098256
257624970
882642603
228291310
918473938
60356537
474719740
425195928
214082000
32295407
192383356
680987891
306071773
233766540
695436262
743833435
506137063
395842784
367401554
887145454
788913730
521462146
437376373
176896152
63485523
448474362
396100479
797439522
62981597
777011050
111034742
853164175
499968594
775419926
207991203
459186238
366618854
975276661
374311675
659883756
829694543
771276513
533863438
253408812
563960309
313137518
551164233
743830969
297531103
53583347
732396701
685665479
726719762
750744306
625696635
781186008
296392809
292568845
548653432
664731602
575269208
974040670
86170096
401650160
832471136
196822290
935945620
8482241
242269902
437694411
609586278
383124878
178778974
724788279
669007676
833306075
374078118
684952184
309786134
29876534
97790119
116978620
261121982
152972162
562099907
59062638
772897366
265681758
649163598
117167704
394251965
137720885
909263646
723558813
705122739
589239380
655378611
726663897
313745651
755182081
698906101
10343962
798854476
169097318
226126400
972511583
684706948
940565976
538919831
617718667
479812795
479662352
21848851
777226677
118292339
902975511
983338798
167446894
679213542
38841378
843362891
751996942
206199529
29699353
408405389
74589603
478708515
375145070
619891086
600161444
500118261
882854121
257420675
339435904
218383754
249559918
31427424
472707177
582847042
953138706
449021096
285961193
281329754
487044072
855301406
659285132
34484927
130172120
560110725
307279944
901575870
535411501
68544099
825881254
674098558
145845438
94276437
780999269
643370530
419497108
517148060
33580492
566158167
678754015
300611172
614449786
634343906
509959090
369074359
111799852
94218307
264918529
807541860
371231039
686824627
744923673
148762849
736660716
474100514
87305486
725123016
437690418
635803502
296191113
819551256
990421161
711829971
825569279
913180992
797176462
564621911
347605890
474848727
3097179
782501078
179998416
495510469
704210760
812959323
3634226
158102735
614746170
536960614
399259061
780975198
703220337
394882941
227317716
95770143
850609604
891821878
522163051
31700791
114669912
797367298
418637313
623292798
812273888
802582458
313513397
489862514
59682657
169546996
987228193
687347483
608647484
588323551
338383557
1085704
119493616
737258229
615982118
319763396
76471076
683490167
26362359
207632561
571239214
656010792
458192049
312460709
697225900
480784645
607033431
411487466
717795230
555969085
286154898
540577942
580905753
943843776
405731628
79977276
546603404
113482551
501851922
881008188
222228167
132510635
539505046
636384856
492357145
179417007
662937925
196911044
227313096
454796527
569040903
699013098
840235670
42679547
990249101
42136399
191297386
921514490
792349721
732983275
648053017
516450060
538313145
730592504
801795034
964522766
836832093
187399540
986233372
142649386
560390203
433545365
181078462
268462721
475556546
266496349
886752433
723187438
519637328
983999120
86064641
400625097
520644837
612965058
397047985
658338670
861911676
214119069
15944597
939685415
761371789
677390909
54573531
318147003
97506327
604270076
237676263
236663746
8091714
555662181
920275102
614469076
676647189
564610588
543268141
89205805
873760751
29530682
220549218
262667116
504265514
20369769
121446936
55034982
844138390
678796615
201639226
197141394
7715282
89271096
749569277
553614523
884336654
164678791
291766562
98610375
477018526
990481894
265567228
80674697
152418207
246740252
475142153
806292585
816894957
144875184
297848549
88022418
931424823
154542001
72433668
414712442
112598955
588078282
524065397
847657381
680759180
33223877
966582914
266220212
632273034
649801302
184023828
352772374
293753387
368268010
804789561
135684876
803535305
905765311
270496881
128002995
491331902
546413412
883798004
373981924
94342006
586423744
825187064
550981380
561479928
125473464
404982655
395152071
219658107
962719840
762938043
51868349
906340535
729623860
871035992
406310277
814258074
916476383
170207072
751343493
218616454
802533369
787772468
908167953
803459643
955560119
307671668
867762854
387601702
41933632
203706697
108017940
299321117
96169382
389141506
433093734
202498238
376063501
236425663
824922884
26231205
352912872
375123942
41359757
893482053
873434653
80587668
588673138
200942530
950259280
630301607
416076877
512062367
37777015
243000706
735358153
85974331
704094076
728670330
37469165
425769420
591941731
786664775
146208405
461714484
845638056
354915662
31092487
489971181
193140694
840288674
694836726
668662312
514717644
182753764
763384218
943623263
840492735
609268524
525449176
734187305
698962017
301709946
145892295
574645979
384530393
333436153
1054723
433801232
626999618
936516145
377513533
757470118
485092737
36775973
91368809
541206501
979911837
389368005
599295410
223756787
748086492
606864335
994884580
213164311
236391270
340094319
991583623
633377283
686353809
567178623
807111127
882104081
565012943
77104814
417142922
498073970
587010479
739518361
383230694
573425824
420562980
112945509
356816572
854723032
133344492
289245940
229042812
56550011
372259203
990910819
102917074
681127377
622390860
401311240
857701654
279268269
81544821
327840360
821335718
481064170
237930308
334446193
87636404
729369389
534273679
872237116
312878340
66260972
285166925
282876394
664611121
229908507
673295755
953922830
879900452
779723579
645019165
310494398
26380282
350239814
567429909
627349053
975247508
80680137
627457644
643212907
431622816
798516149
95735001
880884411
796424209
7492729
51815202
854392294
773466410
421862365
683835132
647534105
191024842
650009959
900768415
29666835
388809348
517403988
249132915
856118660
602670335
479495519
810091954
447114930
577163327
968516011
737437020
942673989
47876765
476047420
90646453
349057554
38637906
150130631
668416098
967057591
37494711
196402299
270216995
50697237
147599670
656999797
477828673
451813007
858357590
774261453
394487613
887076959
230668838
202657577
343327864
224791051
328209004
380241179
367527375
581047840
287804347
214696222
440019103
225978999
575430919
808126631
351049487
690420968
868991217
824549907
623425790
958372004
622534196
309352408
399900921
682894600
39706107
766208495
875721546
151796054
764050343
219390201
13602378
442264201
141963976
400318290
700754752
212439761
430230786
755212380
357451013
618876172
130181329
127410146
374991187
986322538
74315420
289459460
976809171
800762573
383864337
384971581
985716844
278947617
202723400
293222079
262161074
735078048
574564071
686091241
321503157
316203940
979967447
924836769
587494119
266615600
255993721
892342226
329432072
682822258
751011285
344614178
139476315
627765561
722576272
208139002
88016060
743545308
399097832
993879070
771675777
340487062
99805630
617962935
949665247
611688402
482330554
977266117
825398310
708440759
68928230
995839182
94928268
324683349
589353255
285720393
435534011
279049827
52514681
582569455
930000966
905590982
101779236
391704191
612673168
936622837
149281142
795624449
94780662
886882752
480889024
342781916
77094192
419970057
437455211
812542059
847933627
238784360
733224728
210250231
241494718
61861332
18934406
788351979
339544492
121768995
735711619
888094278
518857247
596938316
593355934
353551024
708119329
912654966
724269104
531038673
261527495
380564932
518331629
201120145
198311357
51556702
902582558
568295690
184776846
5526861
618410375
167616432
250480890
656871104
561020732
11700219
509349809
730902387
834388843
373745403
810965926
920590606
382583192
25203202
973333259
738977246
296589297
363637803
809365968
338300531
45951398
493954882
567543676
408677192
767960426
291333762
453935315
995363599
453137635
408174923
916788289
366903392
947158026
990771064
298914781
551428614
428380267
829146005
192704185
810772191
595422075
539621957
459038640
978228568
96545359
839608808
744846831
635239115
944078007
687232998
96055812
102259363
864056745
230066867
258266332
382480382
522592171
875829230
421730864
103640460
556318509
111493397
638274704
80708591
138139316
68422602
772312256
472810216
452943526
920778527
904887670
275083705
460358646
723695918
910906139
539853501
180129150
917831862
295733032
55929694
279071351
439645255
155894523
190867726
511473329
242078790
187937203
920067512
196433193
789568861
139665633
190826000
195118013
58347428
684869231
963774692
787711796
438111091
460077874
648148487
889999521
480466444
39000287
452985567
412673576
259422706
499554045
439008155
61685746
390110424
184112700
494821170
936704403
94961918
887510287
372031759
880937516
682120374
546263816
48202292
203980936
116903288
863914831
355980006
468014819
314029887
26916825
691354877
978160630
874368976
689537112
490490419
480460585
131074249
970252789
868673147
735783213
841092611
617476841
777046140
871043236
401991923
130821925
721286240
397385087
235226710
272436432
501853330
52984667
14898557
740443301
990900625
952051263
113164506
236798355
274223700
705054537
153654680
851622701
35509176
377055145
650621984
395082516
726827571
974010983
530436917
224128618
164234200
875878232
832006517
264437669
994323947
835516810
58142247
380756729
310525207
275475219
108964854
68245010
272934398
336034819
78534712
740498452
947982139
622798429
63556942
48614503
581738012
432990494
331169725
660650706
238845718
611119154
524687036
67098022
190707486
189087552
777918249
557050583
416939572
468990138
488426357
903746142
428688863
182427777
407518255
495859274
758158292
626282695
706451604
372487959
636958949
192124060
708541896
416039017
794088785
261820227
908830484
22862885
867625693
204287467
700055468
670541645
703408824
677851883
619001
491428258
27339068
76905216
246525867
717643179
134996389
536627531
730810
284069470
734299505
485129664
375099490
96907257
606103358
991696164
750335603
625071866
199361395
634486645
674169688
168750537
545621955
39597751
916740987
166856094
552315811
837756772
970685847
153813037
860091811
83556178
3857262
254733699
660618503
952960640
323281103
674690299
962751119
852607081
726275088
831638561
140082329
936944263
362148527
55881407
308344095
28484213
627977903
434165912
863054878
687630760
50139397
908653195
626684705
859917499
82793354
263328922
919770387
680765877
187254866
599143472
703704626
955778654
74144315
786185140
659245067
210854151
667536032
48121390
458890631
616048931
598846539
149446914
699678566
834919302
728113654
297067295
18709608
967840382
361648543
832430217
439808662
834872989
71634086
855363658
680919365
614818026
842589858
383008293
789827824
811410419
619797683
632734893
374480899
538247941
18954738
801695119
171935572
411181744
621309454
464144530
144441167
10843555
655123231
918167297
891382616
918475309
480442466
423127761
538738482
36640056
251193813
523404455
106644463
824216209
160907932
63173114
461312864
663096697
15640718
33809613
761049366
817405050
376320714
154523712
290435685
63881986
742892290
539487795
871775361
95713117
89878390
417238609
687443279
672265405
904396331
248252582
908092418
432206975
827898046
838864206
39442076
925231506
399971258
1298633
161526423
61248072
115510363
995055685
211572920
424278905
359078693
397126389
595431537
496194334
577039761
410442116
906736946
398481254
194529810
51045973
87371447
306622827
240483288
312389201
480532336
763196696
944141633
334818458
662668523
403656805
57870984
994352984
89485248
920884940
526061600
287312851
719289912
818445859
225230540
381791234
140942842
643405319
49405530
357703418
922316199
836110627
963174746
932304610
270309543
511909375
586585585
820660176
712845307
519606711
123362394
26624122
33923282
631185021
127639090
334109721
113199992
314880089
946907605
587992713
633218771
265114778
497152506
46194188
931153095
688425820
471734232
243069367
742953036
952506175
961134500
946883159
916541576
68079122
168139636
35085627
292740648
803878578
533111565
453726502
243473543
868545682
501586699
786410023
969643875
360330058
749232320
223993682
303713655
638655724
481462685
165465678
864502415
258421436
501671245
780959670
101291503
835804510
421766225
175455850
346865774
673473442
906998619
743915718
700118195
116030836
124670866
392656305
391123263
952418923
85651951
860794118
432322686
946619028
21841107
214711360
323532277
87381643
402434088
116345658
336866584
246149852
749064875
50038126
931498563
502594548
530210596
127990903
169778891
161978711
421884173
447805749
558115209
190065741
502343079
925740155
597576478
236939624
853128317
237758030
917416892
593049481
407657832
380530249
362541983
155317470
575151789
266896392
311681111
512393141
572803859
454327736
722266652
481760721
88151264
322064669
4693715
419068701
210909798
19705743
975732719
673014457
131562546
152834978
27144076
855669782
125684309
290281642
664936560
275697751
492668477
17552732
467529349
64684009
486234892
689311701
339873956
709493415
552095435
137506400
670386360
18582551
939790609
670098387
372261592
165774932
885169193
762980320
653474903
210085493
629838653
978136358
923905616
212143935
767220191
260715871
31991247
331535004
792248209
390199812
512043665
999028446
878703564
279779095
866708613
242500839
873471929
204111911
834288287
141176627
857342056
767315128
710072054
371464453
675551294
772165139
843345207
434879964
678376611
683136066
247929878
473117273
629789854
528687366
566889694
998645843
877030504
863050755
986703304
443762113
342017546
75653664
985196550
356304916
903165135
211557196
726714419
504048220
698590578
872921497
896362226
323550822
303725092
657497206
469029831
41199211
133050159
969425493
596986980
144871125
443698431
348173132
240859376
705494117
81403160
400377455
298082026
130470504
776459728
729503228
183555757
472039690
697780065
580776530
179612660
905472699
180234784
382098584
374345300
601605983
736789485
833889408
503969691
797827440
81319194
630875535
296858105
370476592
145333853
632511430
777698324
676965854
255615011
525847515
782753699
976493968
943618514
480061097
12271179
589735851
968861996
827665149
525787790
720958847
940498049
750942896
956211337
600100365
957120120
880802234
816572186
678062152
518849898
355060954
482462565
846232327
813388402
174696707
882771692
244439153
75739656
504455812
775929814
486738242
157745735
633469477
681794815
133216089
922050496
860014739
990119821
176482400
323346847
620599934
417377455
123452634
659946545
398971370
478919645
40253209
693645503
699137235
562105157
382122254
804611686
309918880
271697728
785986146
114646632
588068427
663710806
56150971
881972260
543639920
885018487
702453568
781831081
377220503
194755789
570212628
985561311
956756697
520268056
439331203
896651960
249457726
993160105
375674412
153130633
922110315
707147497
409527995
717348976
945458631
270013459
944612743
515231821
484031364
174693916
71214428
140837136
406249924
355386439
553062339
320661355
13870066
98519188
539819922
539659961
402535008
944682841
585329434
517844989
235618112
669653917
237854727
441805165
717786406
394348964
596773284
68252119
697096171
40631917
537056818
973168450
853290728
724480779
321019108
991837764
237636294
878286747
150010351
83861469
403865326
548346977
689049340
87273137
483785114
802988879
810767335
470650683
876004857
917488817
897669414
52629231
707115041
974032030
871785095
704762664
564117804
695307109
747709926
868199762
474054256
129905193
385455115
970833551
610241986
501177024
255753802
697826146
503673593
394891430
115708529
36073619
414517735
479391162
563077618
250688827
266628047
20671113
438007689
103100174
405628407
125881917
955465388
771134424
347117509
196667417
85217550
911091978
364419088
234125949
70884846
274684140
181912543
878702561
617892469
587432369
91426294
37568858
818886303
445189944
56038058
201869817
100120859
149796669
258693579
899650387
763869529
192972676
967710688
595549938
98912293
743194187
791719881
932504708
755479700
368951348
575221723
441038095
955336531
195094656
658974563
975849217
766407158
297049270
494500510
572065392
17880885
713933202
850522955
944220594
461521873
37373994
911053110
494808137
764557646
453371906
360938483
790822439
783305600
504888250
387050623
403476796
98422404
405738704
470369381
380678538
16672013
237388923
380562102
602125546
945464317
164045890
847828714
483067939
289630229
215864712
882560999
962047566
750374370
898117793
241973633
294700374
190081177
447726247
667686851
140320710
584949546
298662621
143690337
45100081
681362138
677346929
963530402
977938248
710664455
320492879
63101655
612595051
301440241
59016264
476759306
691628982
389867515
112930936
95289388
202597985
97729582
103811644
553457015
927322900
662958977
591237284
900106289
412756835
172788978
179747299
388526787
311286519
948788197
591467548
36759094
766060265
883756455
168513508
224122883
411067375
987982630
351044074
236272597
910892291
831709022
985270434
413507541
439010018
834183130
87856936
262950562
351936723
992759778
696830397
32774365
750906935
421476666
575136537
243589980
934357430
625286811
752491776
80102542
908439018
321914186
398331308
297900797
275702082
523029202
82662163
255095526
819138383
650390470
243341393
32507310
287959303
677923528
477869760
559589309
169899689
532771571
982069439
242181754
235970814
623368821
571426802
558601138
942141329
498262721
677970435
349842823
815683320
870048849
914948800
808323512
515794629
851606690
973953813
596587722
881464070
744044805
644573470
487998720
117616348
92169045
618438201
130626090
648139860
831354009
727034805
817990357
139742760
996657399
774849861
32657540
992585926
763204358
353154669
478644553
839321079
657670465
19808678
925416869
481360022
357510272
37611854
1674207
270116437
861847797
675198285
170159253
290800815
110101483
223719601
532587959
688474422
896140186
777287335
176569870
624642576
430974110
467871962
616855246
445824978
490867953
99800835
660775067
832507515
776749557
702649166
45506182
5226972
592030978
720260061
879087479
728230511
567957228
171045306
647419915
224577600
911941959
836236224
565871666
22272285
104150627
437634007
864925931
680488374
87482080
183190893
216941791
529061524
616431549
196598447
708501866
505682429
762277724
92200896
605076440
185077985
638969558
453783991
687776383
167989635
88465822
198749292
242809181
990128797
295657581
235805616
778095312
869154903
635787014
410580240
672054717
433992689
995213412
47285335
774788192
320336933
209233285
360611839
679682093
309619556
331781588
531746891
85769110
204307698
910038793
648206566
105751652
557305322
963169342
578082492
330434744
562789532
440242576
485228993
483345026
869453201
616070666
666640376
384723920
801770393
697472278
876715320
281726080
920651612
18066002
172536506
816087954
763904200
657389132
886390091
864725648
471477010
994812698
896357786
754008014
33233418
86999973
839083364
231957318
722949985
546690369
225392131
419047552
3708375
810182407
533751184
722800973
114763900
133289566
228898218
616306474
930452888
77511761
360074248
644803904
998654762
847001243
105874068
925915609
548963735
118978231
835733688
987504766
567115599
539127695
704897535
944491257
982401506
722047735
253239456
123363713
12260898
542690676
612717767
539677509
912522292
805461572
58000009
243290345
479369764
943713971
236387199
684573016
873812789
179176781
668470407
624455299
762983669
786192604
957331717
580285748
354855137
458216324
664487482
661925193
834883678
134755678
489550643
396090059
625348724
425461327
632960305
509556544
562428974
3189072
559926878
230281492
914237147
150052656
534145757
943097066
722941725
505040426
898816995
195895768
343536435
661925729
811073512
449573590
268611952
266376862
574356888
686407354
510737835
764489299
600877654
966832331
147712686
37723358
521928043
825555807
504279542
462752567
143898566
494937497
402391182
862260339
613436597
937605379
446387464
819110495
657544602
199566223
635060862
939962288
240368613
506541273
319867328
912072552
271044632
157758757
571886728
485756115
932779483
150488768
190352456
282502912
567432834
258871488
361949407
805219269
582585200
320827195
186661182
914856381
55322439
676392802
383774086
314462414
632395685
745183245
467628336
620108710
250968400
447558466
740949116
648837179
603741499
370919902
245573821
997708954
572964043
41435339
953310022
510584373
736106149
494050612
466489548
7201861
982494529
905786185
342253664
764456430
24504190
353697128
2866460
505232055
917284503
337508504
768439370
110537163
851658444
862561174
740225316
808597040
172114367
899848245
185611116
560726333
818245396
384390992
736190182
376330612
540531234
80651861
538441931
35482246
350841749
444613026
111121397
54204426
683150112
101665267
59784577
651108401
377227778
711987301
467790309
380967397
313998878
391206073
157569172
920900371
392549923
851695715
165712164
48947154
896000625
320936298
324410495
544379236
288912439
787253541
54263377
774803471
244420184
764997653
91639337
590819344
103118504
527077890
489878554
863971640
616284395
500737038
498444198
340428288
427069644
597648607
761686236
373986440
436611861
221443901
850132196
831249356
630647106
888251483
642437325
472703247
390894266
180453073
103507226
219936547
892473393
906229385
296036962
740645470
390773797
657689847
978793177
724710402
430448794
181521661
376987509
802567504
224346415
215178898
379660355
165375748
560543108
282227332
910226233
523663623
634088551
733345211
703818761
739052125
921128099
489018967
740849853
569997949
475222581
336788902
760362551
604748225
595271807
230340154
386798798
625679854
619703973
300756521
368912610
604254227
914352903
516732306
349667171
355651054
706182109
69352080
85699933
419871137
451662596
949816353
913773149
107948410
707731231
208841252
636631183
778733141
366201828
725239854
288618465
869290701
586639500
651386995
531806758
779396859
393870884
110126493
104684405
601976326
341506325
474450424
240390327
838485777
170245576
770812179
704569272
440015403
992273172
312838327
139854728
216074299
808901504
978472373
569728022
480918106
966550796
658839565
358541246
444022417
812708373
501182117
156674877
21814145
575052122
39686072
733643896
130699378
731263488
521684324
4294597
921327302
253003487
563079761
144908008
182217465
911149552
179916861
662051834
325972890
50076012
272853028
599755026
248561514
663173911
114307090
559852591
582802441
169803574
401202715
991317161
110057553
38624553
503528993
562415369
303232294
770690817
966376439
222916478
167472736
672948002
356375683
385834337
243487325
123283446
992777043
644322773
949433338
972177935
821832361
944301073
881709276
60832410
401098218
173281673
97766966
530250208
718968727
12173907
500494782
972257198
594645240
421760647
410570688
70718067
823052893
657693189
748084999
304852393
457869095
260852597
932127909
303841536
664806590
837197144
821076255
486917348
906921692
507889831
68488759
855871891
71930514
782447242
179720320
620463351
724934261
758647679
889635209
751682192
385348729
796869820
365295847
903361721
182500097
485886957
480779228
691867592
302287006
347772104
774958257
329329962
839759627
673497242
383533610
150523699
467945953
434531041
936524741
777428039
11184035
414806028
559439523
316809561
903896764
448698261
701303051
977425041
631519894
103469194
526307443
73287071
228367372
129358476
671402663
846137528
779254289
741374766
939624805
498579822
506371639
309067763
318059384
273419280
652146641
88427246
892203087
105279591
557492773
459403246
7661567
104454016
472400462
472886777
608560242
343706829
687673154
473162069
370791136
26902406
